ARCH: wormhole_b0, CHIP_FREQ[MHz]: 1000
PCIe slot, core_x, core_y, RISC processor type, timer_id, time[cycles since reset], data, run host ID, trace id, trace id counter, zone name, type, source line, source file, meta data
3,1,1,BRISC,61457,11017522886706,0,1027,,,BRISC-FW,ZONE_START,412,/home/ekaterina_kuzmina1/tenstorrent/.venv/lib/python3.10/site-packages/ttnn/tt_metal/hw/firmware/src/tt-1xx/brisc.cc,
3,1,1,BRISC,63326,11017522887414,0,1027,,,BRISC-KERNEL,ZONE_START,64,/home/ekaterina_kuzmina1/tenstorrent/.venv/lib/python3.10/site-packages/ttnn/tt_metal/hw/firmware/src/tt-1xx/brisck.cc,
3,1,1,BRISC,63326,11017522891857,0,1027,,,BRISC-KERNEL,ZONE_END,64,/home/ekaterina_kuzmina1/tenstorrent/.venv/lib/python3.10/site-packages/ttnn/tt_metal/hw/firmware/src/tt-1xx/brisck.cc,
3,1,1,BRISC,61457,11017522892038,0,1027,,,BRISC-FW,ZONE_END,412,/home/ekaterina_kuzmina1/tenstorrent/.venv/lib/python3.10/site-packages/ttnn/tt_metal/hw/firmware/src/tt-1xx/brisc.cc,
3,1,1,BRISC,61457,11018334781158,0,2051,,,BRISC-FW,ZONE_START,412,/home/ekaterina_kuzmina1/tenstorrent/.venv/lib/python3.10/site-packages/ttnn/tt_metal/hw/firmware/src/tt-1xx/brisc.cc,
3,1,1,BRISC,63326,11018334782523,0,2051,,,BRISC-KERNEL,ZONE_START,64,/home/ekaterina_kuzmina1/tenstorrent/.venv/lib/python3.10/site-packages/ttnn/tt_metal/hw/firmware/src/tt-1xx/brisck.cc,
3,1,1,BRISC,63326,11018335390225,0,2051,,,BRISC-KERNEL,ZONE_END,64,/home/ekaterina_kuzmina1/tenstorrent/.venv/lib/python3.10/site-packages/ttnn/tt_metal/hw/firmware/src/tt-1xx/brisck.cc,
3,1,1,BRISC,61457,11018335390413,0,2051,,,BRISC-FW,ZONE_END,412,/home/ekaterina_kuzmina1/tenstorrent/.venv/lib/python3.10/site-packages/ttnn/tt_metal/hw/firmware/src/tt-1xx/brisc.cc,
3,1,1,BRISC,61457,11018391680685,0,3075,,,BRISC-FW,ZONE_START,412,/home/ekaterina_kuzmina1/tenstorrent/.venv/lib/python3.10/site-packages/ttnn/tt_metal/hw/firmware/src/tt-1xx/brisc.cc,
3,1,1,BRISC,63326,11018391681386,0,3075,,,BRISC-KERNEL,ZONE_START,64,/home/ekaterina_kuzmina1/tenstorrent/.venv/lib/python3.10/site-packages/ttnn/tt_metal/hw/firmware/src/tt-1xx/brisck.cc,
3,1,1,BRISC,63326,11018392294265,0,3075,,,BRISC-KERNEL,ZONE_END,64,/home/ekaterina_kuzmina1/tenstorrent/.venv/lib/python3.10/site-packages/ttnn/tt_metal/hw/firmware/src/tt-1xx/brisck.cc,
3,1,1,BRISC,61457,11018392294442,0,3075,,,BRISC-FW,ZONE_END,412,/home/ekaterina_kuzmina1/tenstorrent/.venv/lib/python3.10/site-packages/ttnn/tt_metal/hw/firmware/src/tt-1xx/brisc.cc,
3,1,1,BRISC,61457,11019124110295,0,4099,,,BRISC-FW,ZONE_START,412,/home/ekaterina_kuzmina1/tenstorrent/.venv/lib/python3.10/site-packages/ttnn/tt_metal/hw/firmware/src/tt-1xx/brisc.cc,
3,1,1,BRISC,63326,11019124111155,0,4099,,,BRISC-KERNEL,ZONE_START,64,/home/ekaterina_kuzmina1/tenstorrent/.venv/lib/python3.10/site-packages/ttnn/tt_metal/hw/firmware/src/tt-1xx/brisck.cc,
3,1,1,BRISC,63326,11019124271657,0,4099,,,BRISC-KERNEL,ZONE_END,64,/home/ekaterina_kuzmina1/tenstorrent/.venv/lib/python3.10/site-packages/ttnn/tt_metal/hw/firmware/src/tt-1xx/brisck.cc,
3,1,1,BRISC,61457,11019124271838,0,4099,,,BRISC-FW,ZONE_END,412,/home/ekaterina_kuzmina1/tenstorrent/.venv/lib/python3.10/site-packages/ttnn/tt_metal/hw/firmware/src/tt-1xx/brisc.cc,
3,1,1,NCRISC,12030,11017522886851,0,1027,,,NCRISC-FW,ZONE_START,123,/home/ekaterina_kuzmina1/tenstorrent/.venv/lib/python3.10/site-packages/ttnn/tt_metal/hw/firmware/src/tt-1xx/ncrisc.cc,
3,1,1,NCRISC,16513,11017522887387,0,1027,,,NCRISC-KERNEL,ZONE_START,63,/home/ekaterina_kuzmina1/tenstorrent/.venv/lib/python3.10/site-packages/ttnn/tt_metal/hw/firmware/src/tt-1xx/ncrisck.cc,
3,1,1,NCRISC,16513,11017522889245,0,1027,,,NCRISC-KERNEL,ZONE_END,63,/home/ekaterina_kuzmina1/tenstorrent/.venv/lib/python3.10/site-packages/ttnn/tt_metal/hw/firmware/src/tt-1xx/ncrisck.cc,
3,1,1,NCRISC,12030,11017522889359,0,1027,,,NCRISC-FW,ZONE_END,123,/home/ekaterina_kuzmina1/tenstorrent/.venv/lib/python3.10/site-packages/ttnn/tt_metal/hw/firmware/src/tt-1xx/ncrisc.cc,
3,1,1,NCRISC,12030,11018334781305,0,2051,,,NCRISC-FW,ZONE_START,123,/home/ekaterina_kuzmina1/tenstorrent/.venv/lib/python3.10/site-packages/ttnn/tt_metal/hw/firmware/src/tt-1xx/ncrisc.cc,
3,1,1,NCRISC,16513,11018334782510,0,2051,,,NCRISC-KERNEL,ZONE_START,63,/home/ekaterina_kuzmina1/tenstorrent/.venv/lib/python3.10/site-packages/ttnn/tt_metal/hw/firmware/src/tt-1xx/ncrisck.cc,
3,1,1,NCRISC,16513,11018335242578,0,2051,,,NCRISC-KERNEL,ZONE_END,63,/home/ekaterina_kuzmina1/tenstorrent/.venv/lib/python3.10/site-packages/ttnn/tt_metal/hw/firmware/src/tt-1xx/ncrisck.cc,
3,1,1,NCRISC,12030,11018335242696,0,2051,,,NCRISC-FW,ZONE_END,123,/home/ekaterina_kuzmina1/tenstorrent/.venv/lib/python3.10/site-packages/ttnn/tt_metal/hw/firmware/src/tt-1xx/ncrisc.cc,
3,1,1,NCRISC,12030,11018391680832,0,3075,,,NCRISC-FW,ZONE_START,123,/home/ekaterina_kuzmina1/tenstorrent/.venv/lib/python3.10/site-packages/ttnn/tt_metal/hw/firmware/src/tt-1xx/ncrisc.cc,
3,1,1,NCRISC,16513,11018391681358,0,3075,,,NCRISC-KERNEL,ZONE_START,63,/home/ekaterina_kuzmina1/tenstorrent/.venv/lib/python3.10/site-packages/ttnn/tt_metal/hw/firmware/src/tt-1xx/ncrisck.cc,
3,1,1,NCRISC,16513,11018392291849,0,3075,,,NCRISC-KERNEL,ZONE_END,63,/home/ekaterina_kuzmina1/tenstorrent/.venv/lib/python3.10/site-packages/ttnn/tt_metal/hw/firmware/src/tt-1xx/ncrisck.cc,
3,1,1,NCRISC,12030,11018392291968,0,3075,,,NCRISC-FW,ZONE_END,123,/home/ekaterina_kuzmina1/tenstorrent/.venv/lib/python3.10/site-packages/ttnn/tt_metal/hw/firmware/src/tt-1xx/ncrisc.cc,
3,1,1,NCRISC,12030,11019124110445,0,4099,,,NCRISC-FW,ZONE_START,123,/home/ekaterina_kuzmina1/tenstorrent/.venv/lib/python3.10/site-packages/ttnn/tt_metal/hw/firmware/src/tt-1xx/ncrisc.cc,
3,1,1,NCRISC,16513,11019124111138,0,4099,,,NCRISC-KERNEL,ZONE_START,63,/home/ekaterina_kuzmina1/tenstorrent/.venv/lib/python3.10/site-packages/ttnn/tt_metal/hw/firmware/src/tt-1xx/ncrisck.cc,
3,1,1,NCRISC,16513,11019124270619,0,4099,,,NCRISC-KERNEL,ZONE_END,63,/home/ekaterina_kuzmina1/tenstorrent/.venv/lib/python3.10/site-packages/ttnn/tt_metal/hw/firmware/src/tt-1xx/ncrisck.cc,
3,1,1,NCRISC,12030,11019124270754,0,4099,,,NCRISC-FW,ZONE_END,123,/home/ekaterina_kuzmina1/tenstorrent/.venv/lib/python3.10/site-packages/ttnn/tt_metal/hw/firmware/src/tt-1xx/ncrisc.cc,
3,1,1,TRISC_0,8413,11018334781409,0,2051,,,TRISC-FW,ZONE_START,136,/home/ekaterina_kuzmina1/tenstorrent/.venv/lib/python3.10/site-packages/ttnn/tt_metal/hw/firmware/src/tt-1xx/trisc.cc,
3,1,1,TRISC_0,360,11018334782528,0,2051,,,TRISC-KERNEL,ZONE_START,62,/home/ekaterina_kuzmina1/tenstorrent/.venv/lib/python3.10/site-packages/ttnn/tt_metal/hw/firmware/src/tt-1xx/trisck.cc,
3,1,1,TRISC_0,360,11018335285599,0,2051,,,TRISC-KERNEL,ZONE_END,62,/home/ekaterina_kuzmina1/tenstorrent/.venv/lib/python3.10/site-packages/ttnn/tt_metal/hw/firmware/src/tt-1xx/trisck.cc,
3,1,1,TRISC_0,8413,11018335286326,0,2051,,,TRISC-FW,ZONE_END,136,/home/ekaterina_kuzmina1/tenstorrent/.venv/lib/python3.10/site-packages/ttnn/tt_metal/hw/firmware/src/tt-1xx/trisc.cc,
3,1,1,TRISC_0,8413,11019124110542,0,4099,,,TRISC-FW,ZONE_START,136,/home/ekaterina_kuzmina1/tenstorrent/.venv/lib/python3.10/site-packages/ttnn/tt_metal/hw/firmware/src/tt-1xx/trisc.cc,
3,1,1,TRISC_0,360,11019124110889,0,4099,,,TRISC-KERNEL,ZONE_START,62,/home/ekaterina_kuzmina1/tenstorrent/.venv/lib/python3.10/site-packages/ttnn/tt_metal/hw/firmware/src/tt-1xx/trisck.cc,
3,1,1,TRISC_0,360,11019124270647,0,4099,,,TRISC-KERNEL,ZONE_END,62,/home/ekaterina_kuzmina1/tenstorrent/.venv/lib/python3.10/site-packages/ttnn/tt_metal/hw/firmware/src/tt-1xx/trisck.cc,
3,1,1,TRISC_0,8413,11019124270693,0,4099,,,TRISC-FW,ZONE_END,136,/home/ekaterina_kuzmina1/tenstorrent/.venv/lib/python3.10/site-packages/ttnn/tt_metal/hw/firmware/src/tt-1xx/trisc.cc,
3,1,1,TRISC_1,8413,11018334781401,0,2051,,,TRISC-FW,ZONE_START,136,/home/ekaterina_kuzmina1/tenstorrent/.venv/lib/python3.10/site-packages/ttnn/tt_metal/hw/firmware/src/tt-1xx/trisc.cc,
3,1,1,TRISC_1,360,11018334782519,0,2051,,,TRISC-KERNEL,ZONE_START,62,/home/ekaterina_kuzmina1/tenstorrent/.venv/lib/python3.10/site-packages/ttnn/tt_metal/hw/firmware/src/tt-1xx/trisck.cc,
3,1,1,TRISC_1,360,11018335286388,0,2051,,,TRISC-KERNEL,ZONE_END,62,/home/ekaterina_kuzmina1/tenstorrent/.venv/lib/python3.10/site-packages/ttnn/tt_metal/hw/firmware/src/tt-1xx/trisck.cc,
3,1,1,TRISC_1,8413,11018335286447,0,2051,,,TRISC-FW,ZONE_END,136,/home/ekaterina_kuzmina1/tenstorrent/.venv/lib/python3.10/site-packages/ttnn/tt_metal/hw/firmware/src/tt-1xx/trisc.cc,
3,1,1,TRISC_1,8413,11019124110536,0,4099,,,TRISC-FW,ZONE_START,136,/home/ekaterina_kuzmina1/tenstorrent/.venv/lib/python3.10/site-packages/ttnn/tt_metal/hw/firmware/src/tt-1xx/trisc.cc,
3,1,1,TRISC_1,360,11019124110722,0,4099,,,TRISC-KERNEL,ZONE_START,62,/home/ekaterina_kuzmina1/tenstorrent/.venv/lib/python3.10/site-packages/ttnn/tt_metal/hw/firmware/src/tt-1xx/trisck.cc,
3,1,1,TRISC_1,360,11019124268798,0,4099,,,TRISC-KERNEL,ZONE_END,62,/home/ekaterina_kuzmina1/tenstorrent/.venv/lib/python3.10/site-packages/ttnn/tt_metal/hw/firmware/src/tt-1xx/trisck.cc,
3,1,1,TRISC_1,8413,11019124270673,0,4099,,,TRISC-FW,ZONE_END,136,/home/ekaterina_kuzmina1/tenstorrent/.venv/lib/python3.10/site-packages/ttnn/tt_metal/hw/firmware/src/tt-1xx/trisc.cc,
3,1,1,TRISC_2,8413,11018334781414,0,2051,,,TRISC-FW,ZONE_START,136,/home/ekaterina_kuzmina1/tenstorrent/.venv/lib/python3.10/site-packages/ttnn/tt_metal/hw/firmware/src/tt-1xx/trisc.cc,
3,1,1,TRISC_2,360,11018334782516,0,2051,,,TRISC-KERNEL,ZONE_START,62,/home/ekaterina_kuzmina1/tenstorrent/.venv/lib/python3.10/site-packages/ttnn/tt_metal/hw/firmware/src/tt-1xx/trisck.cc,
3,1,1,TRISC_2,360,11018335286498,0,2051,,,TRISC-KERNEL,ZONE_END,62,/home/ekaterina_kuzmina1/tenstorrent/.venv/lib/python3.10/site-packages/ttnn/tt_metal/hw/firmware/src/tt-1xx/trisck.cc,
3,1,1,TRISC_2,8413,11018335286742,0,2051,,,TRISC-FW,ZONE_END,136,/home/ekaterina_kuzmina1/tenstorrent/.venv/lib/python3.10/site-packages/ttnn/tt_metal/hw/firmware/src/tt-1xx/trisc.cc,
3,1,1,TRISC_2,8413,11019124110546,0,4099,,,TRISC-FW,ZONE_START,136,/home/ekaterina_kuzmina1/tenstorrent/.venv/lib/python3.10/site-packages/ttnn/tt_metal/hw/firmware/src/tt-1xx/trisc.cc,
3,1,1,TRISC_2,360,11019124110879,0,4099,,,TRISC-KERNEL,ZONE_START,62,/home/ekaterina_kuzmina1/tenstorrent/.venv/lib/python3.10/site-packages/ttnn/tt_metal/hw/firmware/src/tt-1xx/trisck.cc,
3,1,1,TRISC_2,360,11019124270158,0,4099,,,TRISC-KERNEL,ZONE_END,62,/home/ekaterina_kuzmina1/tenstorrent/.venv/lib/python3.10/site-packages/ttnn/tt_metal/hw/firmware/src/tt-1xx/trisck.cc,
3,1,1,TRISC_2,8413,11019124270784,0,4099,,,TRISC-FW,ZONE_END,136,/home/ekaterina_kuzmina1/tenstorrent/.venv/lib/python3.10/site-packages/ttnn/tt_metal/hw/firmware/src/tt-1xx/trisc.cc,
3,1,2,BRISC,61457,11017522886730,0,1027,,,BRISC-FW,ZONE_START,412,/home/ekaterina_kuzmina1/tenstorrent/.venv/lib/python3.10/site-packages/ttnn/tt_metal/hw/firmware/src/tt-1xx/brisc.cc,
3,1,2,BRISC,63326,11017522887436,0,1027,,,BRISC-KERNEL,ZONE_START,64,/home/ekaterina_kuzmina1/tenstorrent/.venv/lib/python3.10/site-packages/ttnn/tt_metal/hw/firmware/src/tt-1xx/brisck.cc,
3,1,2,BRISC,63326,11017522891892,0,1027,,,BRISC-KERNEL,ZONE_END,64,/home/ekaterina_kuzmina1/tenstorrent/.venv/lib/python3.10/site-packages/ttnn/tt_metal/hw/firmware/src/tt-1xx/brisck.cc,
3,1,2,BRISC,61457,11017522892062,0,1027,,,BRISC-FW,ZONE_END,412,/home/ekaterina_kuzmina1/tenstorrent/.venv/lib/python3.10/site-packages/ttnn/tt_metal/hw/firmware/src/tt-1xx/brisc.cc,
3,1,2,BRISC,61457,11018334781705,0,2051,,,BRISC-FW,ZONE_START,412,/home/ekaterina_kuzmina1/tenstorrent/.venv/lib/python3.10/site-packages/ttnn/tt_metal/hw/firmware/src/tt-1xx/brisc.cc,
3,1,2,BRISC,63326,11018334782511,0,2051,,,BRISC-KERNEL,ZONE_START,64,/home/ekaterina_kuzmina1/tenstorrent/.venv/lib/python3.10/site-packages/ttnn/tt_metal/hw/firmware/src/tt-1xx/brisck.cc,
3,1,2,BRISC,63326,11018335389433,0,2051,,,BRISC-KERNEL,ZONE_END,64,/home/ekaterina_kuzmina1/tenstorrent/.venv/lib/python3.10/site-packages/ttnn/tt_metal/hw/firmware/src/tt-1xx/brisck.cc,
3,1,2,BRISC,61457,11018335389617,0,2051,,,BRISC-FW,ZONE_END,412,/home/ekaterina_kuzmina1/tenstorrent/.venv/lib/python3.10/site-packages/ttnn/tt_metal/hw/firmware/src/tt-1xx/brisc.cc,
3,1,2,BRISC,61457,11018391680743,0,3075,,,BRISC-FW,ZONE_START,412,/home/ekaterina_kuzmina1/tenstorrent/.venv/lib/python3.10/site-packages/ttnn/tt_metal/hw/firmware/src/tt-1xx/brisc.cc,
3,1,2,BRISC,63326,11018391681458,0,3075,,,BRISC-KERNEL,ZONE_START,64,/home/ekaterina_kuzmina1/tenstorrent/.venv/lib/python3.10/site-packages/ttnn/tt_metal/hw/firmware/src/tt-1xx/brisck.cc,
3,1,2,BRISC,63326,11018392296865,0,3075,,,BRISC-KERNEL,ZONE_END,64,/home/ekaterina_kuzmina1/tenstorrent/.venv/lib/python3.10/site-packages/ttnn/tt_metal/hw/firmware/src/tt-1xx/brisck.cc,
3,1,2,BRISC,61457,11018392297041,0,3075,,,BRISC-FW,ZONE_END,412,/home/ekaterina_kuzmina1/tenstorrent/.venv/lib/python3.10/site-packages/ttnn/tt_metal/hw/firmware/src/tt-1xx/brisc.cc,
3,1,2,BRISC,61457,11019124110313,0,4099,,,BRISC-FW,ZONE_START,412,/home/ekaterina_kuzmina1/tenstorrent/.venv/lib/python3.10/site-packages/ttnn/tt_metal/hw/firmware/src/tt-1xx/brisc.cc,
3,1,2,BRISC,63326,11019124111171,0,4099,,,BRISC-KERNEL,ZONE_START,64,/home/ekaterina_kuzmina1/tenstorrent/.venv/lib/python3.10/site-packages/ttnn/tt_metal/hw/firmware/src/tt-1xx/brisck.cc,
3,1,2,BRISC,63326,11019124277277,0,4099,,,BRISC-KERNEL,ZONE_END,64,/home/ekaterina_kuzmina1/tenstorrent/.venv/lib/python3.10/site-packages/ttnn/tt_metal/hw/firmware/src/tt-1xx/brisck.cc,
3,1,2,BRISC,61457,11019124277456,0,4099,,,BRISC-FW,ZONE_END,412,/home/ekaterina_kuzmina1/tenstorrent/.venv/lib/python3.10/site-packages/ttnn/tt_metal/hw/firmware/src/tt-1xx/brisc.cc,
3,1,2,NCRISC,12030,11017522886873,0,1027,,,NCRISC-FW,ZONE_START,123,/home/ekaterina_kuzmina1/tenstorrent/.venv/lib/python3.10/site-packages/ttnn/tt_metal/hw/firmware/src/tt-1xx/ncrisc.cc,
3,1,2,NCRISC,16513,11017522887409,0,1027,,,NCRISC-KERNEL,ZONE_START,63,/home/ekaterina_kuzmina1/tenstorrent/.venv/lib/python3.10/site-packages/ttnn/tt_metal/hw/firmware/src/tt-1xx/ncrisck.cc,
3,1,2,NCRISC,16513,11017522889233,0,1027,,,NCRISC-KERNEL,ZONE_END,63,/home/ekaterina_kuzmina1/tenstorrent/.venv/lib/python3.10/site-packages/ttnn/tt_metal/hw/firmware/src/tt-1xx/ncrisck.cc,
3,1,2,NCRISC,12030,11017522889354,0,1027,,,NCRISC-FW,ZONE_END,123,/home/ekaterina_kuzmina1/tenstorrent/.venv/lib/python3.10/site-packages/ttnn/tt_metal/hw/firmware/src/tt-1xx/ncrisc.cc,
3,1,2,NCRISC,12030,11018334781852,0,2051,,,NCRISC-FW,ZONE_START,123,/home/ekaterina_kuzmina1/tenstorrent/.venv/lib/python3.10/site-packages/ttnn/tt_metal/hw/firmware/src/tt-1xx/ncrisc.cc,
3,1,2,NCRISC,16513,11018334782498,0,2051,,,NCRISC-KERNEL,ZONE_START,63,/home/ekaterina_kuzmina1/tenstorrent/.venv/lib/python3.10/site-packages/ttnn/tt_metal/hw/firmware/src/tt-1xx/ncrisck.cc,
3,1,2,NCRISC,16513,11018335248145,0,2051,,,NCRISC-KERNEL,ZONE_END,63,/home/ekaterina_kuzmina1/tenstorrent/.venv/lib/python3.10/site-packages/ttnn/tt_metal/hw/firmware/src/tt-1xx/ncrisck.cc,
3,1,2,NCRISC,12030,11018335248262,0,2051,,,NCRISC-FW,ZONE_END,123,/home/ekaterina_kuzmina1/tenstorrent/.venv/lib/python3.10/site-packages/ttnn/tt_metal/hw/firmware/src/tt-1xx/ncrisc.cc,
3,1,2,NCRISC,12030,11018391680890,0,3075,,,NCRISC-FW,ZONE_START,123,/home/ekaterina_kuzmina1/tenstorrent/.venv/lib/python3.10/site-packages/ttnn/tt_metal/hw/firmware/src/tt-1xx/ncrisc.cc,
3,1,2,NCRISC,16513,11018391681431,0,3075,,,NCRISC-KERNEL,ZONE_START,63,/home/ekaterina_kuzmina1/tenstorrent/.venv/lib/python3.10/site-packages/ttnn/tt_metal/hw/firmware/src/tt-1xx/ncrisck.cc,
3,1,2,NCRISC,16513,11018392294456,0,3075,,,NCRISC-KERNEL,ZONE_END,63,/home/ekaterina_kuzmina1/tenstorrent/.venv/lib/python3.10/site-packages/ttnn/tt_metal/hw/firmware/src/tt-1xx/ncrisck.cc,
3,1,2,NCRISC,12030,11018392294576,0,3075,,,NCRISC-FW,ZONE_END,123,/home/ekaterina_kuzmina1/tenstorrent/.venv/lib/python3.10/site-packages/ttnn/tt_metal/hw/firmware/src/tt-1xx/ncrisc.cc,
3,1,2,NCRISC,12030,11019124110456,0,4099,,,NCRISC-FW,ZONE_START,123,/home/ekaterina_kuzmina1/tenstorrent/.venv/lib/python3.10/site-packages/ttnn/tt_metal/hw/firmware/src/tt-1xx/ncrisc.cc,
3,1,2,NCRISC,16513,11019124111154,0,4099,,,NCRISC-KERNEL,ZONE_START,63,/home/ekaterina_kuzmina1/tenstorrent/.venv/lib/python3.10/site-packages/ttnn/tt_metal/hw/firmware/src/tt-1xx/ncrisck.cc,
3,1,2,NCRISC,16513,11019124276312,0,4099,,,NCRISC-KERNEL,ZONE_END,63,/home/ekaterina_kuzmina1/tenstorrent/.venv/lib/python3.10/site-packages/ttnn/tt_metal/hw/firmware/src/tt-1xx/ncrisck.cc,
3,1,2,NCRISC,12030,11019124276441,0,4099,,,NCRISC-FW,ZONE_END,123,/home/ekaterina_kuzmina1/tenstorrent/.venv/lib/python3.10/site-packages/ttnn/tt_metal/hw/firmware/src/tt-1xx/ncrisc.cc,
3,1,2,TRISC_0,8413,11018334781955,0,2051,,,TRISC-FW,ZONE_START,136,/home/ekaterina_kuzmina1/tenstorrent/.venv/lib/python3.10/site-packages/ttnn/tt_metal/hw/firmware/src/tt-1xx/trisc.cc,
3,1,2,TRISC_0,360,11018334782507,0,2051,,,TRISC-KERNEL,ZONE_START,62,/home/ekaterina_kuzmina1/tenstorrent/.venv/lib/python3.10/site-packages/ttnn/tt_metal/hw/firmware/src/tt-1xx/trisck.cc,
3,1,2,TRISC_0,360,11018335285875,0,2051,,,TRISC-KERNEL,ZONE_END,62,/home/ekaterina_kuzmina1/tenstorrent/.venv/lib/python3.10/site-packages/ttnn/tt_metal/hw/firmware/src/tt-1xx/trisck.cc,
3,1,2,TRISC_0,8413,11018335286618,0,2051,,,TRISC-FW,ZONE_END,136,/home/ekaterina_kuzmina1/tenstorrent/.venv/lib/python3.10/site-packages/ttnn/tt_metal/hw/firmware/src/tt-1xx/trisc.cc,
3,1,2,TRISC_0,8413,11019124110566,0,4099,,,TRISC-FW,ZONE_START,136,/home/ekaterina_kuzmina1/tenstorrent/.venv/lib/python3.10/site-packages/ttnn/tt_metal/hw/firmware/src/tt-1xx/trisc.cc,
3,1,2,TRISC_0,360,11019124110905,0,4099,,,TRISC-KERNEL,ZONE_START,62,/home/ekaterina_kuzmina1/tenstorrent/.venv/lib/python3.10/site-packages/ttnn/tt_metal/hw/firmware/src/tt-1xx/trisck.cc,
3,1,2,TRISC_0,360,11019124276341,0,4099,,,TRISC-KERNEL,ZONE_END,62,/home/ekaterina_kuzmina1/tenstorrent/.venv/lib/python3.10/site-packages/ttnn/tt_metal/hw/firmware/src/tt-1xx/trisck.cc,
3,1,2,TRISC_0,8413,11019124276381,0,4099,,,TRISC-FW,ZONE_END,136,/home/ekaterina_kuzmina1/tenstorrent/.venv/lib/python3.10/site-packages/ttnn/tt_metal/hw/firmware/src/tt-1xx/trisc.cc,
3,1,2,TRISC_1,8413,11018334781957,0,2051,,,TRISC-FW,ZONE_START,136,/home/ekaterina_kuzmina1/tenstorrent/.venv/lib/python3.10/site-packages/ttnn/tt_metal/hw/firmware/src/tt-1xx/trisc.cc,
3,1,2,TRISC_1,360,11018334782508,0,2051,,,TRISC-KERNEL,ZONE_START,62,/home/ekaterina_kuzmina1/tenstorrent/.venv/lib/python3.10/site-packages/ttnn/tt_metal/hw/firmware/src/tt-1xx/trisck.cc,
3,1,2,TRISC_1,360,11018335286672,0,2051,,,TRISC-KERNEL,ZONE_END,62,/home/ekaterina_kuzmina1/tenstorrent/.venv/lib/python3.10/site-packages/ttnn/tt_metal/hw/firmware/src/tt-1xx/trisck.cc,
3,1,2,TRISC_1,8413,11018335286727,0,2051,,,TRISC-FW,ZONE_END,136,/home/ekaterina_kuzmina1/tenstorrent/.venv/lib/python3.10/site-packages/ttnn/tt_metal/hw/firmware/src/tt-1xx/trisc.cc,
3,1,2,TRISC_1,8413,11019124110557,0,4099,,,TRISC-FW,ZONE_START,136,/home/ekaterina_kuzmina1/tenstorrent/.venv/lib/python3.10/site-packages/ttnn/tt_metal/hw/firmware/src/tt-1xx/trisc.cc,
3,1,2,TRISC_1,360,11019124110742,0,4099,,,TRISC-KERNEL,ZONE_START,62,/home/ekaterina_kuzmina1/tenstorrent/.venv/lib/python3.10/site-packages/ttnn/tt_metal/hw/firmware/src/tt-1xx/trisck.cc,
3,1,2,TRISC_1,360,11019124274986,0,4099,,,TRISC-KERNEL,ZONE_END,62,/home/ekaterina_kuzmina1/tenstorrent/.venv/lib/python3.10/site-packages/ttnn/tt_metal/hw/firmware/src/tt-1xx/trisck.cc,
3,1,2,TRISC_1,8413,11019124276366,0,4099,,,TRISC-FW,ZONE_END,136,/home/ekaterina_kuzmina1/tenstorrent/.venv/lib/python3.10/site-packages/ttnn/tt_metal/hw/firmware/src/tt-1xx/trisc.cc,
3,1,2,TRISC_2,8413,11018334781960,0,2051,,,TRISC-FW,ZONE_START,136,/home/ekaterina_kuzmina1/tenstorrent/.venv/lib/python3.10/site-packages/ttnn/tt_metal/hw/firmware/src/tt-1xx/trisc.cc,
3,1,2,TRISC_2,360,11018334782509,0,2051,,,TRISC-KERNEL,ZONE_START,62,/home/ekaterina_kuzmina1/tenstorrent/.venv/lib/python3.10/site-packages/ttnn/tt_metal/hw/firmware/src/tt-1xx/trisck.cc,
3,1,2,TRISC_2,360,11018335286788,0,2051,,,TRISC-KERNEL,ZONE_END,62,/home/ekaterina_kuzmina1/tenstorrent/.venv/lib/python3.10/site-packages/ttnn/tt_metal/hw/firmware/src/tt-1xx/trisck.cc,
3,1,2,TRISC_2,8413,11018335287028,0,2051,,,TRISC-FW,ZONE_END,136,/home/ekaterina_kuzmina1/tenstorrent/.venv/lib/python3.10/site-packages/ttnn/tt_metal/hw/firmware/src/tt-1xx/trisc.cc,
3,1,2,TRISC_2,8413,11019124110570,0,4099,,,TRISC-FW,ZONE_START,136,/home/ekaterina_kuzmina1/tenstorrent/.venv/lib/python3.10/site-packages/ttnn/tt_metal/hw/firmware/src/tt-1xx/trisc.cc,
3,1,2,TRISC_2,360,11019124110894,0,4099,,,TRISC-KERNEL,ZONE_START,62,/home/ekaterina_kuzmina1/tenstorrent/.venv/lib/python3.10/site-packages/ttnn/tt_metal/hw/firmware/src/tt-1xx/trisck.cc,
3,1,2,TRISC_2,360,11019124275931,0,4099,,,TRISC-KERNEL,ZONE_END,62,/home/ekaterina_kuzmina1/tenstorrent/.venv/lib/python3.10/site-packages/ttnn/tt_metal/hw/firmware/src/tt-1xx/trisck.cc,
3,1,2,TRISC_2,8413,11019124276472,0,4099,,,TRISC-FW,ZONE_END,136,/home/ekaterina_kuzmina1/tenstorrent/.venv/lib/python3.10/site-packages/ttnn/tt_metal/hw/firmware/src/tt-1xx/trisc.cc,
3,1,3,BRISC,61457,11018334781836,0,2051,,,BRISC-FW,ZONE_START,412,/home/ekaterina_kuzmina1/tenstorrent/.venv/lib/python3.10/site-packages/ttnn/tt_metal/hw/firmware/src/tt-1xx/brisc.cc,
3,1,3,BRISC,63326,11018334782597,0,2051,,,BRISC-KERNEL,ZONE_START,64,/home/ekaterina_kuzmina1/tenstorrent/.venv/lib/python3.10/site-packages/ttnn/tt_metal/hw/firmware/src/tt-1xx/brisck.cc,
3,1,3,BRISC,63326,11018335376312,0,2051,,,BRISC-KERNEL,ZONE_END,64,/home/ekaterina_kuzmina1/tenstorrent/.venv/lib/python3.10/site-packages/ttnn/tt_metal/hw/firmware/src/tt-1xx/brisck.cc,
3,1,3,BRISC,61457,11018335376497,0,2051,,,BRISC-FW,ZONE_END,412,/home/ekaterina_kuzmina1/tenstorrent/.venv/lib/python3.10/site-packages/ttnn/tt_metal/hw/firmware/src/tt-1xx/brisc.cc,
3,1,3,BRISC,61457,11018391680706,0,3075,,,BRISC-FW,ZONE_START,412,/home/ekaterina_kuzmina1/tenstorrent/.venv/lib/python3.10/site-packages/ttnn/tt_metal/hw/firmware/src/tt-1xx/brisc.cc,
3,1,3,BRISC,63326,11018391681417,0,3075,,,BRISC-KERNEL,ZONE_START,64,/home/ekaterina_kuzmina1/tenstorrent/.venv/lib/python3.10/site-packages/ttnn/tt_metal/hw/firmware/src/tt-1xx/brisck.cc,
3,1,3,BRISC,63326,11018392299560,0,3075,,,BRISC-KERNEL,ZONE_END,64,/home/ekaterina_kuzmina1/tenstorrent/.venv/lib/python3.10/site-packages/ttnn/tt_metal/hw/firmware/src/tt-1xx/brisck.cc,
3,1,3,BRISC,61457,11018392299741,0,3075,,,BRISC-FW,ZONE_END,412,/home/ekaterina_kuzmina1/tenstorrent/.venv/lib/python3.10/site-packages/ttnn/tt_metal/hw/firmware/src/tt-1xx/brisc.cc,
3,1,3,BRISC,61457,11019124110341,0,4099,,,BRISC-FW,ZONE_START,412,/home/ekaterina_kuzmina1/tenstorrent/.venv/lib/python3.10/site-packages/ttnn/tt_metal/hw/firmware/src/tt-1xx/brisc.cc,
3,1,3,BRISC,63326,11019124111228,0,4099,,,BRISC-KERNEL,ZONE_START,64,/home/ekaterina_kuzmina1/tenstorrent/.venv/lib/python3.10/site-packages/ttnn/tt_metal/hw/firmware/src/tt-1xx/brisck.cc,
3,1,3,BRISC,63326,11019124276398,0,4099,,,BRISC-KERNEL,ZONE_END,64,/home/ekaterina_kuzmina1/tenstorrent/.venv/lib/python3.10/site-packages/ttnn/tt_metal/hw/firmware/src/tt-1xx/brisck.cc,
3,1,3,BRISC,61457,11019124276579,0,4099,,,BRISC-FW,ZONE_END,412,/home/ekaterina_kuzmina1/tenstorrent/.venv/lib/python3.10/site-packages/ttnn/tt_metal/hw/firmware/src/tt-1xx/brisc.cc,
3,1,3,NCRISC,12030,11018334781986,0,2051,,,NCRISC-FW,ZONE_START,123,/home/ekaterina_kuzmina1/tenstorrent/.venv/lib/python3.10/site-packages/ttnn/tt_metal/hw/firmware/src/tt-1xx/ncrisc.cc,
3,1,3,NCRISC,16513,11018334782578,0,2051,,,NCRISC-KERNEL,ZONE_START,63,/home/ekaterina_kuzmina1/tenstorrent/.venv/lib/python3.10/site-packages/ttnn/tt_metal/hw/firmware/src/tt-1xx/ncrisck.cc,
3,1,3,NCRISC,16513,11018335249502,0,2051,,,NCRISC-KERNEL,ZONE_END,63,/home/ekaterina_kuzmina1/tenstorrent/.venv/lib/python3.10/site-packages/ttnn/tt_metal/hw/firmware/src/tt-1xx/ncrisck.cc,
3,1,3,NCRISC,12030,11018335249620,0,2051,,,NCRISC-FW,ZONE_END,123,/home/ekaterina_kuzmina1/tenstorrent/.venv/lib/python3.10/site-packages/ttnn/tt_metal/hw/firmware/src/tt-1xx/ncrisc.cc,
3,1,3,NCRISC,12030,11018391680850,0,3075,,,NCRISC-FW,ZONE_START,123,/home/ekaterina_kuzmina1/tenstorrent/.venv/lib/python3.10/site-packages/ttnn/tt_metal/hw/firmware/src/tt-1xx/ncrisc.cc,
3,1,3,NCRISC,16513,11018391681388,0,3075,,,NCRISC-KERNEL,ZONE_START,63,/home/ekaterina_kuzmina1/tenstorrent/.venv/lib/python3.10/site-packages/ttnn/tt_metal/hw/firmware/src/tt-1xx/ncrisck.cc,
3,1,3,NCRISC,16513,11018392297137,0,3075,,,NCRISC-KERNEL,ZONE_END,63,/home/ekaterina_kuzmina1/tenstorrent/.venv/lib/python3.10/site-packages/ttnn/tt_metal/hw/firmware/src/tt-1xx/ncrisck.cc,
3,1,3,NCRISC,12030,11018392297257,0,3075,,,NCRISC-FW,ZONE_END,123,/home/ekaterina_kuzmina1/tenstorrent/.venv/lib/python3.10/site-packages/ttnn/tt_metal/hw/firmware/src/tt-1xx/ncrisc.cc,
3,1,3,NCRISC,12030,11019124110488,0,4099,,,NCRISC-FW,ZONE_START,123,/home/ekaterina_kuzmina1/tenstorrent/.venv/lib/python3.10/site-packages/ttnn/tt_metal/hw/firmware/src/tt-1xx/ncrisc.cc,
3,1,3,NCRISC,16513,11019124111211,0,4099,,,NCRISC-KERNEL,ZONE_START,63,/home/ekaterina_kuzmina1/tenstorrent/.venv/lib/python3.10/site-packages/ttnn/tt_metal/hw/firmware/src/tt-1xx/ncrisck.cc,
3,1,3,NCRISC,16513,11019124274887,0,4099,,,NCRISC-KERNEL,ZONE_END,63,/home/ekaterina_kuzmina1/tenstorrent/.venv/lib/python3.10/site-packages/ttnn/tt_metal/hw/firmware/src/tt-1xx/ncrisck.cc,
3,1,3,NCRISC,12030,11019124275007,0,4099,,,NCRISC-FW,ZONE_END,123,/home/ekaterina_kuzmina1/tenstorrent/.venv/lib/python3.10/site-packages/ttnn/tt_metal/hw/firmware/src/tt-1xx/ncrisc.cc,
3,1,3,TRISC_0,8413,11018334782074,0,2051,,,TRISC-FW,ZONE_START,136,/home/ekaterina_kuzmina1/tenstorrent/.venv/lib/python3.10/site-packages/ttnn/tt_metal/hw/firmware/src/tt-1xx/trisc.cc,
3,1,3,TRISC_0,360,11018334782496,0,2051,,,TRISC-KERNEL,ZONE_START,62,/home/ekaterina_kuzmina1/tenstorrent/.venv/lib/python3.10/site-packages/ttnn/tt_metal/hw/firmware/src/tt-1xx/trisck.cc,
3,1,3,TRISC_0,360,11018335285906,0,2051,,,TRISC-KERNEL,ZONE_END,62,/home/ekaterina_kuzmina1/tenstorrent/.venv/lib/python3.10/site-packages/ttnn/tt_metal/hw/firmware/src/tt-1xx/trisck.cc,
3,1,3,TRISC_0,8413,11018335286641,0,2051,,,TRISC-FW,ZONE_END,136,/home/ekaterina_kuzmina1/tenstorrent/.venv/lib/python3.10/site-packages/ttnn/tt_metal/hw/firmware/src/tt-1xx/trisc.cc,
3,1,3,TRISC_0,8413,11019124110593,0,4099,,,TRISC-FW,ZONE_START,136,/home/ekaterina_kuzmina1/tenstorrent/.venv/lib/python3.10/site-packages/ttnn/tt_metal/hw/firmware/src/tt-1xx/trisc.cc,
3,1,3,TRISC_0,360,11019124110932,0,4099,,,TRISC-KERNEL,ZONE_START,62,/home/ekaterina_kuzmina1/tenstorrent/.venv/lib/python3.10/site-packages/ttnn/tt_metal/hw/firmware/src/tt-1xx/trisck.cc,
3,1,3,TRISC_0,360,11019124274919,0,4099,,,TRISC-KERNEL,ZONE_END,62,/home/ekaterina_kuzmina1/tenstorrent/.venv/lib/python3.10/site-packages/ttnn/tt_metal/hw/firmware/src/tt-1xx/trisck.cc,
3,1,3,TRISC_0,8413,11019124274962,0,4099,,,TRISC-FW,ZONE_END,136,/home/ekaterina_kuzmina1/tenstorrent/.venv/lib/python3.10/site-packages/ttnn/tt_metal/hw/firmware/src/tt-1xx/trisc.cc,
3,1,3,TRISC_1,8413,11018334782081,0,2051,,,TRISC-FW,ZONE_START,136,/home/ekaterina_kuzmina1/tenstorrent/.venv/lib/python3.10/site-packages/ttnn/tt_metal/hw/firmware/src/tt-1xx/trisc.cc,
3,1,3,TRISC_1,360,11018334782497,0,2051,,,TRISC-KERNEL,ZONE_START,62,/home/ekaterina_kuzmina1/tenstorrent/.venv/lib/python3.10/site-packages/ttnn/tt_metal/hw/firmware/src/tt-1xx/trisck.cc,
3,1,3,TRISC_1,360,11018335286695,0,2051,,,TRISC-KERNEL,ZONE_END,62,/home/ekaterina_kuzmina1/tenstorrent/.venv/lib/python3.10/site-packages/ttnn/tt_metal/hw/firmware/src/tt-1xx/trisck.cc,
3,1,3,TRISC_1,8413,11018335286751,0,2051,,,TRISC-FW,ZONE_END,136,/home/ekaterina_kuzmina1/tenstorrent/.venv/lib/python3.10/site-packages/ttnn/tt_metal/hw/firmware/src/tt-1xx/trisc.cc,
3,1,3,TRISC_1,8413,11019124110585,0,4099,,,TRISC-FW,ZONE_START,136,/home/ekaterina_kuzmina1/tenstorrent/.venv/lib/python3.10/site-packages/ttnn/tt_metal/hw/firmware/src/tt-1xx/trisc.cc,
3,1,3,TRISC_1,360,11019124110762,0,4099,,,TRISC-KERNEL,ZONE_START,62,/home/ekaterina_kuzmina1/tenstorrent/.venv/lib/python3.10/site-packages/ttnn/tt_metal/hw/firmware/src/tt-1xx/trisck.cc,
3,1,3,TRISC_1,360,11019124273822,0,4099,,,TRISC-KERNEL,ZONE_END,62,/home/ekaterina_kuzmina1/tenstorrent/.venv/lib/python3.10/site-packages/ttnn/tt_metal/hw/firmware/src/tt-1xx/trisck.cc,
3,1,3,TRISC_1,8413,11019124274941,0,4099,,,TRISC-FW,ZONE_END,136,/home/ekaterina_kuzmina1/tenstorrent/.venv/lib/python3.10/site-packages/ttnn/tt_metal/hw/firmware/src/tt-1xx/trisc.cc,
3,1,3,TRISC_2,8413,11018334782097,0,2051,,,TRISC-FW,ZONE_START,136,/home/ekaterina_kuzmina1/tenstorrent/.venv/lib/python3.10/site-packages/ttnn/tt_metal/hw/firmware/src/tt-1xx/trisc.cc,
3,1,3,TRISC_2,360,11018334782509,0,2051,,,TRISC-KERNEL,ZONE_START,62,/home/ekaterina_kuzmina1/tenstorrent/.venv/lib/python3.10/site-packages/ttnn/tt_metal/hw/firmware/src/tt-1xx/trisck.cc,
3,1,3,TRISC_2,360,11018335286811,0,2051,,,TRISC-KERNEL,ZONE_END,62,/home/ekaterina_kuzmina1/tenstorrent/.venv/lib/python3.10/site-packages/ttnn/tt_metal/hw/firmware/src/tt-1xx/trisck.cc,
3,1,3,TRISC_2,8413,11018335287039,0,2051,,,TRISC-FW,ZONE_END,136,/home/ekaterina_kuzmina1/tenstorrent/.venv/lib/python3.10/site-packages/ttnn/tt_metal/hw/firmware/src/tt-1xx/trisc.cc,
3,1,3,TRISC_2,8413,11019124110606,0,4099,,,TRISC-FW,ZONE_START,136,/home/ekaterina_kuzmina1/tenstorrent/.venv/lib/python3.10/site-packages/ttnn/tt_metal/hw/firmware/src/tt-1xx/trisc.cc,
3,1,3,TRISC_2,360,11019124110920,0,4099,,,TRISC-KERNEL,ZONE_START,62,/home/ekaterina_kuzmina1/tenstorrent/.venv/lib/python3.10/site-packages/ttnn/tt_metal/hw/firmware/src/tt-1xx/trisck.cc,
3,1,3,TRISC_2,360,11019124275054,0,4099,,,TRISC-KERNEL,ZONE_END,62,/home/ekaterina_kuzmina1/tenstorrent/.venv/lib/python3.10/site-packages/ttnn/tt_metal/hw/firmware/src/tt-1xx/trisck.cc,
3,1,3,TRISC_2,8413,11019124275094,0,4099,,,TRISC-FW,ZONE_END,136,/home/ekaterina_kuzmina1/tenstorrent/.venv/lib/python3.10/site-packages/ttnn/tt_metal/hw/firmware/src/tt-1xx/trisc.cc,
3,1,4,BRISC,61457,11018334781843,0,2051,,,BRISC-FW,ZONE_START,412,/home/ekaterina_kuzmina1/tenstorrent/.venv/lib/python3.10/site-packages/ttnn/tt_metal/hw/firmware/src/tt-1xx/brisc.cc,
3,1,4,BRISC,63326,11018334782634,0,2051,,,BRISC-KERNEL,ZONE_START,64,/home/ekaterina_kuzmina1/tenstorrent/.venv/lib/python3.10/site-packages/ttnn/tt_metal/hw/firmware/src/tt-1xx/brisck.cc,
3,1,4,BRISC,63326,11018335362089,0,2051,,,BRISC-KERNEL,ZONE_END,64,/home/ekaterina_kuzmina1/tenstorrent/.venv/lib/python3.10/site-packages/ttnn/tt_metal/hw/firmware/src/tt-1xx/brisck.cc,
3,1,4,BRISC,61457,11018335362273,0,2051,,,BRISC-FW,ZONE_END,412,/home/ekaterina_kuzmina1/tenstorrent/.venv/lib/python3.10/site-packages/ttnn/tt_metal/hw/firmware/src/tt-1xx/brisc.cc,
3,1,4,BRISC,61457,11018391680746,0,3075,,,BRISC-FW,ZONE_START,412,/home/ekaterina_kuzmina1/tenstorrent/.venv/lib/python3.10/site-packages/ttnn/tt_metal/hw/firmware/src/tt-1xx/brisc.cc,
3,1,4,BRISC,63326,11018391681445,0,3075,,,BRISC-KERNEL,ZONE_START,64,/home/ekaterina_kuzmina1/tenstorrent/.venv/lib/python3.10/site-packages/ttnn/tt_metal/hw/firmware/src/tt-1xx/brisck.cc,
3,1,4,BRISC,63326,11018392298352,0,3075,,,BRISC-KERNEL,ZONE_END,64,/home/ekaterina_kuzmina1/tenstorrent/.venv/lib/python3.10/site-packages/ttnn/tt_metal/hw/firmware/src/tt-1xx/brisck.cc,
3,1,4,BRISC,61457,11018392298532,0,3075,,,BRISC-FW,ZONE_END,412,/home/ekaterina_kuzmina1/tenstorrent/.venv/lib/python3.10/site-packages/ttnn/tt_metal/hw/firmware/src/tt-1xx/brisc.cc,
3,1,4,BRISC,61457,11019124110363,0,4099,,,BRISC-FW,ZONE_START,412,/home/ekaterina_kuzmina1/tenstorrent/.venv/lib/python3.10/site-packages/ttnn/tt_metal/hw/firmware/src/tt-1xx/brisc.cc,
3,1,4,BRISC,63326,11019124111223,0,4099,,,BRISC-KERNEL,ZONE_START,64,/home/ekaterina_kuzmina1/tenstorrent/.venv/lib/python3.10/site-packages/ttnn/tt_metal/hw/firmware/src/tt-1xx/brisck.cc,
3,1,4,BRISC,63326,11019124276100,0,4099,,,BRISC-KERNEL,ZONE_END,64,/home/ekaterina_kuzmina1/tenstorrent/.venv/lib/python3.10/site-packages/ttnn/tt_metal/hw/firmware/src/tt-1xx/brisck.cc,
3,1,4,BRISC,61457,11019124276281,0,4099,,,BRISC-FW,ZONE_END,412,/home/ekaterina_kuzmina1/tenstorrent/.venv/lib/python3.10/site-packages/ttnn/tt_metal/hw/firmware/src/tt-1xx/brisc.cc,
3,1,4,NCRISC,12030,11018334781999,0,2051,,,NCRISC-FW,ZONE_START,123,/home/ekaterina_kuzmina1/tenstorrent/.venv/lib/python3.10/site-packages/ttnn/tt_metal/hw/firmware/src/tt-1xx/ncrisc.cc,
3,1,4,NCRISC,16513,11018334782601,0,2051,,,NCRISC-KERNEL,ZONE_START,63,/home/ekaterina_kuzmina1/tenstorrent/.venv/lib/python3.10/site-packages/ttnn/tt_metal/hw/firmware/src/tt-1xx/ncrisck.cc,
3,1,4,NCRISC,16513,11018335251076,0,2051,,,NCRISC-KERNEL,ZONE_END,63,/home/ekaterina_kuzmina1/tenstorrent/.venv/lib/python3.10/site-packages/ttnn/tt_metal/hw/firmware/src/tt-1xx/ncrisck.cc,
3,1,4,NCRISC,12030,11018335251192,0,2051,,,NCRISC-FW,ZONE_END,123,/home/ekaterina_kuzmina1/tenstorrent/.venv/lib/python3.10/site-packages/ttnn/tt_metal/hw/firmware/src/tt-1xx/ncrisc.cc,
3,1,4,NCRISC,12030,11018391680893,0,3075,,,NCRISC-FW,ZONE_START,123,/home/ekaterina_kuzmina1/tenstorrent/.venv/lib/python3.10/site-packages/ttnn/tt_metal/hw/firmware/src/tt-1xx/ncrisc.cc,
3,1,4,NCRISC,16513,11018391681417,0,3075,,,NCRISC-KERNEL,ZONE_START,63,/home/ekaterina_kuzmina1/tenstorrent/.venv/lib/python3.10/site-packages/ttnn/tt_metal/hw/firmware/src/tt-1xx/ncrisck.cc,
3,1,4,NCRISC,16513,11018392295909,0,3075,,,NCRISC-KERNEL,ZONE_END,63,/home/ekaterina_kuzmina1/tenstorrent/.venv/lib/python3.10/site-packages/ttnn/tt_metal/hw/firmware/src/tt-1xx/ncrisck.cc,
3,1,4,NCRISC,12030,11018392296025,0,3075,,,NCRISC-FW,ZONE_END,123,/home/ekaterina_kuzmina1/tenstorrent/.venv/lib/python3.10/site-packages/ttnn/tt_metal/hw/firmware/src/tt-1xx/ncrisc.cc,
3,1,4,NCRISC,12030,11019124110510,0,4099,,,NCRISC-FW,ZONE_START,123,/home/ekaterina_kuzmina1/tenstorrent/.venv/lib/python3.10/site-packages/ttnn/tt_metal/hw/firmware/src/tt-1xx/ncrisc.cc,
3,1,4,NCRISC,16513,11019124111206,0,4099,,,NCRISC-KERNEL,ZONE_START,63,/home/ekaterina_kuzmina1/tenstorrent/.venv/lib/python3.10/site-packages/ttnn/tt_metal/hw/firmware/src/tt-1xx/ncrisck.cc,
3,1,4,NCRISC,16513,11019124275123,0,4099,,,NCRISC-KERNEL,ZONE_END,63,/home/ekaterina_kuzmina1/tenstorrent/.venv/lib/python3.10/site-packages/ttnn/tt_metal/hw/firmware/src/tt-1xx/ncrisck.cc,
3,1,4,NCRISC,12030,11019124275257,0,4099,,,NCRISC-FW,ZONE_END,123,/home/ekaterina_kuzmina1/tenstorrent/.venv/lib/python3.10/site-packages/ttnn/tt_metal/hw/firmware/src/tt-1xx/ncrisc.cc,
3,1,4,TRISC_0,8413,11018334782097,0,2051,,,TRISC-FW,ZONE_START,136,/home/ekaterina_kuzmina1/tenstorrent/.venv/lib/python3.10/site-packages/ttnn/tt_metal/hw/firmware/src/tt-1xx/trisc.cc,
3,1,4,TRISC_0,360,11018334782493,0,2051,,,TRISC-KERNEL,ZONE_START,62,/home/ekaterina_kuzmina1/tenstorrent/.venv/lib/python3.10/site-packages/ttnn/tt_metal/hw/firmware/src/tt-1xx/trisck.cc,
3,1,4,TRISC_0,360,11018335285934,0,2051,,,TRISC-KERNEL,ZONE_END,62,/home/ekaterina_kuzmina1/tenstorrent/.venv/lib/python3.10/site-packages/ttnn/tt_metal/hw/firmware/src/tt-1xx/trisck.cc,
3,1,4,TRISC_0,8413,11018335286678,0,2051,,,TRISC-FW,ZONE_END,136,/home/ekaterina_kuzmina1/tenstorrent/.venv/lib/python3.10/site-packages/ttnn/tt_metal/hw/firmware/src/tt-1xx/trisc.cc,
3,1,4,TRISC_0,8413,11019124110617,0,4099,,,TRISC-FW,ZONE_START,136,/home/ekaterina_kuzmina1/tenstorrent/.venv/lib/python3.10/site-packages/ttnn/tt_metal/hw/firmware/src/tt-1xx/trisc.cc,
3,1,4,TRISC_0,360,11019124110953,0,4099,,,TRISC-KERNEL,ZONE_START,62,/home/ekaterina_kuzmina1/tenstorrent/.venv/lib/python3.10/site-packages/ttnn/tt_metal/hw/firmware/src/tt-1xx/trisck.cc,
3,1,4,TRISC_0,360,11019124275154,0,4099,,,TRISC-KERNEL,ZONE_END,62,/home/ekaterina_kuzmina1/tenstorrent/.venv/lib/python3.10/site-packages/ttnn/tt_metal/hw/firmware/src/tt-1xx/trisck.cc,
3,1,4,TRISC_0,8413,11019124275197,0,4099,,,TRISC-FW,ZONE_END,136,/home/ekaterina_kuzmina1/tenstorrent/.venv/lib/python3.10/site-packages/ttnn/tt_metal/hw/firmware/src/tt-1xx/trisc.cc,
3,1,4,TRISC_1,8413,11018334782082,0,2051,,,TRISC-FW,ZONE_START,136,/home/ekaterina_kuzmina1/tenstorrent/.venv/lib/python3.10/site-packages/ttnn/tt_metal/hw/firmware/src/tt-1xx/trisc.cc,
3,1,4,TRISC_1,360,11018334782487,0,2051,,,TRISC-KERNEL,ZONE_START,62,/home/ekaterina_kuzmina1/tenstorrent/.venv/lib/python3.10/site-packages/ttnn/tt_metal/hw/firmware/src/tt-1xx/trisck.cc,
3,1,4,TRISC_1,360,11018335286732,0,2051,,,TRISC-KERNEL,ZONE_END,62,/home/ekaterina_kuzmina1/tenstorrent/.venv/lib/python3.10/site-packages/ttnn/tt_metal/hw/firmware/src/tt-1xx/trisck.cc,
3,1,4,TRISC_1,8413,11018335286789,0,2051,,,TRISC-FW,ZONE_END,136,/home/ekaterina_kuzmina1/tenstorrent/.venv/lib/python3.10/site-packages/ttnn/tt_metal/hw/firmware/src/tt-1xx/trisc.cc,
3,1,4,TRISC_1,8413,11019124110606,0,4099,,,TRISC-FW,ZONE_START,136,/home/ekaterina_kuzmina1/tenstorrent/.venv/lib/python3.10/site-packages/ttnn/tt_metal/hw/firmware/src/tt-1xx/trisc.cc,
3,1,4,TRISC_1,360,11019124110795,0,4099,,,TRISC-KERNEL,ZONE_START,62,/home/ekaterina_kuzmina1/tenstorrent/.venv/lib/python3.10/site-packages/ttnn/tt_metal/hw/firmware/src/tt-1xx/trisck.cc,
3,1,4,TRISC_1,360,11019124273499,0,4099,,,TRISC-KERNEL,ZONE_END,62,/home/ekaterina_kuzmina1/tenstorrent/.venv/lib/python3.10/site-packages/ttnn/tt_metal/hw/firmware/src/tt-1xx/trisck.cc,
3,1,4,TRISC_1,8413,11019124275177,0,4099,,,TRISC-FW,ZONE_END,136,/home/ekaterina_kuzmina1/tenstorrent/.venv/lib/python3.10/site-packages/ttnn/tt_metal/hw/firmware/src/tt-1xx/trisc.cc,
3,1,4,TRISC_2,8413,11018334782098,0,2051,,,TRISC-FW,ZONE_START,136,/home/ekaterina_kuzmina1/tenstorrent/.venv/lib/python3.10/site-packages/ttnn/tt_metal/hw/firmware/src/tt-1xx/trisc.cc,
3,1,4,TRISC_2,360,11018334782484,0,2051,,,TRISC-KERNEL,ZONE_START,62,/home/ekaterina_kuzmina1/tenstorrent/.venv/lib/python3.10/site-packages/ttnn/tt_metal/hw/firmware/src/tt-1xx/trisck.cc,
3,1,4,TRISC_2,360,11018335286849,0,2051,,,TRISC-KERNEL,ZONE_END,62,/home/ekaterina_kuzmina1/tenstorrent/.venv/lib/python3.10/site-packages/ttnn/tt_metal/hw/firmware/src/tt-1xx/trisck.cc,
3,1,4,TRISC_2,8413,11018335287076,0,2051,,,TRISC-FW,ZONE_END,136,/home/ekaterina_kuzmina1/tenstorrent/.venv/lib/python3.10/site-packages/ttnn/tt_metal/hw/firmware/src/tt-1xx/trisc.cc,
3,1,4,TRISC_2,8413,11019124110619,0,4099,,,TRISC-FW,ZONE_START,136,/home/ekaterina_kuzmina1/tenstorrent/.venv/lib/python3.10/site-packages/ttnn/tt_metal/hw/firmware/src/tt-1xx/trisc.cc,
3,1,4,TRISC_2,360,11019124110946,0,4099,,,TRISC-KERNEL,ZONE_START,62,/home/ekaterina_kuzmina1/tenstorrent/.venv/lib/python3.10/site-packages/ttnn/tt_metal/hw/firmware/src/tt-1xx/trisck.cc,
3,1,4,TRISC_2,360,11019124274613,0,4099,,,TRISC-KERNEL,ZONE_END,62,/home/ekaterina_kuzmina1/tenstorrent/.venv/lib/python3.10/site-packages/ttnn/tt_metal/hw/firmware/src/tt-1xx/trisck.cc,
3,1,4,TRISC_2,8413,11019124275287,0,4099,,,TRISC-FW,ZONE_END,136,/home/ekaterina_kuzmina1/tenstorrent/.venv/lib/python3.10/site-packages/ttnn/tt_metal/hw/firmware/src/tt-1xx/trisc.cc,
3,1,5,BRISC,61457,11018334781857,0,2051,,,BRISC-FW,ZONE_START,412,/home/ekaterina_kuzmina1/tenstorrent/.venv/lib/python3.10/site-packages/ttnn/tt_metal/hw/firmware/src/tt-1xx/brisc.cc,
3,1,5,BRISC,63326,11018334782634,0,2051,,,BRISC-KERNEL,ZONE_START,64,/home/ekaterina_kuzmina1/tenstorrent/.venv/lib/python3.10/site-packages/ttnn/tt_metal/hw/firmware/src/tt-1xx/brisck.cc,
3,1,5,BRISC,63326,11018335343990,0,2051,,,BRISC-KERNEL,ZONE_END,64,/home/ekaterina_kuzmina1/tenstorrent/.venv/lib/python3.10/site-packages/ttnn/tt_metal/hw/firmware/src/tt-1xx/brisck.cc,
3,1,5,BRISC,61457,11018335344177,0,2051,,,BRISC-FW,ZONE_END,412,/home/ekaterina_kuzmina1/tenstorrent/.venv/lib/python3.10/site-packages/ttnn/tt_metal/hw/firmware/src/tt-1xx/brisc.cc,
3,1,5,BRISC,61457,11018391680722,0,3075,,,BRISC-FW,ZONE_START,412,/home/ekaterina_kuzmina1/tenstorrent/.venv/lib/python3.10/site-packages/ttnn/tt_metal/hw/firmware/src/tt-1xx/brisc.cc,
3,1,5,BRISC,63326,11018391681421,0,3075,,,BRISC-KERNEL,ZONE_START,64,/home/ekaterina_kuzmina1/tenstorrent/.venv/lib/python3.10/site-packages/ttnn/tt_metal/hw/firmware/src/tt-1xx/brisck.cc,
3,1,5,BRISC,63326,11018392294718,0,3075,,,BRISC-KERNEL,ZONE_END,64,/home/ekaterina_kuzmina1/tenstorrent/.venv/lib/python3.10/site-packages/ttnn/tt_metal/hw/firmware/src/tt-1xx/brisck.cc,
3,1,5,BRISC,61457,11018392294895,0,3075,,,BRISC-FW,ZONE_END,412,/home/ekaterina_kuzmina1/tenstorrent/.venv/lib/python3.10/site-packages/ttnn/tt_metal/hw/firmware/src/tt-1xx/brisc.cc,
3,1,5,BRISC,61457,11019124110348,0,4099,,,BRISC-FW,ZONE_START,412,/home/ekaterina_kuzmina1/tenstorrent/.venv/lib/python3.10/site-packages/ttnn/tt_metal/hw/firmware/src/tt-1xx/brisc.cc,
3,1,5,BRISC,63326,11019124111205,0,4099,,,BRISC-KERNEL,ZONE_START,64,/home/ekaterina_kuzmina1/tenstorrent/.venv/lib/python3.10/site-packages/ttnn/tt_metal/hw/firmware/src/tt-1xx/brisck.cc,
3,1,5,BRISC,63326,11019124276125,0,4099,,,BRISC-KERNEL,ZONE_END,64,/home/ekaterina_kuzmina1/tenstorrent/.venv/lib/python3.10/site-packages/ttnn/tt_metal/hw/firmware/src/tt-1xx/brisck.cc,
3,1,5,BRISC,61457,11019124276305,0,4099,,,BRISC-FW,ZONE_END,412,/home/ekaterina_kuzmina1/tenstorrent/.venv/lib/python3.10/site-packages/ttnn/tt_metal/hw/firmware/src/tt-1xx/brisc.cc,
3,1,5,NCRISC,12030,11018334782014,0,2051,,,NCRISC-FW,ZONE_START,123,/home/ekaterina_kuzmina1/tenstorrent/.venv/lib/python3.10/site-packages/ttnn/tt_metal/hw/firmware/src/tt-1xx/ncrisc.cc,
3,1,5,NCRISC,16513,11018334782615,0,2051,,,NCRISC-KERNEL,ZONE_START,63,/home/ekaterina_kuzmina1/tenstorrent/.venv/lib/python3.10/site-packages/ttnn/tt_metal/hw/firmware/src/tt-1xx/ncrisck.cc,
3,1,5,NCRISC,16513,11018335248854,0,2051,,,NCRISC-KERNEL,ZONE_END,63,/home/ekaterina_kuzmina1/tenstorrent/.venv/lib/python3.10/site-packages/ttnn/tt_metal/hw/firmware/src/tt-1xx/ncrisck.cc,
3,1,5,NCRISC,12030,11018335248972,0,2051,,,NCRISC-FW,ZONE_END,123,/home/ekaterina_kuzmina1/tenstorrent/.venv/lib/python3.10/site-packages/ttnn/tt_metal/hw/firmware/src/tt-1xx/ncrisc.cc,
3,1,5,NCRISC,12030,11018391680869,0,3075,,,NCRISC-FW,ZONE_START,123,/home/ekaterina_kuzmina1/tenstorrent/.venv/lib/python3.10/site-packages/ttnn/tt_metal/hw/firmware/src/tt-1xx/ncrisc.cc,
3,1,5,NCRISC,16513,11018391681393,0,3075,,,NCRISC-KERNEL,ZONE_START,63,/home/ekaterina_kuzmina1/tenstorrent/.venv/lib/python3.10/site-packages/ttnn/tt_metal/hw/firmware/src/tt-1xx/ncrisck.cc,
3,1,5,NCRISC,16513,11018392292220,0,3075,,,NCRISC-KERNEL,ZONE_END,63,/home/ekaterina_kuzmina1/tenstorrent/.venv/lib/python3.10/site-packages/ttnn/tt_metal/hw/firmware/src/tt-1xx/ncrisck.cc,
3,1,5,NCRISC,12030,11018392292338,0,3075,,,NCRISC-FW,ZONE_END,123,/home/ekaterina_kuzmina1/tenstorrent/.venv/lib/python3.10/site-packages/ttnn/tt_metal/hw/firmware/src/tt-1xx/ncrisc.cc,
3,1,5,NCRISC,12030,11019124110498,0,4099,,,NCRISC-FW,ZONE_START,123,/home/ekaterina_kuzmina1/tenstorrent/.venv/lib/python3.10/site-packages/ttnn/tt_metal/hw/firmware/src/tt-1xx/ncrisc.cc,
3,1,5,NCRISC,16513,11019124111187,0,4099,,,NCRISC-KERNEL,ZONE_START,63,/home/ekaterina_kuzmina1/tenstorrent/.venv/lib/python3.10/site-packages/ttnn/tt_metal/hw/firmware/src/tt-1xx/ncrisck.cc,
3,1,5,NCRISC,16513,11019124275319,0,4099,,,NCRISC-KERNEL,ZONE_END,63,/home/ekaterina_kuzmina1/tenstorrent/.venv/lib/python3.10/site-packages/ttnn/tt_metal/hw/firmware/src/tt-1xx/ncrisck.cc,
3,1,5,NCRISC,12030,11019124275450,0,4099,,,NCRISC-FW,ZONE_END,123,/home/ekaterina_kuzmina1/tenstorrent/.venv/lib/python3.10/site-packages/ttnn/tt_metal/hw/firmware/src/tt-1xx/ncrisc.cc,
3,1,5,TRISC_0,8413,11018334782117,0,2051,,,TRISC-FW,ZONE_START,136,/home/ekaterina_kuzmina1/tenstorrent/.venv/lib/python3.10/site-packages/ttnn/tt_metal/hw/firmware/src/tt-1xx/trisc.cc,
3,1,5,TRISC_0,360,11018334782514,0,2051,,,TRISC-KERNEL,ZONE_START,62,/home/ekaterina_kuzmina1/tenstorrent/.venv/lib/python3.10/site-packages/ttnn/tt_metal/hw/firmware/src/tt-1xx/trisck.cc,
3,1,5,TRISC_0,360,11018335285933,0,2051,,,TRISC-KERNEL,ZONE_END,62,/home/ekaterina_kuzmina1/tenstorrent/.venv/lib/python3.10/site-packages/ttnn/tt_metal/hw/firmware/src/tt-1xx/trisck.cc,
3,1,5,TRISC_0,8413,11018335286675,0,2051,,,TRISC-FW,ZONE_END,136,/home/ekaterina_kuzmina1/tenstorrent/.venv/lib/python3.10/site-packages/ttnn/tt_metal/hw/firmware/src/tt-1xx/trisc.cc,
3,1,5,TRISC_0,8413,11019124110595,0,4099,,,TRISC-FW,ZONE_START,136,/home/ekaterina_kuzmina1/tenstorrent/.venv/lib/python3.10/site-packages/ttnn/tt_metal/hw/firmware/src/tt-1xx/trisc.cc,
3,1,5,TRISC_0,360,11019124110935,0,4099,,,TRISC-KERNEL,ZONE_START,62,/home/ekaterina_kuzmina1/tenstorrent/.venv/lib/python3.10/site-packages/ttnn/tt_metal/hw/firmware/src/tt-1xx/trisck.cc,
3,1,5,TRISC_0,360,11019124275357,0,4099,,,TRISC-KERNEL,ZONE_END,62,/home/ekaterina_kuzmina1/tenstorrent/.venv/lib/python3.10/site-packages/ttnn/tt_metal/hw/firmware/src/tt-1xx/trisck.cc,
3,1,5,TRISC_0,8413,11019124275408,0,4099,,,TRISC-FW,ZONE_END,136,/home/ekaterina_kuzmina1/tenstorrent/.venv/lib/python3.10/site-packages/ttnn/tt_metal/hw/firmware/src/tt-1xx/trisc.cc,
3,1,5,TRISC_1,8413,11018334782116,0,2051,,,TRISC-FW,ZONE_START,136,/home/ekaterina_kuzmina1/tenstorrent/.venv/lib/python3.10/site-packages/ttnn/tt_metal/hw/firmware/src/tt-1xx/trisc.cc,
3,1,5,TRISC_1,360,11018334782477,0,2051,,,TRISC-KERNEL,ZONE_START,62,/home/ekaterina_kuzmina1/tenstorrent/.venv/lib/python3.10/site-packages/ttnn/tt_metal/hw/firmware/src/tt-1xx/trisck.cc,
3,1,5,TRISC_1,360,11018335286729,0,2051,,,TRISC-KERNEL,ZONE_END,62,/home/ekaterina_kuzmina1/tenstorrent/.venv/lib/python3.10/site-packages/ttnn/tt_metal/hw/firmware/src/tt-1xx/trisck.cc,
3,1,5,TRISC_1,8413,11018335286785,0,2051,,,TRISC-FW,ZONE_END,136,/home/ekaterina_kuzmina1/tenstorrent/.venv/lib/python3.10/site-packages/ttnn/tt_metal/hw/firmware/src/tt-1xx/trisc.cc,
3,1,5,TRISC_1,8413,11019124110589,0,4099,,,TRISC-FW,ZONE_START,136,/home/ekaterina_kuzmina1/tenstorrent/.venv/lib/python3.10/site-packages/ttnn/tt_metal/hw/firmware/src/tt-1xx/trisc.cc,
3,1,5,TRISC_1,360,11019124110769,0,4099,,,TRISC-KERNEL,ZONE_START,62,/home/ekaterina_kuzmina1/tenstorrent/.venv/lib/python3.10/site-packages/ttnn/tt_metal/hw/firmware/src/tt-1xx/trisck.cc,
3,1,5,TRISC_1,360,11019124273745,0,4099,,,TRISC-KERNEL,ZONE_END,62,/home/ekaterina_kuzmina1/tenstorrent/.venv/lib/python3.10/site-packages/ttnn/tt_metal/hw/firmware/src/tt-1xx/trisck.cc,
3,1,5,TRISC_1,8413,11019124275373,0,4099,,,TRISC-FW,ZONE_END,136,/home/ekaterina_kuzmina1/tenstorrent/.venv/lib/python3.10/site-packages/ttnn/tt_metal/hw/firmware/src/tt-1xx/trisc.cc,
3,1,5,TRISC_2,8413,11018334782126,0,2051,,,TRISC-FW,ZONE_START,136,/home/ekaterina_kuzmina1/tenstorrent/.venv/lib/python3.10/site-packages/ttnn/tt_metal/hw/firmware/src/tt-1xx/trisc.cc,
3,1,5,TRISC_2,360,11018334782519,0,2051,,,TRISC-KERNEL,ZONE_START,62,/home/ekaterina_kuzmina1/tenstorrent/.venv/lib/python3.10/site-packages/ttnn/tt_metal/hw/firmware/src/tt-1xx/trisck.cc,
3,1,5,TRISC_2,360,11018335286844,0,2051,,,TRISC-KERNEL,ZONE_END,62,/home/ekaterina_kuzmina1/tenstorrent/.venv/lib/python3.10/site-packages/ttnn/tt_metal/hw/firmware/src/tt-1xx/trisck.cc,
3,1,5,TRISC_2,8413,11018335287075,0,2051,,,TRISC-FW,ZONE_END,136,/home/ekaterina_kuzmina1/tenstorrent/.venv/lib/python3.10/site-packages/ttnn/tt_metal/hw/firmware/src/tt-1xx/trisc.cc,
3,1,5,TRISC_2,8413,11019124110600,0,4099,,,TRISC-FW,ZONE_START,136,/home/ekaterina_kuzmina1/tenstorrent/.venv/lib/python3.10/site-packages/ttnn/tt_metal/hw/firmware/src/tt-1xx/trisc.cc,
3,1,5,TRISC_2,360,11019124110928,0,4099,,,TRISC-KERNEL,ZONE_START,62,/home/ekaterina_kuzmina1/tenstorrent/.venv/lib/python3.10/site-packages/ttnn/tt_metal/hw/firmware/src/tt-1xx/trisck.cc,
3,1,5,TRISC_2,360,11019124274877,0,4099,,,TRISC-KERNEL,ZONE_END,62,/home/ekaterina_kuzmina1/tenstorrent/.venv/lib/python3.10/site-packages/ttnn/tt_metal/hw/firmware/src/tt-1xx/trisck.cc,
3,1,5,TRISC_2,8413,11019124275481,0,4099,,,TRISC-FW,ZONE_END,136,/home/ekaterina_kuzmina1/tenstorrent/.venv/lib/python3.10/site-packages/ttnn/tt_metal/hw/firmware/src/tt-1xx/trisc.cc,
3,1,7,BRISC,61457,11018334781856,0,2051,,,BRISC-FW,ZONE_START,412,/home/ekaterina_kuzmina1/tenstorrent/.venv/lib/python3.10/site-packages/ttnn/tt_metal/hw/firmware/src/tt-1xx/brisc.cc,
3,1,7,BRISC,63326,11018334782620,0,2051,,,BRISC-KERNEL,ZONE_START,64,/home/ekaterina_kuzmina1/tenstorrent/.venv/lib/python3.10/site-packages/ttnn/tt_metal/hw/firmware/src/tt-1xx/brisck.cc,
3,1,7,BRISC,63326,11018335330206,0,2051,,,BRISC-KERNEL,ZONE_END,64,/home/ekaterina_kuzmina1/tenstorrent/.venv/lib/python3.10/site-packages/ttnn/tt_metal/hw/firmware/src/tt-1xx/brisck.cc,
3,1,7,BRISC,61457,11018335330392,0,2051,,,BRISC-FW,ZONE_END,412,/home/ekaterina_kuzmina1/tenstorrent/.venv/lib/python3.10/site-packages/ttnn/tt_metal/hw/firmware/src/tt-1xx/brisc.cc,
3,1,7,BRISC,61457,11018391680759,0,3075,,,BRISC-FW,ZONE_START,412,/home/ekaterina_kuzmina1/tenstorrent/.venv/lib/python3.10/site-packages/ttnn/tt_metal/hw/firmware/src/tt-1xx/brisc.cc,
3,1,7,BRISC,63326,11018391681480,0,3075,,,BRISC-KERNEL,ZONE_START,64,/home/ekaterina_kuzmina1/tenstorrent/.venv/lib/python3.10/site-packages/ttnn/tt_metal/hw/firmware/src/tt-1xx/brisck.cc,
3,1,7,BRISC,63326,11018392292206,0,3075,,,BRISC-KERNEL,ZONE_END,64,/home/ekaterina_kuzmina1/tenstorrent/.venv/lib/python3.10/site-packages/ttnn/tt_metal/hw/firmware/src/tt-1xx/brisck.cc,
3,1,7,BRISC,61457,11018392292383,0,3075,,,BRISC-FW,ZONE_END,412,/home/ekaterina_kuzmina1/tenstorrent/.venv/lib/python3.10/site-packages/ttnn/tt_metal/hw/firmware/src/tt-1xx/brisc.cc,
3,1,7,BRISC,61457,11019124110376,0,4099,,,BRISC-FW,ZONE_START,412,/home/ekaterina_kuzmina1/tenstorrent/.venv/lib/python3.10/site-packages/ttnn/tt_metal/hw/firmware/src/tt-1xx/brisc.cc,
3,1,7,BRISC,63326,11019124111241,0,4099,,,BRISC-KERNEL,ZONE_START,64,/home/ekaterina_kuzmina1/tenstorrent/.venv/lib/python3.10/site-packages/ttnn/tt_metal/hw/firmware/src/tt-1xx/brisck.cc,
3,1,7,BRISC,63326,11019124277903,0,4099,,,BRISC-KERNEL,ZONE_END,64,/home/ekaterina_kuzmina1/tenstorrent/.venv/lib/python3.10/site-packages/ttnn/tt_metal/hw/firmware/src/tt-1xx/brisck.cc,
3,1,7,BRISC,61457,11019124278084,0,4099,,,BRISC-FW,ZONE_END,412,/home/ekaterina_kuzmina1/tenstorrent/.venv/lib/python3.10/site-packages/ttnn/tt_metal/hw/firmware/src/tt-1xx/brisc.cc,
3,1,7,NCRISC,12030,11018334782005,0,2051,,,NCRISC-FW,ZONE_START,123,/home/ekaterina_kuzmina1/tenstorrent/.venv/lib/python3.10/site-packages/ttnn/tt_metal/hw/firmware/src/tt-1xx/ncrisc.cc,
3,1,7,NCRISC,16513,11018334782598,0,2051,,,NCRISC-KERNEL,ZONE_START,63,/home/ekaterina_kuzmina1/tenstorrent/.venv/lib/python3.10/site-packages/ttnn/tt_metal/hw/firmware/src/tt-1xx/ncrisck.cc,
3,1,7,NCRISC,16513,11018335241989,0,2051,,,NCRISC-KERNEL,ZONE_END,63,/home/ekaterina_kuzmina1/tenstorrent/.venv/lib/python3.10/site-packages/ttnn/tt_metal/hw/firmware/src/tt-1xx/ncrisck.cc,
3,1,7,NCRISC,12030,11018335242105,0,2051,,,NCRISC-FW,ZONE_END,123,/home/ekaterina_kuzmina1/tenstorrent/.venv/lib/python3.10/site-packages/ttnn/tt_metal/hw/firmware/src/tt-1xx/ncrisc.cc,
3,1,7,NCRISC,12030,11018391680906,0,3075,,,NCRISC-FW,ZONE_START,123,/home/ekaterina_kuzmina1/tenstorrent/.venv/lib/python3.10/site-packages/ttnn/tt_metal/hw/firmware/src/tt-1xx/ncrisc.cc,
3,1,7,NCRISC,16513,11018391681453,0,3075,,,NCRISC-KERNEL,ZONE_START,63,/home/ekaterina_kuzmina1/tenstorrent/.venv/lib/python3.10/site-packages/ttnn/tt_metal/hw/firmware/src/tt-1xx/ncrisck.cc,
3,1,7,NCRISC,16513,11018392289709,0,3075,,,NCRISC-KERNEL,ZONE_END,63,/home/ekaterina_kuzmina1/tenstorrent/.venv/lib/python3.10/site-packages/ttnn/tt_metal/hw/firmware/src/tt-1xx/ncrisck.cc,
3,1,7,NCRISC,12030,11018392289821,0,3075,,,NCRISC-FW,ZONE_END,123,/home/ekaterina_kuzmina1/tenstorrent/.venv/lib/python3.10/site-packages/ttnn/tt_metal/hw/firmware/src/tt-1xx/ncrisc.cc,
3,1,7,NCRISC,12030,11019124110519,0,4099,,,NCRISC-FW,ZONE_START,123,/home/ekaterina_kuzmina1/tenstorrent/.venv/lib/python3.10/site-packages/ttnn/tt_metal/hw/firmware/src/tt-1xx/ncrisc.cc,
3,1,7,NCRISC,16513,11019124111221,0,4099,,,NCRISC-KERNEL,ZONE_START,63,/home/ekaterina_kuzmina1/tenstorrent/.venv/lib/python3.10/site-packages/ttnn/tt_metal/hw/firmware/src/tt-1xx/ncrisck.cc,
3,1,7,NCRISC,16513,11019124276807,0,4099,,,NCRISC-KERNEL,ZONE_END,63,/home/ekaterina_kuzmina1/tenstorrent/.venv/lib/python3.10/site-packages/ttnn/tt_metal/hw/firmware/src/tt-1xx/ncrisck.cc,
3,1,7,NCRISC,12030,11019124276942,0,4099,,,NCRISC-FW,ZONE_END,123,/home/ekaterina_kuzmina1/tenstorrent/.venv/lib/python3.10/site-packages/ttnn/tt_metal/hw/firmware/src/tt-1xx/ncrisc.cc,
3,1,7,TRISC_0,8413,11018334782116,0,2051,,,TRISC-FW,ZONE_START,136,/home/ekaterina_kuzmina1/tenstorrent/.venv/lib/python3.10/site-packages/ttnn/tt_metal/hw/firmware/src/tt-1xx/trisc.cc,
3,1,7,TRISC_0,360,11018334782506,0,2051,,,TRISC-KERNEL,ZONE_START,62,/home/ekaterina_kuzmina1/tenstorrent/.venv/lib/python3.10/site-packages/ttnn/tt_metal/hw/firmware/src/tt-1xx/trisck.cc,
3,1,7,TRISC_0,360,11018335285964,0,2051,,,TRISC-KERNEL,ZONE_END,62,/home/ekaterina_kuzmina1/tenstorrent/.venv/lib/python3.10/site-packages/ttnn/tt_metal/hw/firmware/src/tt-1xx/trisck.cc,
3,1,7,TRISC_0,8413,11018335286714,0,2051,,,TRISC-FW,ZONE_END,136,/home/ekaterina_kuzmina1/tenstorrent/.venv/lib/python3.10/site-packages/ttnn/tt_metal/hw/firmware/src/tt-1xx/trisc.cc,
3,1,7,TRISC_0,8413,11019124110629,0,4099,,,TRISC-FW,ZONE_START,136,/home/ekaterina_kuzmina1/tenstorrent/.venv/lib/python3.10/site-packages/ttnn/tt_metal/hw/firmware/src/tt-1xx/trisc.cc,
3,1,7,TRISC_0,360,11019124110969,0,4099,,,TRISC-KERNEL,ZONE_START,62,/home/ekaterina_kuzmina1/tenstorrent/.venv/lib/python3.10/site-packages/ttnn/tt_metal/hw/firmware/src/tt-1xx/trisck.cc,
3,1,7,TRISC_0,360,11019124276839,0,4099,,,TRISC-KERNEL,ZONE_END,62,/home/ekaterina_kuzmina1/tenstorrent/.venv/lib/python3.10/site-packages/ttnn/tt_metal/hw/firmware/src/tt-1xx/trisck.cc,
3,1,7,TRISC_0,8413,11019124276882,0,4099,,,TRISC-FW,ZONE_END,136,/home/ekaterina_kuzmina1/tenstorrent/.venv/lib/python3.10/site-packages/ttnn/tt_metal/hw/firmware/src/tt-1xx/trisc.cc,
3,1,7,TRISC_1,8413,11018334782100,0,2051,,,TRISC-FW,ZONE_START,136,/home/ekaterina_kuzmina1/tenstorrent/.venv/lib/python3.10/site-packages/ttnn/tt_metal/hw/firmware/src/tt-1xx/trisc.cc,
3,1,7,TRISC_1,360,11018334782459,0,2051,,,TRISC-KERNEL,ZONE_START,62,/home/ekaterina_kuzmina1/tenstorrent/.venv/lib/python3.10/site-packages/ttnn/tt_metal/hw/firmware/src/tt-1xx/trisck.cc,
3,1,7,TRISC_1,360,11018335286768,0,2051,,,TRISC-KERNEL,ZONE_END,62,/home/ekaterina_kuzmina1/tenstorrent/.venv/lib/python3.10/site-packages/ttnn/tt_metal/hw/firmware/src/tt-1xx/trisck.cc,
3,1,7,TRISC_1,8413,11018335286824,0,2051,,,TRISC-FW,ZONE_END,136,/home/ekaterina_kuzmina1/tenstorrent/.venv/lib/python3.10/site-packages/ttnn/tt_metal/hw/firmware/src/tt-1xx/trisc.cc,
3,1,7,TRISC_1,8413,11019124110628,0,4099,,,TRISC-FW,ZONE_START,136,/home/ekaterina_kuzmina1/tenstorrent/.venv/lib/python3.10/site-packages/ttnn/tt_metal/hw/firmware/src/tt-1xx/trisc.cc,
3,1,7,TRISC_1,360,11019124110813,0,4099,,,TRISC-KERNEL,ZONE_START,62,/home/ekaterina_kuzmina1/tenstorrent/.venv/lib/python3.10/site-packages/ttnn/tt_metal/hw/firmware/src/tt-1xx/trisck.cc,
3,1,7,TRISC_1,360,11019124275516,0,4099,,,TRISC-KERNEL,ZONE_END,62,/home/ekaterina_kuzmina1/tenstorrent/.venv/lib/python3.10/site-packages/ttnn/tt_metal/hw/firmware/src/tt-1xx/trisck.cc,
3,1,7,TRISC_1,8413,11019124276861,0,4099,,,TRISC-FW,ZONE_END,136,/home/ekaterina_kuzmina1/tenstorrent/.venv/lib/python3.10/site-packages/ttnn/tt_metal/hw/firmware/src/tt-1xx/trisc.cc,
3,1,7,TRISC_2,8413,11018334782111,0,2051,,,TRISC-FW,ZONE_START,136,/home/ekaterina_kuzmina1/tenstorrent/.venv/lib/python3.10/site-packages/ttnn/tt_metal/hw/firmware/src/tt-1xx/trisc.cc,
3,1,7,TRISC_2,360,11018334782509,0,2051,,,TRISC-KERNEL,ZONE_START,62,/home/ekaterina_kuzmina1/tenstorrent/.venv/lib/python3.10/site-packages/ttnn/tt_metal/hw/firmware/src/tt-1xx/trisck.cc,
3,1,7,TRISC_2,360,11018335286894,0,2051,,,TRISC-KERNEL,ZONE_END,62,/home/ekaterina_kuzmina1/tenstorrent/.venv/lib/python3.10/site-packages/ttnn/tt_metal/hw/firmware/src/tt-1xx/trisck.cc,
3,1,7,TRISC_2,8413,11018335287123,0,2051,,,TRISC-FW,ZONE_END,136,/home/ekaterina_kuzmina1/tenstorrent/.venv/lib/python3.10/site-packages/ttnn/tt_metal/hw/firmware/src/tt-1xx/trisc.cc,
3,1,7,TRISC_2,8413,11019124110637,0,4099,,,TRISC-FW,ZONE_START,136,/home/ekaterina_kuzmina1/tenstorrent/.venv/lib/python3.10/site-packages/ttnn/tt_metal/hw/firmware/src/tt-1xx/trisc.cc,
3,1,7,TRISC_2,360,11019124110966,0,4099,,,TRISC-KERNEL,ZONE_START,62,/home/ekaterina_kuzmina1/tenstorrent/.venv/lib/python3.10/site-packages/ttnn/tt_metal/hw/firmware/src/tt-1xx/trisck.cc,
3,1,7,TRISC_2,360,11019124276533,0,4099,,,TRISC-KERNEL,ZONE_END,62,/home/ekaterina_kuzmina1/tenstorrent/.venv/lib/python3.10/site-packages/ttnn/tt_metal/hw/firmware/src/tt-1xx/trisck.cc,
3,1,7,TRISC_2,8413,11019124276969,0,4099,,,TRISC-FW,ZONE_END,136,/home/ekaterina_kuzmina1/tenstorrent/.venv/lib/python3.10/site-packages/ttnn/tt_metal/hw/firmware/src/tt-1xx/trisc.cc,
3,1,8,BRISC,61457,11018334781875,0,2051,,,BRISC-FW,ZONE_START,412,/home/ekaterina_kuzmina1/tenstorrent/.venv/lib/python3.10/site-packages/ttnn/tt_metal/hw/firmware/src/tt-1xx/brisc.cc,
3,1,8,BRISC,63326,11018334782648,0,2051,,,BRISC-KERNEL,ZONE_START,64,/home/ekaterina_kuzmina1/tenstorrent/.venv/lib/python3.10/site-packages/ttnn/tt_metal/hw/firmware/src/tt-1xx/brisck.cc,
3,1,8,BRISC,63326,11018335314732,0,2051,,,BRISC-KERNEL,ZONE_END,64,/home/ekaterina_kuzmina1/tenstorrent/.venv/lib/python3.10/site-packages/ttnn/tt_metal/hw/firmware/src/tt-1xx/brisck.cc,
3,1,8,BRISC,61457,11018335314919,0,2051,,,BRISC-FW,ZONE_END,412,/home/ekaterina_kuzmina1/tenstorrent/.venv/lib/python3.10/site-packages/ttnn/tt_metal/hw/firmware/src/tt-1xx/brisc.cc,
3,1,8,BRISC,61457,11018391680775,0,3075,,,BRISC-FW,ZONE_START,412,/home/ekaterina_kuzmina1/tenstorrent/.venv/lib/python3.10/site-packages/ttnn/tt_metal/hw/firmware/src/tt-1xx/brisc.cc,
3,1,8,BRISC,63326,11018391681484,0,3075,,,BRISC-KERNEL,ZONE_START,64,/home/ekaterina_kuzmina1/tenstorrent/.venv/lib/python3.10/site-packages/ttnn/tt_metal/hw/firmware/src/tt-1xx/brisck.cc,
3,1,8,BRISC,63326,11018392300242,0,3075,,,BRISC-KERNEL,ZONE_END,64,/home/ekaterina_kuzmina1/tenstorrent/.venv/lib/python3.10/site-packages/ttnn/tt_metal/hw/firmware/src/tt-1xx/brisck.cc,
3,1,8,BRISC,61457,11018392300422,0,3075,,,BRISC-FW,ZONE_END,412,/home/ekaterina_kuzmina1/tenstorrent/.venv/lib/python3.10/site-packages/ttnn/tt_metal/hw/firmware/src/tt-1xx/brisc.cc,
3,1,8,BRISC,61457,11019124110360,0,4099,,,BRISC-FW,ZONE_START,412,/home/ekaterina_kuzmina1/tenstorrent/.venv/lib/python3.10/site-packages/ttnn/tt_metal/hw/firmware/src/tt-1xx/brisc.cc,
3,1,8,BRISC,63326,11019124111231,0,4099,,,BRISC-KERNEL,ZONE_START,64,/home/ekaterina_kuzmina1/tenstorrent/.venv/lib/python3.10/site-packages/ttnn/tt_metal/hw/firmware/src/tt-1xx/brisck.cc,
3,1,8,BRISC,63326,11019124276335,0,4099,,,BRISC-KERNEL,ZONE_END,64,/home/ekaterina_kuzmina1/tenstorrent/.venv/lib/python3.10/site-packages/ttnn/tt_metal/hw/firmware/src/tt-1xx/brisck.cc,
3,1,8,BRISC,61457,11019124276515,0,4099,,,BRISC-FW,ZONE_END,412,/home/ekaterina_kuzmina1/tenstorrent/.venv/lib/python3.10/site-packages/ttnn/tt_metal/hw/firmware/src/tt-1xx/brisc.cc,
3,1,8,NCRISC,12030,11018334782028,0,2051,,,NCRISC-FW,ZONE_START,123,/home/ekaterina_kuzmina1/tenstorrent/.venv/lib/python3.10/site-packages/ttnn/tt_metal/hw/firmware/src/tt-1xx/ncrisc.cc,
3,1,8,NCRISC,16513,11018334782626,0,2051,,,NCRISC-KERNEL,ZONE_START,63,/home/ekaterina_kuzmina1/tenstorrent/.venv/lib/python3.10/site-packages/ttnn/tt_metal/hw/firmware/src/tt-1xx/ncrisck.cc,
3,1,8,NCRISC,16513,11018335241547,0,2051,,,NCRISC-KERNEL,ZONE_END,63,/home/ekaterina_kuzmina1/tenstorrent/.venv/lib/python3.10/site-packages/ttnn/tt_metal/hw/firmware/src/tt-1xx/ncrisck.cc,
3,1,8,NCRISC,12030,11018335241664,0,2051,,,NCRISC-FW,ZONE_END,123,/home/ekaterina_kuzmina1/tenstorrent/.venv/lib/python3.10/site-packages/ttnn/tt_metal/hw/firmware/src/tt-1xx/ncrisc.cc,
3,1,8,NCRISC,12030,11018391680923,0,3075,,,NCRISC-FW,ZONE_START,123,/home/ekaterina_kuzmina1/tenstorrent/.venv/lib/python3.10/site-packages/ttnn/tt_metal/hw/firmware/src/tt-1xx/ncrisc.cc,
3,1,8,NCRISC,16513,11018391681457,0,3075,,,NCRISC-KERNEL,ZONE_START,63,/home/ekaterina_kuzmina1/tenstorrent/.venv/lib/python3.10/site-packages/ttnn/tt_metal/hw/firmware/src/tt-1xx/ncrisck.cc,
3,1,8,NCRISC,16513,11018392297932,0,3075,,,NCRISC-KERNEL,ZONE_END,63,/home/ekaterina_kuzmina1/tenstorrent/.venv/lib/python3.10/site-packages/ttnn/tt_metal/hw/firmware/src/tt-1xx/ncrisck.cc,
3,1,8,NCRISC,12030,11018392298052,0,3075,,,NCRISC-FW,ZONE_END,123,/home/ekaterina_kuzmina1/tenstorrent/.venv/lib/python3.10/site-packages/ttnn/tt_metal/hw/firmware/src/tt-1xx/ncrisc.cc,
3,1,8,NCRISC,12030,11019124110513,0,4099,,,NCRISC-FW,ZONE_START,123,/home/ekaterina_kuzmina1/tenstorrent/.venv/lib/python3.10/site-packages/ttnn/tt_metal/hw/firmware/src/tt-1xx/ncrisc.cc,
3,1,8,NCRISC,16513,11019124111214,0,4099,,,NCRISC-KERNEL,ZONE_START,63,/home/ekaterina_kuzmina1/tenstorrent/.venv/lib/python3.10/site-packages/ttnn/tt_metal/hw/firmware/src/tt-1xx/ncrisck.cc,
3,1,8,NCRISC,16513,11019124275511,0,4099,,,NCRISC-KERNEL,ZONE_END,63,/home/ekaterina_kuzmina1/tenstorrent/.venv/lib/python3.10/site-packages/ttnn/tt_metal/hw/firmware/src/tt-1xx/ncrisck.cc,
3,1,8,NCRISC,12030,11019124275639,0,4099,,,NCRISC-FW,ZONE_END,123,/home/ekaterina_kuzmina1/tenstorrent/.venv/lib/python3.10/site-packages/ttnn/tt_metal/hw/firmware/src/tt-1xx/ncrisc.cc,
3,1,8,TRISC_0,8413,11018334782116,0,2051,,,TRISC-FW,ZONE_START,136,/home/ekaterina_kuzmina1/tenstorrent/.venv/lib/python3.10/site-packages/ttnn/tt_metal/hw/firmware/src/tt-1xx/trisc.cc,
3,1,8,TRISC_0,360,11018334782500,0,2051,,,TRISC-KERNEL,ZONE_START,62,/home/ekaterina_kuzmina1/tenstorrent/.venv/lib/python3.10/site-packages/ttnn/tt_metal/hw/firmware/src/tt-1xx/trisck.cc,
3,1,8,TRISC_0,360,11018335286016,0,2051,,,TRISC-KERNEL,ZONE_END,62,/home/ekaterina_kuzmina1/tenstorrent/.venv/lib/python3.10/site-packages/ttnn/tt_metal/hw/firmware/src/tt-1xx/trisck.cc,
3,1,8,TRISC_0,8413,11018335286783,0,2051,,,TRISC-FW,ZONE_END,136,/home/ekaterina_kuzmina1/tenstorrent/.venv/lib/python3.10/site-packages/ttnn/tt_metal/hw/firmware/src/tt-1xx/trisc.cc,
3,1,8,TRISC_0,8413,11019124110610,0,4099,,,TRISC-FW,ZONE_START,136,/home/ekaterina_kuzmina1/tenstorrent/.venv/lib/python3.10/site-packages/ttnn/tt_metal/hw/firmware/src/tt-1xx/trisc.cc,
3,1,8,TRISC_0,360,11019124110946,0,4099,,,TRISC-KERNEL,ZONE_START,62,/home/ekaterina_kuzmina1/tenstorrent/.venv/lib/python3.10/site-packages/ttnn/tt_metal/hw/firmware/src/tt-1xx/trisck.cc,
3,1,8,TRISC_0,360,11019124275542,0,4099,,,TRISC-KERNEL,ZONE_END,62,/home/ekaterina_kuzmina1/tenstorrent/.venv/lib/python3.10/site-packages/ttnn/tt_metal/hw/firmware/src/tt-1xx/trisck.cc,
3,1,8,TRISC_0,8413,11019124275585,0,4099,,,TRISC-FW,ZONE_END,136,/home/ekaterina_kuzmina1/tenstorrent/.venv/lib/python3.10/site-packages/ttnn/tt_metal/hw/firmware/src/tt-1xx/trisc.cc,
3,1,8,TRISC_1,8413,11018334782125,0,2051,,,TRISC-FW,ZONE_START,136,/home/ekaterina_kuzmina1/tenstorrent/.venv/lib/python3.10/site-packages/ttnn/tt_metal/hw/firmware/src/tt-1xx/trisc.cc,
3,1,8,TRISC_1,360,11018334782453,0,2051,,,TRISC-KERNEL,ZONE_START,62,/home/ekaterina_kuzmina1/tenstorrent/.venv/lib/python3.10/site-packages/ttnn/tt_metal/hw/firmware/src/tt-1xx/trisck.cc,
3,1,8,TRISC_1,360,11018335286837,0,2051,,,TRISC-KERNEL,ZONE_END,62,/home/ekaterina_kuzmina1/tenstorrent/.venv/lib/python3.10/site-packages/ttnn/tt_metal/hw/firmware/src/tt-1xx/trisck.cc,
3,1,8,TRISC_1,8413,11018335286898,0,2051,,,TRISC-FW,ZONE_END,136,/home/ekaterina_kuzmina1/tenstorrent/.venv/lib/python3.10/site-packages/ttnn/tt_metal/hw/firmware/src/tt-1xx/trisc.cc,
3,1,8,TRISC_1,8413,11019124110601,0,4099,,,TRISC-FW,ZONE_START,136,/home/ekaterina_kuzmina1/tenstorrent/.venv/lib/python3.10/site-packages/ttnn/tt_metal/hw/firmware/src/tt-1xx/trisc.cc,
3,1,8,TRISC_1,360,11019124110778,0,4099,,,TRISC-KERNEL,ZONE_START,62,/home/ekaterina_kuzmina1/tenstorrent/.venv/lib/python3.10/site-packages/ttnn/tt_metal/hw/firmware/src/tt-1xx/trisck.cc,
3,1,8,TRISC_1,360,11019124273803,0,4099,,,TRISC-KERNEL,ZONE_END,62,/home/ekaterina_kuzmina1/tenstorrent/.venv/lib/python3.10/site-packages/ttnn/tt_metal/hw/firmware/src/tt-1xx/trisck.cc,
3,1,8,TRISC_1,8413,11019124275565,0,4099,,,TRISC-FW,ZONE_END,136,/home/ekaterina_kuzmina1/tenstorrent/.venv/lib/python3.10/site-packages/ttnn/tt_metal/hw/firmware/src/tt-1xx/trisc.cc,
3,1,8,TRISC_2,8413,11018334782136,0,2051,,,TRISC-FW,ZONE_START,136,/home/ekaterina_kuzmina1/tenstorrent/.venv/lib/python3.10/site-packages/ttnn/tt_metal/hw/firmware/src/tt-1xx/trisc.cc,
3,1,8,TRISC_2,360,11018334782524,0,2051,,,TRISC-KERNEL,ZONE_START,62,/home/ekaterina_kuzmina1/tenstorrent/.venv/lib/python3.10/site-packages/ttnn/tt_metal/hw/firmware/src/tt-1xx/trisck.cc,
3,1,8,TRISC_2,360,11018335286952,0,2051,,,TRISC-KERNEL,ZONE_END,62,/home/ekaterina_kuzmina1/tenstorrent/.venv/lib/python3.10/site-packages/ttnn/tt_metal/hw/firmware/src/tt-1xx/trisck.cc,
3,1,8,TRISC_2,8413,11018335287197,0,2051,,,TRISC-FW,ZONE_END,136,/home/ekaterina_kuzmina1/tenstorrent/.venv/lib/python3.10/site-packages/ttnn/tt_metal/hw/firmware/src/tt-1xx/trisc.cc,
3,1,8,TRISC_2,8413,11019124110615,0,4099,,,TRISC-FW,ZONE_START,136,/home/ekaterina_kuzmina1/tenstorrent/.venv/lib/python3.10/site-packages/ttnn/tt_metal/hw/firmware/src/tt-1xx/trisc.cc,
3,1,8,TRISC_2,360,11019124110936,0,4099,,,TRISC-KERNEL,ZONE_START,62,/home/ekaterina_kuzmina1/tenstorrent/.venv/lib/python3.10/site-packages/ttnn/tt_metal/hw/firmware/src/tt-1xx/trisck.cc,
3,1,8,TRISC_2,360,11019124274777,0,4099,,,TRISC-KERNEL,ZONE_END,62,/home/ekaterina_kuzmina1/tenstorrent/.venv/lib/python3.10/site-packages/ttnn/tt_metal/hw/firmware/src/tt-1xx/trisck.cc,
3,1,8,TRISC_2,8413,11019124275694,0,4099,,,TRISC-FW,ZONE_END,136,/home/ekaterina_kuzmina1/tenstorrent/.venv/lib/python3.10/site-packages/ttnn/tt_metal/hw/firmware/src/tt-1xx/trisc.cc,
3,2,1,BRISC,61457,11018334782156,0,2051,,,BRISC-FW,ZONE_START,412,/home/ekaterina_kuzmina1/tenstorrent/.venv/lib/python3.10/site-packages/ttnn/tt_metal/hw/firmware/src/tt-1xx/brisc.cc,
3,2,1,BRISC,63326,11018334782941,0,2051,,,BRISC-KERNEL,ZONE_START,64,/home/ekaterina_kuzmina1/tenstorrent/.venv/lib/python3.10/site-packages/ttnn/tt_metal/hw/firmware/src/tt-1xx/brisck.cc,
3,2,1,BRISC,63326,11018335391190,0,2051,,,BRISC-KERNEL,ZONE_END,64,/home/ekaterina_kuzmina1/tenstorrent/.venv/lib/python3.10/site-packages/ttnn/tt_metal/hw/firmware/src/tt-1xx/brisck.cc,
3,2,1,BRISC,61457,11018335391374,0,2051,,,BRISC-FW,ZONE_END,412,/home/ekaterina_kuzmina1/tenstorrent/.venv/lib/python3.10/site-packages/ttnn/tt_metal/hw/firmware/src/tt-1xx/brisc.cc,
3,2,1,BRISC,61457,11018391680627,0,3075,,,BRISC-FW,ZONE_START,412,/home/ekaterina_kuzmina1/tenstorrent/.venv/lib/python3.10/site-packages/ttnn/tt_metal/hw/firmware/src/tt-1xx/brisc.cc,
3,2,1,BRISC,63326,11018391681326,0,3075,,,BRISC-KERNEL,ZONE_START,64,/home/ekaterina_kuzmina1/tenstorrent/.venv/lib/python3.10/site-packages/ttnn/tt_metal/hw/firmware/src/tt-1xx/brisck.cc,
3,2,1,BRISC,63326,11018392293423,0,3075,,,BRISC-KERNEL,ZONE_END,64,/home/ekaterina_kuzmina1/tenstorrent/.venv/lib/python3.10/site-packages/ttnn/tt_metal/hw/firmware/src/tt-1xx/brisck.cc,
3,2,1,BRISC,61457,11018392293600,0,3075,,,BRISC-FW,ZONE_END,412,/home/ekaterina_kuzmina1/tenstorrent/.venv/lib/python3.10/site-packages/ttnn/tt_metal/hw/firmware/src/tt-1xx/brisc.cc,
3,2,1,BRISC,61457,11019124110249,0,4099,,,BRISC-FW,ZONE_START,412,/home/ekaterina_kuzmina1/tenstorrent/.venv/lib/python3.10/site-packages/ttnn/tt_metal/hw/firmware/src/tt-1xx/brisc.cc,
3,2,1,BRISC,63326,11019124111105,0,4099,,,BRISC-KERNEL,ZONE_START,64,/home/ekaterina_kuzmina1/tenstorrent/.venv/lib/python3.10/site-packages/ttnn/tt_metal/hw/firmware/src/tt-1xx/brisck.cc,
3,2,1,BRISC,63326,11019124269961,0,4099,,,BRISC-KERNEL,ZONE_END,64,/home/ekaterina_kuzmina1/tenstorrent/.venv/lib/python3.10/site-packages/ttnn/tt_metal/hw/firmware/src/tt-1xx/brisck.cc,
3,2,1,BRISC,61457,11019124270144,0,4099,,,BRISC-FW,ZONE_END,412,/home/ekaterina_kuzmina1/tenstorrent/.venv/lib/python3.10/site-packages/ttnn/tt_metal/hw/firmware/src/tt-1xx/brisc.cc,
3,2,1,NCRISC,12030,11018334782314,0,2051,,,NCRISC-FW,ZONE_START,123,/home/ekaterina_kuzmina1/tenstorrent/.venv/lib/python3.10/site-packages/ttnn/tt_metal/hw/firmware/src/tt-1xx/ncrisc.cc,
3,2,1,NCRISC,16513,11018334782918,0,2051,,,NCRISC-KERNEL,ZONE_START,63,/home/ekaterina_kuzmina1/tenstorrent/.venv/lib/python3.10/site-packages/ttnn/tt_metal/hw/firmware/src/tt-1xx/ncrisck.cc,
3,2,1,NCRISC,16513,11018335267140,0,2051,,,NCRISC-KERNEL,ZONE_END,63,/home/ekaterina_kuzmina1/tenstorrent/.venv/lib/python3.10/site-packages/ttnn/tt_metal/hw/firmware/src/tt-1xx/ncrisck.cc,
3,2,1,NCRISC,12030,11018335267257,0,2051,,,NCRISC-FW,ZONE_END,123,/home/ekaterina_kuzmina1/tenstorrent/.venv/lib/python3.10/site-packages/ttnn/tt_metal/hw/firmware/src/tt-1xx/ncrisc.cc,
3,2,1,NCRISC,12030,11018391680774,0,3075,,,NCRISC-FW,ZONE_START,123,/home/ekaterina_kuzmina1/tenstorrent/.venv/lib/python3.10/site-packages/ttnn/tt_metal/hw/firmware/src/tt-1xx/ncrisc.cc,
3,2,1,NCRISC,16513,11018391681298,0,3075,,,NCRISC-KERNEL,ZONE_START,63,/home/ekaterina_kuzmina1/tenstorrent/.venv/lib/python3.10/site-packages/ttnn/tt_metal/hw/firmware/src/tt-1xx/ncrisck.cc,
3,2,1,NCRISC,16513,11018392291013,0,3075,,,NCRISC-KERNEL,ZONE_END,63,/home/ekaterina_kuzmina1/tenstorrent/.venv/lib/python3.10/site-packages/ttnn/tt_metal/hw/firmware/src/tt-1xx/ncrisck.cc,
3,2,1,NCRISC,12030,11018392291128,0,3075,,,NCRISC-FW,ZONE_END,123,/home/ekaterina_kuzmina1/tenstorrent/.venv/lib/python3.10/site-packages/ttnn/tt_metal/hw/firmware/src/tt-1xx/ncrisc.cc,
3,2,1,NCRISC,12030,11019124110394,0,4099,,,NCRISC-FW,ZONE_START,123,/home/ekaterina_kuzmina1/tenstorrent/.venv/lib/python3.10/site-packages/ttnn/tt_metal/hw/firmware/src/tt-1xx/ncrisc.cc,
3,2,1,NCRISC,16513,11019124111088,0,4099,,,NCRISC-KERNEL,ZONE_START,63,/home/ekaterina_kuzmina1/tenstorrent/.venv/lib/python3.10/site-packages/ttnn/tt_metal/hw/firmware/src/tt-1xx/ncrisck.cc,
3,2,1,NCRISC,16513,11019124268729,0,4099,,,NCRISC-KERNEL,ZONE_END,63,/home/ekaterina_kuzmina1/tenstorrent/.venv/lib/python3.10/site-packages/ttnn/tt_metal/hw/firmware/src/tt-1xx/ncrisck.cc,
3,2,1,NCRISC,12030,11019124268855,0,4099,,,NCRISC-FW,ZONE_END,123,/home/ekaterina_kuzmina1/tenstorrent/.venv/lib/python3.10/site-packages/ttnn/tt_metal/hw/firmware/src/tt-1xx/ncrisc.cc,
3,2,1,TRISC_0,8413,11018334782412,0,2051,,,TRISC-FW,ZONE_START,136,/home/ekaterina_kuzmina1/tenstorrent/.venv/lib/python3.10/site-packages/ttnn/tt_metal/hw/firmware/src/tt-1xx/trisc.cc,
3,2,1,TRISC_0,360,11018334782793,0,2051,,,TRISC-KERNEL,ZONE_START,62,/home/ekaterina_kuzmina1/tenstorrent/.venv/lib/python3.10/site-packages/ttnn/tt_metal/hw/firmware/src/tt-1xx/trisck.cc,
3,2,1,TRISC_0,360,11018335285895,0,2051,,,TRISC-KERNEL,ZONE_END,62,/home/ekaterina_kuzmina1/tenstorrent/.venv/lib/python3.10/site-packages/ttnn/tt_metal/hw/firmware/src/tt-1xx/trisck.cc,
3,2,1,TRISC_0,8413,11018335286642,0,2051,,,TRISC-FW,ZONE_END,136,/home/ekaterina_kuzmina1/tenstorrent/.venv/lib/python3.10/site-packages/ttnn/tt_metal/hw/firmware/src/tt-1xx/trisc.cc,
3,2,1,TRISC_0,8413,11019124110494,0,4099,,,TRISC-FW,ZONE_START,136,/home/ekaterina_kuzmina1/tenstorrent/.venv/lib/python3.10/site-packages/ttnn/tt_metal/hw/firmware/src/tt-1xx/trisc.cc,
3,2,1,TRISC_0,360,11019124110837,0,4099,,,TRISC-KERNEL,ZONE_START,62,/home/ekaterina_kuzmina1/tenstorrent/.venv/lib/python3.10/site-packages/ttnn/tt_metal/hw/firmware/src/tt-1xx/trisck.cc,
3,2,1,TRISC_0,360,11019124268767,0,4099,,,TRISC-KERNEL,ZONE_END,62,/home/ekaterina_kuzmina1/tenstorrent/.venv/lib/python3.10/site-packages/ttnn/tt_metal/hw/firmware/src/tt-1xx/trisck.cc,
3,2,1,TRISC_0,8413,11019124268812,0,4099,,,TRISC-FW,ZONE_END,136,/home/ekaterina_kuzmina1/tenstorrent/.venv/lib/python3.10/site-packages/ttnn/tt_metal/hw/firmware/src/tt-1xx/trisc.cc,
3,2,1,TRISC_1,8413,11018334782404,0,2051,,,TRISC-FW,ZONE_START,136,/home/ekaterina_kuzmina1/tenstorrent/.venv/lib/python3.10/site-packages/ttnn/tt_metal/hw/firmware/src/tt-1xx/trisc.cc,
3,2,1,TRISC_1,360,11018334782612,0,2051,,,TRISC-KERNEL,ZONE_START,62,/home/ekaterina_kuzmina1/tenstorrent/.venv/lib/python3.10/site-packages/ttnn/tt_metal/hw/firmware/src/tt-1xx/trisck.cc,
3,2,1,TRISC_1,360,11018335286696,0,2051,,,TRISC-KERNEL,ZONE_END,62,/home/ekaterina_kuzmina1/tenstorrent/.venv/lib/python3.10/site-packages/ttnn/tt_metal/hw/firmware/src/tt-1xx/trisck.cc,
3,2,1,TRISC_1,8413,11018335286754,0,2051,,,TRISC-FW,ZONE_END,136,/home/ekaterina_kuzmina1/tenstorrent/.venv/lib/python3.10/site-packages/ttnn/tt_metal/hw/firmware/src/tt-1xx/trisc.cc,
3,2,1,TRISC_1,8413,11019124110504,0,4099,,,TRISC-FW,ZONE_START,136,/home/ekaterina_kuzmina1/tenstorrent/.venv/lib/python3.10/site-packages/ttnn/tt_metal/hw/firmware/src/tt-1xx/trisc.cc,
3,2,1,TRISC_1,360,11019124110719,0,4099,,,TRISC-KERNEL,ZONE_START,62,/home/ekaterina_kuzmina1/tenstorrent/.venv/lib/python3.10/site-packages/ttnn/tt_metal/hw/firmware/src/tt-1xx/trisck.cc,
3,2,1,TRISC_1,360,11019124266480,0,4099,,,TRISC-KERNEL,ZONE_END,62,/home/ekaterina_kuzmina1/tenstorrent/.venv/lib/python3.10/site-packages/ttnn/tt_metal/hw/firmware/src/tt-1xx/trisck.cc,
3,2,1,TRISC_1,8413,11019124268792,0,4099,,,TRISC-FW,ZONE_END,136,/home/ekaterina_kuzmina1/tenstorrent/.venv/lib/python3.10/site-packages/ttnn/tt_metal/hw/firmware/src/tt-1xx/trisc.cc,
3,2,1,TRISC_2,8413,11018334782417,0,2051,,,TRISC-FW,ZONE_START,136,/home/ekaterina_kuzmina1/tenstorrent/.venv/lib/python3.10/site-packages/ttnn/tt_metal/hw/firmware/src/tt-1xx/trisc.cc,
3,2,1,TRISC_2,360,11018334782811,0,2051,,,TRISC-KERNEL,ZONE_START,62,/home/ekaterina_kuzmina1/tenstorrent/.venv/lib/python3.10/site-packages/ttnn/tt_metal/hw/firmware/src/tt-1xx/trisck.cc,
3,2,1,TRISC_2,360,11018335286814,0,2051,,,TRISC-KERNEL,ZONE_END,62,/home/ekaterina_kuzmina1/tenstorrent/.venv/lib/python3.10/site-packages/ttnn/tt_metal/hw/firmware/src/tt-1xx/trisck.cc,
3,2,1,TRISC_2,8413,11018335287051,0,2051,,,TRISC-FW,ZONE_END,136,/home/ekaterina_kuzmina1/tenstorrent/.venv/lib/python3.10/site-packages/ttnn/tt_metal/hw/firmware/src/tt-1xx/trisc.cc,
3,2,1,TRISC_2,8413,11019124110505,0,4099,,,TRISC-FW,ZONE_START,136,/home/ekaterina_kuzmina1/tenstorrent/.venv/lib/python3.10/site-packages/ttnn/tt_metal/hw/firmware/src/tt-1xx/trisc.cc,
3,2,1,TRISC_2,360,11019124110828,0,4099,,,TRISC-KERNEL,ZONE_START,62,/home/ekaterina_kuzmina1/tenstorrent/.venv/lib/python3.10/site-packages/ttnn/tt_metal/hw/firmware/src/tt-1xx/trisck.cc,
3,2,1,TRISC_2,360,11019124267649,0,4099,,,TRISC-KERNEL,ZONE_END,62,/home/ekaterina_kuzmina1/tenstorrent/.venv/lib/python3.10/site-packages/ttnn/tt_metal/hw/firmware/src/tt-1xx/trisck.cc,
3,2,1,TRISC_2,8413,11019124268917,0,4099,,,TRISC-FW,ZONE_END,136,/home/ekaterina_kuzmina1/tenstorrent/.venv/lib/python3.10/site-packages/ttnn/tt_metal/hw/firmware/src/tt-1xx/trisc.cc,
3,2,2,BRISC,61457,11018334781739,0,2051,,,BRISC-FW,ZONE_START,412,/home/ekaterina_kuzmina1/tenstorrent/.venv/lib/python3.10/site-packages/ttnn/tt_metal/hw/firmware/src/tt-1xx/brisc.cc,
3,2,2,BRISC,63326,11018334782513,0,2051,,,BRISC-KERNEL,ZONE_START,64,/home/ekaterina_kuzmina1/tenstorrent/.venv/lib/python3.10/site-packages/ttnn/tt_metal/hw/firmware/src/tt-1xx/brisck.cc,
3,2,2,BRISC,63326,11018335389303,0,2051,,,BRISC-KERNEL,ZONE_END,64,/home/ekaterina_kuzmina1/tenstorrent/.venv/lib/python3.10/site-packages/ttnn/tt_metal/hw/firmware/src/tt-1xx/brisck.cc,
3,2,2,BRISC,61457,11018335389490,0,2051,,,BRISC-FW,ZONE_END,412,/home/ekaterina_kuzmina1/tenstorrent/.venv/lib/python3.10/site-packages/ttnn/tt_metal/hw/firmware/src/tt-1xx/brisc.cc,
3,2,2,BRISC,61457,11018391680646,0,3075,,,BRISC-FW,ZONE_START,412,/home/ekaterina_kuzmina1/tenstorrent/.venv/lib/python3.10/site-packages/ttnn/tt_metal/hw/firmware/src/tt-1xx/brisc.cc,
3,2,2,BRISC,63326,11018391681368,0,3075,,,BRISC-KERNEL,ZONE_START,64,/home/ekaterina_kuzmina1/tenstorrent/.venv/lib/python3.10/site-packages/ttnn/tt_metal/hw/firmware/src/tt-1xx/brisck.cc,
3,2,2,BRISC,63326,11018392299289,0,3075,,,BRISC-KERNEL,ZONE_END,64,/home/ekaterina_kuzmina1/tenstorrent/.venv/lib/python3.10/site-packages/ttnn/tt_metal/hw/firmware/src/tt-1xx/brisck.cc,
3,2,2,BRISC,61457,11018392299467,0,3075,,,BRISC-FW,ZONE_END,412,/home/ekaterina_kuzmina1/tenstorrent/.venv/lib/python3.10/site-packages/ttnn/tt_metal/hw/firmware/src/tt-1xx/brisc.cc,
3,2,2,BRISC,61457,11019124110230,0,4099,,,BRISC-FW,ZONE_START,412,/home/ekaterina_kuzmina1/tenstorrent/.venv/lib/python3.10/site-packages/ttnn/tt_metal/hw/firmware/src/tt-1xx/brisc.cc,
3,2,2,BRISC,63326,11019124111102,0,4099,,,BRISC-KERNEL,ZONE_START,64,/home/ekaterina_kuzmina1/tenstorrent/.venv/lib/python3.10/site-packages/ttnn/tt_metal/hw/firmware/src/tt-1xx/brisck.cc,
3,2,2,BRISC,63326,11019124274655,0,4099,,,BRISC-KERNEL,ZONE_END,64,/home/ekaterina_kuzmina1/tenstorrent/.venv/lib/python3.10/site-packages/ttnn/tt_metal/hw/firmware/src/tt-1xx/brisck.cc,
3,2,2,BRISC,61457,11019124274837,0,4099,,,BRISC-FW,ZONE_END,412,/home/ekaterina_kuzmina1/tenstorrent/.venv/lib/python3.10/site-packages/ttnn/tt_metal/hw/firmware/src/tt-1xx/brisc.cc,
3,2,2,NCRISC,12030,11018334781885,0,2051,,,NCRISC-FW,ZONE_START,123,/home/ekaterina_kuzmina1/tenstorrent/.venv/lib/python3.10/site-packages/ttnn/tt_metal/hw/firmware/src/tt-1xx/ncrisc.cc,
3,2,2,NCRISC,16513,11018334782480,0,2051,,,NCRISC-KERNEL,ZONE_START,63,/home/ekaterina_kuzmina1/tenstorrent/.venv/lib/python3.10/site-packages/ttnn/tt_metal/hw/firmware/src/tt-1xx/ncrisck.cc,
3,2,2,NCRISC,16513,11018335267998,0,2051,,,NCRISC-KERNEL,ZONE_END,63,/home/ekaterina_kuzmina1/tenstorrent/.venv/lib/python3.10/site-packages/ttnn/tt_metal/hw/firmware/src/tt-1xx/ncrisck.cc,
3,2,2,NCRISC,12030,11018335268115,0,2051,,,NCRISC-FW,ZONE_END,123,/home/ekaterina_kuzmina1/tenstorrent/.venv/lib/python3.10/site-packages/ttnn/tt_metal/hw/firmware/src/tt-1xx/ncrisc.cc,
3,2,2,NCRISC,12030,11018391680793,0,3075,,,NCRISC-FW,ZONE_START,123,/home/ekaterina_kuzmina1/tenstorrent/.venv/lib/python3.10/site-packages/ttnn/tt_metal/hw/firmware/src/tt-1xx/ncrisc.cc,
3,2,2,NCRISC,16513,11018391681340,0,3075,,,NCRISC-KERNEL,ZONE_START,63,/home/ekaterina_kuzmina1/tenstorrent/.venv/lib/python3.10/site-packages/ttnn/tt_metal/hw/firmware/src/tt-1xx/ncrisck.cc,
3,2,2,NCRISC,16513,11018392296870,0,3075,,,NCRISC-KERNEL,ZONE_END,63,/home/ekaterina_kuzmina1/tenstorrent/.venv/lib/python3.10/site-packages/ttnn/tt_metal/hw/firmware/src/tt-1xx/ncrisck.cc,
3,2,2,NCRISC,12030,11018392296989,0,3075,,,NCRISC-FW,ZONE_END,123,/home/ekaterina_kuzmina1/tenstorrent/.venv/lib/python3.10/site-packages/ttnn/tt_metal/hw/firmware/src/tt-1xx/ncrisc.cc,
3,2,2,NCRISC,12030,11019124110377,0,4099,,,NCRISC-FW,ZONE_START,123,/home/ekaterina_kuzmina1/tenstorrent/.venv/lib/python3.10/site-packages/ttnn/tt_metal/hw/firmware/src/tt-1xx/ncrisc.cc,
3,2,2,NCRISC,16513,11019124111085,0,4099,,,NCRISC-KERNEL,ZONE_START,63,/home/ekaterina_kuzmina1/tenstorrent/.venv/lib/python3.10/site-packages/ttnn/tt_metal/hw/firmware/src/tt-1xx/ncrisck.cc,
3,2,2,NCRISC,16513,11019124273192,0,4099,,,NCRISC-KERNEL,ZONE_END,63,/home/ekaterina_kuzmina1/tenstorrent/.venv/lib/python3.10/site-packages/ttnn/tt_metal/hw/firmware/src/tt-1xx/ncrisck.cc,
3,2,2,NCRISC,12030,11019124273315,0,4099,,,NCRISC-FW,ZONE_END,123,/home/ekaterina_kuzmina1/tenstorrent/.venv/lib/python3.10/site-packages/ttnn/tt_metal/hw/firmware/src/tt-1xx/ncrisc.cc,
3,2,2,TRISC_0,8413,11018334781973,0,2051,,,TRISC-FW,ZONE_START,136,/home/ekaterina_kuzmina1/tenstorrent/.venv/lib/python3.10/site-packages/ttnn/tt_metal/hw/firmware/src/tt-1xx/trisc.cc,
3,2,2,TRISC_0,360,11018334782490,0,2051,,,TRISC-KERNEL,ZONE_START,62,/home/ekaterina_kuzmina1/tenstorrent/.venv/lib/python3.10/site-packages/ttnn/tt_metal/hw/firmware/src/tt-1xx/trisck.cc,
3,2,2,TRISC_0,360,11018335285887,0,2051,,,TRISC-KERNEL,ZONE_END,62,/home/ekaterina_kuzmina1/tenstorrent/.venv/lib/python3.10/site-packages/ttnn/tt_metal/hw/firmware/src/tt-1xx/trisck.cc,
3,2,2,TRISC_0,8413,11018335286634,0,2051,,,TRISC-FW,ZONE_END,136,/home/ekaterina_kuzmina1/tenstorrent/.venv/lib/python3.10/site-packages/ttnn/tt_metal/hw/firmware/src/tt-1xx/trisc.cc,
3,2,2,TRISC_0,8413,11019124110481,0,4099,,,TRISC-FW,ZONE_START,136,/home/ekaterina_kuzmina1/tenstorrent/.venv/lib/python3.10/site-packages/ttnn/tt_metal/hw/firmware/src/tt-1xx/trisc.cc,
3,2,2,TRISC_0,360,11019124110829,0,4099,,,TRISC-KERNEL,ZONE_START,62,/home/ekaterina_kuzmina1/tenstorrent/.venv/lib/python3.10/site-packages/ttnn/tt_metal/hw/firmware/src/tt-1xx/trisck.cc,
3,2,2,TRISC_0,360,11019124273223,0,4099,,,TRISC-KERNEL,ZONE_END,62,/home/ekaterina_kuzmina1/tenstorrent/.venv/lib/python3.10/site-packages/ttnn/tt_metal/hw/firmware/src/tt-1xx/trisck.cc,
3,2,2,TRISC_0,8413,11019124273266,0,4099,,,TRISC-FW,ZONE_END,136,/home/ekaterina_kuzmina1/tenstorrent/.venv/lib/python3.10/site-packages/ttnn/tt_metal/hw/firmware/src/tt-1xx/trisc.cc,
3,2,2,TRISC_1,8413,11018334781989,0,2051,,,TRISC-FW,ZONE_START,136,/home/ekaterina_kuzmina1/tenstorrent/.venv/lib/python3.10/site-packages/ttnn/tt_metal/hw/firmware/src/tt-1xx/trisc.cc,
3,2,2,TRISC_1,360,11018334782491,0,2051,,,TRISC-KERNEL,ZONE_START,62,/home/ekaterina_kuzmina1/tenstorrent/.venv/lib/python3.10/site-packages/ttnn/tt_metal/hw/firmware/src/tt-1xx/trisck.cc,
3,2,2,TRISC_1,360,11018335286688,0,2051,,,TRISC-KERNEL,ZONE_END,62,/home/ekaterina_kuzmina1/tenstorrent/.venv/lib/python3.10/site-packages/ttnn/tt_metal/hw/firmware/src/tt-1xx/trisck.cc,
3,2,2,TRISC_1,8413,11018335286743,0,2051,,,TRISC-FW,ZONE_END,136,/home/ekaterina_kuzmina1/tenstorrent/.venv/lib/python3.10/site-packages/ttnn/tt_metal/hw/firmware/src/tt-1xx/trisc.cc,
3,2,2,TRISC_1,8413,11019124110482,0,4099,,,TRISC-FW,ZONE_START,136,/home/ekaterina_kuzmina1/tenstorrent/.venv/lib/python3.10/site-packages/ttnn/tt_metal/hw/firmware/src/tt-1xx/trisc.cc,
3,2,2,TRISC_1,360,11019124110704,0,4099,,,TRISC-KERNEL,ZONE_START,62,/home/ekaterina_kuzmina1/tenstorrent/.venv/lib/python3.10/site-packages/ttnn/tt_metal/hw/firmware/src/tt-1xx/trisck.cc,
3,2,2,TRISC_1,360,11019124271441,0,4099,,,TRISC-KERNEL,ZONE_END,62,/home/ekaterina_kuzmina1/tenstorrent/.venv/lib/python3.10/site-packages/ttnn/tt_metal/hw/firmware/src/tt-1xx/trisck.cc,
3,2,2,TRISC_1,8413,11019124273255,0,4099,,,TRISC-FW,ZONE_END,136,/home/ekaterina_kuzmina1/tenstorrent/.venv/lib/python3.10/site-packages/ttnn/tt_metal/hw/firmware/src/tt-1xx/trisc.cc,
3,2,2,TRISC_2,8413,11018334781991,0,2051,,,TRISC-FW,ZONE_START,136,/home/ekaterina_kuzmina1/tenstorrent/.venv/lib/python3.10/site-packages/ttnn/tt_metal/hw/firmware/src/tt-1xx/trisc.cc,
3,2,2,TRISC_2,360,11018334782488,0,2051,,,TRISC-KERNEL,ZONE_START,62,/home/ekaterina_kuzmina1/tenstorrent/.venv/lib/python3.10/site-packages/ttnn/tt_metal/hw/firmware/src/tt-1xx/trisck.cc,
3,2,2,TRISC_2,360,11018335286804,0,2051,,,TRISC-KERNEL,ZONE_END,62,/home/ekaterina_kuzmina1/tenstorrent/.venv/lib/python3.10/site-packages/ttnn/tt_metal/hw/firmware/src/tt-1xx/trisck.cc,
3,2,2,TRISC_2,8413,11018335287047,0,2051,,,TRISC-FW,ZONE_END,136,/home/ekaterina_kuzmina1/tenstorrent/.venv/lib/python3.10/site-packages/ttnn/tt_metal/hw/firmware/src/tt-1xx/trisc.cc,
3,2,2,TRISC_2,8413,11019124110495,0,4099,,,TRISC-FW,ZONE_START,136,/home/ekaterina_kuzmina1/tenstorrent/.venv/lib/python3.10/site-packages/ttnn/tt_metal/hw/firmware/src/tt-1xx/trisc.cc,
3,2,2,TRISC_2,360,11019124110819,0,4099,,,TRISC-KERNEL,ZONE_START,62,/home/ekaterina_kuzmina1/tenstorrent/.venv/lib/python3.10/site-packages/ttnn/tt_metal/hw/firmware/src/tt-1xx/trisck.cc,
3,2,2,TRISC_2,360,11019124272213,0,4099,,,TRISC-KERNEL,ZONE_END,62,/home/ekaterina_kuzmina1/tenstorrent/.venv/lib/python3.10/site-packages/ttnn/tt_metal/hw/firmware/src/tt-1xx/trisck.cc,
3,2,2,TRISC_2,8413,11019124273370,0,4099,,,TRISC-FW,ZONE_END,136,/home/ekaterina_kuzmina1/tenstorrent/.venv/lib/python3.10/site-packages/ttnn/tt_metal/hw/firmware/src/tt-1xx/trisc.cc,
3,2,3,BRISC,61457,11018334781750,0,2051,,,BRISC-FW,ZONE_START,412,/home/ekaterina_kuzmina1/tenstorrent/.venv/lib/python3.10/site-packages/ttnn/tt_metal/hw/firmware/src/tt-1xx/brisc.cc,
3,2,3,BRISC,63326,11018334782519,0,2051,,,BRISC-KERNEL,ZONE_START,64,/home/ekaterina_kuzmina1/tenstorrent/.venv/lib/python3.10/site-packages/ttnn/tt_metal/hw/firmware/src/tt-1xx/brisck.cc,
3,2,3,BRISC,63326,11018335376214,0,2051,,,BRISC-KERNEL,ZONE_END,64,/home/ekaterina_kuzmina1/tenstorrent/.venv/lib/python3.10/site-packages/ttnn/tt_metal/hw/firmware/src/tt-1xx/brisck.cc,
3,2,3,BRISC,61457,11018335376403,0,2051,,,BRISC-FW,ZONE_END,412,/home/ekaterina_kuzmina1/tenstorrent/.venv/lib/python3.10/site-packages/ttnn/tt_metal/hw/firmware/src/tt-1xx/brisc.cc,
3,2,3,BRISC,61457,11018391680616,0,3075,,,BRISC-FW,ZONE_START,412,/home/ekaterina_kuzmina1/tenstorrent/.venv/lib/python3.10/site-packages/ttnn/tt_metal/hw/firmware/src/tt-1xx/brisc.cc,
3,2,3,BRISC,63326,11018391681331,0,3075,,,BRISC-KERNEL,ZONE_START,64,/home/ekaterina_kuzmina1/tenstorrent/.venv/lib/python3.10/site-packages/ttnn/tt_metal/hw/firmware/src/tt-1xx/brisck.cc,
3,2,3,BRISC,63326,11018392295991,0,3075,,,BRISC-KERNEL,ZONE_END,64,/home/ekaterina_kuzmina1/tenstorrent/.venv/lib/python3.10/site-packages/ttnn/tt_metal/hw/firmware/src/tt-1xx/brisck.cc,
3,2,3,BRISC,61457,11018392296171,0,3075,,,BRISC-FW,ZONE_END,412,/home/ekaterina_kuzmina1/tenstorrent/.venv/lib/python3.10/site-packages/ttnn/tt_metal/hw/firmware/src/tt-1xx/brisc.cc,
3,2,3,BRISC,61457,11019124110222,0,4099,,,BRISC-FW,ZONE_START,412,/home/ekaterina_kuzmina1/tenstorrent/.venv/lib/python3.10/site-packages/ttnn/tt_metal/hw/firmware/src/tt-1xx/brisc.cc,
3,2,3,BRISC,63326,11019124111092,0,4099,,,BRISC-KERNEL,ZONE_START,64,/home/ekaterina_kuzmina1/tenstorrent/.venv/lib/python3.10/site-packages/ttnn/tt_metal/hw/firmware/src/tt-1xx/brisck.cc,
3,2,3,BRISC,63326,11019124271036,0,4099,,,BRISC-KERNEL,ZONE_END,64,/home/ekaterina_kuzmina1/tenstorrent/.venv/lib/python3.10/site-packages/ttnn/tt_metal/hw/firmware/src/tt-1xx/brisck.cc,
3,2,3,BRISC,61457,11019124271214,0,4099,,,BRISC-FW,ZONE_END,412,/home/ekaterina_kuzmina1/tenstorrent/.venv/lib/python3.10/site-packages/ttnn/tt_metal/hw/firmware/src/tt-1xx/brisc.cc,
3,2,3,NCRISC,12030,11018334781907,0,2051,,,NCRISC-FW,ZONE_START,123,/home/ekaterina_kuzmina1/tenstorrent/.venv/lib/python3.10/site-packages/ttnn/tt_metal/hw/firmware/src/tt-1xx/ncrisc.cc,
3,2,3,NCRISC,16513,11018334782505,0,2051,,,NCRISC-KERNEL,ZONE_START,63,/home/ekaterina_kuzmina1/tenstorrent/.venv/lib/python3.10/site-packages/ttnn/tt_metal/hw/firmware/src/tt-1xx/ncrisck.cc,
3,2,3,NCRISC,16513,11018335261148,0,2051,,,NCRISC-KERNEL,ZONE_END,63,/home/ekaterina_kuzmina1/tenstorrent/.venv/lib/python3.10/site-packages/ttnn/tt_metal/hw/firmware/src/tt-1xx/ncrisck.cc,
3,2,3,NCRISC,12030,11018335261265,0,2051,,,NCRISC-FW,ZONE_END,123,/home/ekaterina_kuzmina1/tenstorrent/.venv/lib/python3.10/site-packages/ttnn/tt_metal/hw/firmware/src/tt-1xx/ncrisc.cc,
3,2,3,NCRISC,12030,11018391680763,0,3075,,,NCRISC-FW,ZONE_START,123,/home/ekaterina_kuzmina1/tenstorrent/.venv/lib/python3.10/site-packages/ttnn/tt_metal/hw/firmware/src/tt-1xx/ncrisc.cc,
3,2,3,NCRISC,16513,11018391681304,0,3075,,,NCRISC-KERNEL,ZONE_START,63,/home/ekaterina_kuzmina1/tenstorrent/.venv/lib/python3.10/site-packages/ttnn/tt_metal/hw/firmware/src/tt-1xx/ncrisck.cc,
3,2,3,NCRISC,16513,11018392293583,0,3075,,,NCRISC-KERNEL,ZONE_END,63,/home/ekaterina_kuzmina1/tenstorrent/.venv/lib/python3.10/site-packages/ttnn/tt_metal/hw/firmware/src/tt-1xx/ncrisck.cc,
3,2,3,NCRISC,12030,11018392293699,0,3075,,,NCRISC-FW,ZONE_END,123,/home/ekaterina_kuzmina1/tenstorrent/.venv/lib/python3.10/site-packages/ttnn/tt_metal/hw/firmware/src/tt-1xx/ncrisc.cc,
3,2,3,NCRISC,12030,11019124110369,0,4099,,,NCRISC-FW,ZONE_START,123,/home/ekaterina_kuzmina1/tenstorrent/.venv/lib/python3.10/site-packages/ttnn/tt_metal/hw/firmware/src/tt-1xx/ncrisc.cc,
3,2,3,NCRISC,16513,11019124111075,0,4099,,,NCRISC-KERNEL,ZONE_START,63,/home/ekaterina_kuzmina1/tenstorrent/.venv/lib/python3.10/site-packages/ttnn/tt_metal/hw/firmware/src/tt-1xx/ncrisck.cc,
3,2,3,NCRISC,16513,11019124269840,0,4099,,,NCRISC-KERNEL,ZONE_END,63,/home/ekaterina_kuzmina1/tenstorrent/.venv/lib/python3.10/site-packages/ttnn/tt_metal/hw/firmware/src/tt-1xx/ncrisck.cc,
3,2,3,NCRISC,12030,11019124269969,0,4099,,,NCRISC-FW,ZONE_END,123,/home/ekaterina_kuzmina1/tenstorrent/.venv/lib/python3.10/site-packages/ttnn/tt_metal/hw/firmware/src/tt-1xx/ncrisc.cc,
3,2,3,TRISC_0,8413,11018334782015,0,2051,,,TRISC-FW,ZONE_START,136,/home/ekaterina_kuzmina1/tenstorrent/.venv/lib/python3.10/site-packages/ttnn/tt_metal/hw/firmware/src/tt-1xx/trisc.cc,
3,2,3,TRISC_0,360,11018334782479,0,2051,,,TRISC-KERNEL,ZONE_START,62,/home/ekaterina_kuzmina1/tenstorrent/.venv/lib/python3.10/site-packages/ttnn/tt_metal/hw/firmware/src/tt-1xx/trisck.cc,
3,2,3,TRISC_0,360,11018335285900,0,2051,,,TRISC-KERNEL,ZONE_END,62,/home/ekaterina_kuzmina1/tenstorrent/.venv/lib/python3.10/site-packages/ttnn/tt_metal/hw/firmware/src/tt-1xx/trisck.cc,
3,2,3,TRISC_0,8413,11018335286643,0,2051,,,TRISC-FW,ZONE_END,136,/home/ekaterina_kuzmina1/tenstorrent/.venv/lib/python3.10/site-packages/ttnn/tt_metal/hw/firmware/src/tt-1xx/trisc.cc,
3,2,3,TRISC_0,8413,11019124110475,0,4099,,,TRISC-FW,ZONE_START,136,/home/ekaterina_kuzmina1/tenstorrent/.venv/lib/python3.10/site-packages/ttnn/tt_metal/hw/firmware/src/tt-1xx/trisc.cc,
3,2,3,TRISC_0,360,11019124110820,0,4099,,,TRISC-KERNEL,ZONE_START,62,/home/ekaterina_kuzmina1/tenstorrent/.venv/lib/python3.10/site-packages/ttnn/tt_metal/hw/firmware/src/tt-1xx/trisck.cc,
3,2,3,TRISC_0,360,11019124269872,0,4099,,,TRISC-KERNEL,ZONE_END,62,/home/ekaterina_kuzmina1/tenstorrent/.venv/lib/python3.10/site-packages/ttnn/tt_metal/hw/firmware/src/tt-1xx/trisck.cc,
3,2,3,TRISC_0,8413,11019124269915,0,4099,,,TRISC-FW,ZONE_END,136,/home/ekaterina_kuzmina1/tenstorrent/.venv/lib/python3.10/site-packages/ttnn/tt_metal/hw/firmware/src/tt-1xx/trisc.cc,
3,2,3,TRISC_1,8413,11018334781990,0,2051,,,TRISC-FW,ZONE_START,136,/home/ekaterina_kuzmina1/tenstorrent/.venv/lib/python3.10/site-packages/ttnn/tt_metal/hw/firmware/src/tt-1xx/trisc.cc,
3,2,3,TRISC_1,360,11018334782480,0,2051,,,TRISC-KERNEL,ZONE_START,62,/home/ekaterina_kuzmina1/tenstorrent/.venv/lib/python3.10/site-packages/ttnn/tt_metal/hw/firmware/src/tt-1xx/trisck.cc,
3,2,3,TRISC_1,360,11018335286697,0,2051,,,TRISC-KERNEL,ZONE_END,62,/home/ekaterina_kuzmina1/tenstorrent/.venv/lib/python3.10/site-packages/ttnn/tt_metal/hw/firmware/src/tt-1xx/trisck.cc,
3,2,3,TRISC_1,8413,11018335286755,0,2051,,,TRISC-FW,ZONE_END,136,/home/ekaterina_kuzmina1/tenstorrent/.venv/lib/python3.10/site-packages/ttnn/tt_metal/hw/firmware/src/tt-1xx/trisc.cc,
3,2,3,TRISC_1,8413,11019124110466,0,4099,,,TRISC-FW,ZONE_START,136,/home/ekaterina_kuzmina1/tenstorrent/.venv/lib/python3.10/site-packages/ttnn/tt_metal/hw/firmware/src/tt-1xx/trisc.cc,
3,2,3,TRISC_1,360,11019124110694,0,4099,,,TRISC-KERNEL,ZONE_START,62,/home/ekaterina_kuzmina1/tenstorrent/.venv/lib/python3.10/site-packages/ttnn/tt_metal/hw/firmware/src/tt-1xx/trisck.cc,
3,2,3,TRISC_1,360,11019124267253,0,4099,,,TRISC-KERNEL,ZONE_END,62,/home/ekaterina_kuzmina1/tenstorrent/.venv/lib/python3.10/site-packages/ttnn/tt_metal/hw/firmware/src/tt-1xx/trisck.cc,
3,2,3,TRISC_1,8413,11019124269894,0,4099,,,TRISC-FW,ZONE_END,136,/home/ekaterina_kuzmina1/tenstorrent/.venv/lib/python3.10/site-packages/ttnn/tt_metal/hw/firmware/src/tt-1xx/trisc.cc,
3,2,3,TRISC_2,8413,11018334782004,0,2051,,,TRISC-FW,ZONE_START,136,/home/ekaterina_kuzmina1/tenstorrent/.venv/lib/python3.10/site-packages/ttnn/tt_metal/hw/firmware/src/tt-1xx/trisc.cc,
3,2,3,TRISC_2,360,11018334782481,0,2051,,,TRISC-KERNEL,ZONE_START,62,/home/ekaterina_kuzmina1/tenstorrent/.venv/lib/python3.10/site-packages/ttnn/tt_metal/hw/firmware/src/tt-1xx/trisck.cc,
3,2,3,TRISC_2,360,11018335286815,0,2051,,,TRISC-KERNEL,ZONE_END,62,/home/ekaterina_kuzmina1/tenstorrent/.venv/lib/python3.10/site-packages/ttnn/tt_metal/hw/firmware/src/tt-1xx/trisck.cc,
3,2,3,TRISC_2,8413,11018335287055,0,2051,,,TRISC-FW,ZONE_END,136,/home/ekaterina_kuzmina1/tenstorrent/.venv/lib/python3.10/site-packages/ttnn/tt_metal/hw/firmware/src/tt-1xx/trisc.cc,
3,2,3,TRISC_2,8413,11019124110479,0,4099,,,TRISC-FW,ZONE_START,136,/home/ekaterina_kuzmina1/tenstorrent/.venv/lib/python3.10/site-packages/ttnn/tt_metal/hw/firmware/src/tt-1xx/trisc.cc,
3,2,3,TRISC_2,360,11019124110812,0,4099,,,TRISC-KERNEL,ZONE_START,62,/home/ekaterina_kuzmina1/tenstorrent/.venv/lib/python3.10/site-packages/ttnn/tt_metal/hw/firmware/src/tt-1xx/trisck.cc,
3,2,3,TRISC_2,360,11019124268708,0,4099,,,TRISC-KERNEL,ZONE_END,62,/home/ekaterina_kuzmina1/tenstorrent/.venv/lib/python3.10/site-packages/ttnn/tt_metal/hw/firmware/src/tt-1xx/trisck.cc,
3,2,3,TRISC_2,8413,11019124270009,0,4099,,,TRISC-FW,ZONE_END,136,/home/ekaterina_kuzmina1/tenstorrent/.venv/lib/python3.10/site-packages/ttnn/tt_metal/hw/firmware/src/tt-1xx/trisc.cc,
3,2,4,BRISC,61457,11018334781743,0,2051,,,BRISC-FW,ZONE_START,412,/home/ekaterina_kuzmina1/tenstorrent/.venv/lib/python3.10/site-packages/ttnn/tt_metal/hw/firmware/src/tt-1xx/brisc.cc,
3,2,4,BRISC,63326,11018334782531,0,2051,,,BRISC-KERNEL,ZONE_START,64,/home/ekaterina_kuzmina1/tenstorrent/.venv/lib/python3.10/site-packages/ttnn/tt_metal/hw/firmware/src/tt-1xx/brisck.cc,
3,2,4,BRISC,63326,11018335361847,0,2051,,,BRISC-KERNEL,ZONE_END,64,/home/ekaterina_kuzmina1/tenstorrent/.venv/lib/python3.10/site-packages/ttnn/tt_metal/hw/firmware/src/tt-1xx/brisck.cc,
3,2,4,BRISC,61457,11018335362033,0,2051,,,BRISC-FW,ZONE_END,412,/home/ekaterina_kuzmina1/tenstorrent/.venv/lib/python3.10/site-packages/ttnn/tt_metal/hw/firmware/src/tt-1xx/brisc.cc,
3,2,4,BRISC,61457,11018391680665,0,3075,,,BRISC-FW,ZONE_START,412,/home/ekaterina_kuzmina1/tenstorrent/.venv/lib/python3.10/site-packages/ttnn/tt_metal/hw/firmware/src/tt-1xx/brisc.cc,
3,2,4,BRISC,63326,11018391681364,0,3075,,,BRISC-KERNEL,ZONE_START,64,/home/ekaterina_kuzmina1/tenstorrent/.venv/lib/python3.10/site-packages/ttnn/tt_metal/hw/firmware/src/tt-1xx/brisck.cc,
3,2,4,BRISC,63326,11018392305374,0,3075,,,BRISC-KERNEL,ZONE_END,64,/home/ekaterina_kuzmina1/tenstorrent/.venv/lib/python3.10/site-packages/ttnn/tt_metal/hw/firmware/src/tt-1xx/brisck.cc,
3,2,4,BRISC,61457,11018392305553,0,3075,,,BRISC-FW,ZONE_END,412,/home/ekaterina_kuzmina1/tenstorrent/.venv/lib/python3.10/site-packages/ttnn/tt_metal/hw/firmware/src/tt-1xx/brisc.cc,
3,2,4,BRISC,61457,11019124110239,0,4099,,,BRISC-FW,ZONE_START,412,/home/ekaterina_kuzmina1/tenstorrent/.venv/lib/python3.10/site-packages/ttnn/tt_metal/hw/firmware/src/tt-1xx/brisc.cc,
3,2,4,BRISC,63326,11019124111096,0,4099,,,BRISC-KERNEL,ZONE_START,64,/home/ekaterina_kuzmina1/tenstorrent/.venv/lib/python3.10/site-packages/ttnn/tt_metal/hw/firmware/src/tt-1xx/brisck.cc,
3,2,4,BRISC,63326,11019124270178,0,4099,,,BRISC-KERNEL,ZONE_END,64,/home/ekaterina_kuzmina1/tenstorrent/.venv/lib/python3.10/site-packages/ttnn/tt_metal/hw/firmware/src/tt-1xx/brisck.cc,
3,2,4,BRISC,61457,11019124270357,0,4099,,,BRISC-FW,ZONE_END,412,/home/ekaterina_kuzmina1/tenstorrent/.venv/lib/python3.10/site-packages/ttnn/tt_metal/hw/firmware/src/tt-1xx/brisc.cc,
3,2,4,NCRISC,12030,11018334781893,0,2051,,,NCRISC-FW,ZONE_START,123,/home/ekaterina_kuzmina1/tenstorrent/.venv/lib/python3.10/site-packages/ttnn/tt_metal/hw/firmware/src/tt-1xx/ncrisc.cc,
3,2,4,NCRISC,16513,11018334782508,0,2051,,,NCRISC-KERNEL,ZONE_START,63,/home/ekaterina_kuzmina1/tenstorrent/.venv/lib/python3.10/site-packages/ttnn/tt_metal/hw/firmware/src/tt-1xx/ncrisck.cc,
3,2,4,NCRISC,16513,11018335275714,0,2051,,,NCRISC-KERNEL,ZONE_END,63,/home/ekaterina_kuzmina1/tenstorrent/.venv/lib/python3.10/site-packages/ttnn/tt_metal/hw/firmware/src/tt-1xx/ncrisck.cc,
3,2,4,NCRISC,12030,11018335275831,0,2051,,,NCRISC-FW,ZONE_END,123,/home/ekaterina_kuzmina1/tenstorrent/.venv/lib/python3.10/site-packages/ttnn/tt_metal/hw/firmware/src/tt-1xx/ncrisc.cc,
3,2,4,NCRISC,12030,11018391680812,0,3075,,,NCRISC-FW,ZONE_START,123,/home/ekaterina_kuzmina1/tenstorrent/.venv/lib/python3.10/site-packages/ttnn/tt_metal/hw/firmware/src/tt-1xx/ncrisc.cc,
3,2,4,NCRISC,16513,11018391681336,0,3075,,,NCRISC-KERNEL,ZONE_START,63,/home/ekaterina_kuzmina1/tenstorrent/.venv/lib/python3.10/site-packages/ttnn/tt_metal/hw/firmware/src/tt-1xx/ncrisck.cc,
3,2,4,NCRISC,16513,11018392302965,0,3075,,,NCRISC-KERNEL,ZONE_END,63,/home/ekaterina_kuzmina1/tenstorrent/.venv/lib/python3.10/site-packages/ttnn/tt_metal/hw/firmware/src/tt-1xx/ncrisck.cc,
3,2,4,NCRISC,12030,11018392303083,0,3075,,,NCRISC-FW,ZONE_END,123,/home/ekaterina_kuzmina1/tenstorrent/.venv/lib/python3.10/site-packages/ttnn/tt_metal/hw/firmware/src/tt-1xx/ncrisc.cc,
3,2,4,NCRISC,12030,11019124110386,0,4099,,,NCRISC-FW,ZONE_START,123,/home/ekaterina_kuzmina1/tenstorrent/.venv/lib/python3.10/site-packages/ttnn/tt_metal/hw/firmware/src/tt-1xx/ncrisc.cc,
3,2,4,NCRISC,16513,11019124111079,0,4099,,,NCRISC-KERNEL,ZONE_START,63,/home/ekaterina_kuzmina1/tenstorrent/.venv/lib/python3.10/site-packages/ttnn/tt_metal/hw/firmware/src/tt-1xx/ncrisck.cc,
3,2,4,NCRISC,16513,11019124268522,0,4099,,,NCRISC-KERNEL,ZONE_END,63,/home/ekaterina_kuzmina1/tenstorrent/.venv/lib/python3.10/site-packages/ttnn/tt_metal/hw/firmware/src/tt-1xx/ncrisck.cc,
3,2,4,NCRISC,12030,11019124268653,0,4099,,,NCRISC-FW,ZONE_END,123,/home/ekaterina_kuzmina1/tenstorrent/.venv/lib/python3.10/site-packages/ttnn/tt_metal/hw/firmware/src/tt-1xx/ncrisc.cc,
3,2,4,TRISC_0,8413,11018334781995,0,2051,,,TRISC-FW,ZONE_START,136,/home/ekaterina_kuzmina1/tenstorrent/.venv/lib/python3.10/site-packages/ttnn/tt_metal/hw/firmware/src/tt-1xx/trisc.cc,
3,2,4,TRISC_0,360,11018334782470,0,2051,,,TRISC-KERNEL,ZONE_START,62,/home/ekaterina_kuzmina1/tenstorrent/.venv/lib/python3.10/site-packages/ttnn/tt_metal/hw/firmware/src/tt-1xx/trisck.cc,
3,2,4,TRISC_0,360,11018335285939,0,2051,,,TRISC-KERNEL,ZONE_END,62,/home/ekaterina_kuzmina1/tenstorrent/.venv/lib/python3.10/site-packages/ttnn/tt_metal/hw/firmware/src/tt-1xx/trisck.cc,
3,2,4,TRISC_0,8413,11018335286686,0,2051,,,TRISC-FW,ZONE_END,136,/home/ekaterina_kuzmina1/tenstorrent/.venv/lib/python3.10/site-packages/ttnn/tt_metal/hw/firmware/src/tt-1xx/trisc.cc,
3,2,4,TRISC_0,8413,11019124110490,0,4099,,,TRISC-FW,ZONE_START,136,/home/ekaterina_kuzmina1/tenstorrent/.venv/lib/python3.10/site-packages/ttnn/tt_metal/hw/firmware/src/tt-1xx/trisc.cc,
3,2,4,TRISC_0,360,11019124110832,0,4099,,,TRISC-KERNEL,ZONE_START,62,/home/ekaterina_kuzmina1/tenstorrent/.venv/lib/python3.10/site-packages/ttnn/tt_metal/hw/firmware/src/tt-1xx/trisck.cc,
3,2,4,TRISC_0,360,11019124268560,0,4099,,,TRISC-KERNEL,ZONE_END,62,/home/ekaterina_kuzmina1/tenstorrent/.venv/lib/python3.10/site-packages/ttnn/tt_metal/hw/firmware/src/tt-1xx/trisck.cc,
3,2,4,TRISC_0,8413,11019124268611,0,4099,,,TRISC-FW,ZONE_END,136,/home/ekaterina_kuzmina1/tenstorrent/.venv/lib/python3.10/site-packages/ttnn/tt_metal/hw/firmware/src/tt-1xx/trisc.cc,
3,2,4,TRISC_1,8413,11018334781987,0,2051,,,TRISC-FW,ZONE_START,136,/home/ekaterina_kuzmina1/tenstorrent/.venv/lib/python3.10/site-packages/ttnn/tt_metal/hw/firmware/src/tt-1xx/trisc.cc,
3,2,4,TRISC_1,360,11018334782473,0,2051,,,TRISC-KERNEL,ZONE_START,62,/home/ekaterina_kuzmina1/tenstorrent/.venv/lib/python3.10/site-packages/ttnn/tt_metal/hw/firmware/src/tt-1xx/trisck.cc,
3,2,4,TRISC_1,360,11018335286740,0,2051,,,TRISC-KERNEL,ZONE_END,62,/home/ekaterina_kuzmina1/tenstorrent/.venv/lib/python3.10/site-packages/ttnn/tt_metal/hw/firmware/src/tt-1xx/trisck.cc,
3,2,4,TRISC_1,8413,11018335286798,0,2051,,,TRISC-FW,ZONE_END,136,/home/ekaterina_kuzmina1/tenstorrent/.venv/lib/python3.10/site-packages/ttnn/tt_metal/hw/firmware/src/tt-1xx/trisc.cc,
3,2,4,TRISC_1,8413,11019124110491,0,4099,,,TRISC-FW,ZONE_START,136,/home/ekaterina_kuzmina1/tenstorrent/.venv/lib/python3.10/site-packages/ttnn/tt_metal/hw/firmware/src/tt-1xx/trisc.cc,
3,2,4,TRISC_1,360,11019124110691,0,4099,,,TRISC-KERNEL,ZONE_START,62,/home/ekaterina_kuzmina1/tenstorrent/.venv/lib/python3.10/site-packages/ttnn/tt_metal/hw/firmware/src/tt-1xx/trisck.cc,
3,2,4,TRISC_1,360,11019124267019,0,4099,,,TRISC-KERNEL,ZONE_END,62,/home/ekaterina_kuzmina1/tenstorrent/.venv/lib/python3.10/site-packages/ttnn/tt_metal/hw/firmware/src/tt-1xx/trisck.cc,
3,2,4,TRISC_1,8413,11019124268576,0,4099,,,TRISC-FW,ZONE_END,136,/home/ekaterina_kuzmina1/tenstorrent/.venv/lib/python3.10/site-packages/ttnn/tt_metal/hw/firmware/src/tt-1xx/trisc.cc,
3,2,4,TRISC_2,8413,11018334782000,0,2051,,,TRISC-FW,ZONE_START,136,/home/ekaterina_kuzmina1/tenstorrent/.venv/lib/python3.10/site-packages/ttnn/tt_metal/hw/firmware/src/tt-1xx/trisc.cc,
3,2,4,TRISC_2,360,11018334782471,0,2051,,,TRISC-KERNEL,ZONE_START,62,/home/ekaterina_kuzmina1/tenstorrent/.venv/lib/python3.10/site-packages/ttnn/tt_metal/hw/firmware/src/tt-1xx/trisck.cc,
3,2,4,TRISC_2,360,11018335286858,0,2051,,,TRISC-KERNEL,ZONE_END,62,/home/ekaterina_kuzmina1/tenstorrent/.venv/lib/python3.10/site-packages/ttnn/tt_metal/hw/firmware/src/tt-1xx/trisck.cc,
3,2,4,TRISC_2,8413,11018335287098,0,2051,,,TRISC-FW,ZONE_END,136,/home/ekaterina_kuzmina1/tenstorrent/.venv/lib/python3.10/site-packages/ttnn/tt_metal/hw/firmware/src/tt-1xx/trisc.cc,
3,2,4,TRISC_2,8413,11019124110504,0,4099,,,TRISC-FW,ZONE_START,136,/home/ekaterina_kuzmina1/tenstorrent/.venv/lib/python3.10/site-packages/ttnn/tt_metal/hw/firmware/src/tt-1xx/trisc.cc,
3,2,4,TRISC_2,360,11019124110827,0,4099,,,TRISC-KERNEL,ZONE_START,62,/home/ekaterina_kuzmina1/tenstorrent/.venv/lib/python3.10/site-packages/ttnn/tt_metal/hw/firmware/src/tt-1xx/trisck.cc,
3,2,4,TRISC_2,360,11019124268240,0,4099,,,TRISC-KERNEL,ZONE_END,62,/home/ekaterina_kuzmina1/tenstorrent/.venv/lib/python3.10/site-packages/ttnn/tt_metal/hw/firmware/src/tt-1xx/trisck.cc,
3,2,4,TRISC_2,8413,11019124268684,0,4099,,,TRISC-FW,ZONE_END,136,/home/ekaterina_kuzmina1/tenstorrent/.venv/lib/python3.10/site-packages/ttnn/tt_metal/hw/firmware/src/tt-1xx/trisc.cc,
3,2,5,BRISC,61457,11018334781761,0,2051,,,BRISC-FW,ZONE_START,412,/home/ekaterina_kuzmina1/tenstorrent/.venv/lib/python3.10/site-packages/ttnn/tt_metal/hw/firmware/src/tt-1xx/brisc.cc,
3,2,5,BRISC,63326,11018334782550,0,2051,,,BRISC-KERNEL,ZONE_START,64,/home/ekaterina_kuzmina1/tenstorrent/.venv/lib/python3.10/site-packages/ttnn/tt_metal/hw/firmware/src/tt-1xx/brisck.cc,
3,2,5,BRISC,63326,11018335343583,0,2051,,,BRISC-KERNEL,ZONE_END,64,/home/ekaterina_kuzmina1/tenstorrent/.venv/lib/python3.10/site-packages/ttnn/tt_metal/hw/firmware/src/tt-1xx/brisck.cc,
3,2,5,BRISC,61457,11018335343768,0,2051,,,BRISC-FW,ZONE_END,412,/home/ekaterina_kuzmina1/tenstorrent/.venv/lib/python3.10/site-packages/ttnn/tt_metal/hw/firmware/src/tt-1xx/brisc.cc,
3,2,5,BRISC,61457,11018391680677,0,3075,,,BRISC-FW,ZONE_START,412,/home/ekaterina_kuzmina1/tenstorrent/.venv/lib/python3.10/site-packages/ttnn/tt_metal/hw/firmware/src/tt-1xx/brisc.cc,
3,2,5,BRISC,63326,11018391681393,0,3075,,,BRISC-KERNEL,ZONE_START,64,/home/ekaterina_kuzmina1/tenstorrent/.venv/lib/python3.10/site-packages/ttnn/tt_metal/hw/firmware/src/tt-1xx/brisck.cc,
3,2,5,BRISC,63326,11018392292864,0,3075,,,BRISC-KERNEL,ZONE_END,64,/home/ekaterina_kuzmina1/tenstorrent/.venv/lib/python3.10/site-packages/ttnn/tt_metal/hw/firmware/src/tt-1xx/brisck.cc,
3,2,5,BRISC,61457,11018392293048,0,3075,,,BRISC-FW,ZONE_END,412,/home/ekaterina_kuzmina1/tenstorrent/.venv/lib/python3.10/site-packages/ttnn/tt_metal/hw/firmware/src/tt-1xx/brisc.cc,
3,2,5,BRISC,61457,11019124110244,0,4099,,,BRISC-FW,ZONE_START,412,/home/ekaterina_kuzmina1/tenstorrent/.venv/lib/python3.10/site-packages/ttnn/tt_metal/hw/firmware/src/tt-1xx/brisc.cc,
3,2,5,BRISC,63326,11019124111107,0,4099,,,BRISC-KERNEL,ZONE_START,64,/home/ekaterina_kuzmina1/tenstorrent/.venv/lib/python3.10/site-packages/ttnn/tt_metal/hw/firmware/src/tt-1xx/brisck.cc,
3,2,5,BRISC,63326,11019124274377,0,4099,,,BRISC-KERNEL,ZONE_END,64,/home/ekaterina_kuzmina1/tenstorrent/.venv/lib/python3.10/site-packages/ttnn/tt_metal/hw/firmware/src/tt-1xx/brisck.cc,
3,2,5,BRISC,61457,11019124274558,0,4099,,,BRISC-FW,ZONE_END,412,/home/ekaterina_kuzmina1/tenstorrent/.venv/lib/python3.10/site-packages/ttnn/tt_metal/hw/firmware/src/tt-1xx/brisc.cc,
3,2,5,NCRISC,12030,11018334781914,0,2051,,,NCRISC-FW,ZONE_START,123,/home/ekaterina_kuzmina1/tenstorrent/.venv/lib/python3.10/site-packages/ttnn/tt_metal/hw/firmware/src/tt-1xx/ncrisc.cc,
3,2,5,NCRISC,16513,11018334782526,0,2051,,,NCRISC-KERNEL,ZONE_START,63,/home/ekaterina_kuzmina1/tenstorrent/.venv/lib/python3.10/site-packages/ttnn/tt_metal/hw/firmware/src/tt-1xx/ncrisck.cc,
3,2,5,NCRISC,16513,11018335268542,0,2051,,,NCRISC-KERNEL,ZONE_END,63,/home/ekaterina_kuzmina1/tenstorrent/.venv/lib/python3.10/site-packages/ttnn/tt_metal/hw/firmware/src/tt-1xx/ncrisck.cc,
3,2,5,NCRISC,12030,11018335268658,0,2051,,,NCRISC-FW,ZONE_END,123,/home/ekaterina_kuzmina1/tenstorrent/.venv/lib/python3.10/site-packages/ttnn/tt_metal/hw/firmware/src/tt-1xx/ncrisc.cc,
3,2,5,NCRISC,12030,11018391680825,0,3075,,,NCRISC-FW,ZONE_START,123,/home/ekaterina_kuzmina1/tenstorrent/.venv/lib/python3.10/site-packages/ttnn/tt_metal/hw/firmware/src/tt-1xx/ncrisc.cc,
3,2,5,NCRISC,16513,11018391681366,0,3075,,,NCRISC-KERNEL,ZONE_START,63,/home/ekaterina_kuzmina1/tenstorrent/.venv/lib/python3.10/site-packages/ttnn/tt_metal/hw/firmware/src/tt-1xx/ncrisck.cc,
3,2,5,NCRISC,16513,11018392290411,0,3075,,,NCRISC-KERNEL,ZONE_END,63,/home/ekaterina_kuzmina1/tenstorrent/.venv/lib/python3.10/site-packages/ttnn/tt_metal/hw/firmware/src/tt-1xx/ncrisck.cc,
3,2,5,NCRISC,12030,11018392290528,0,3075,,,NCRISC-FW,ZONE_END,123,/home/ekaterina_kuzmina1/tenstorrent/.venv/lib/python3.10/site-packages/ttnn/tt_metal/hw/firmware/src/tt-1xx/ncrisc.cc,
3,2,5,NCRISC,12030,11019124110391,0,4099,,,NCRISC-FW,ZONE_START,123,/home/ekaterina_kuzmina1/tenstorrent/.venv/lib/python3.10/site-packages/ttnn/tt_metal/hw/firmware/src/tt-1xx/ncrisc.cc,
3,2,5,NCRISC,16513,11019124111089,0,4099,,,NCRISC-KERNEL,ZONE_START,63,/home/ekaterina_kuzmina1/tenstorrent/.venv/lib/python3.10/site-packages/ttnn/tt_metal/hw/firmware/src/tt-1xx/ncrisck.cc,
3,2,5,NCRISC,16513,11019124273427,0,4099,,,NCRISC-KERNEL,ZONE_END,63,/home/ekaterina_kuzmina1/tenstorrent/.venv/lib/python3.10/site-packages/ttnn/tt_metal/hw/firmware/src/tt-1xx/ncrisck.cc,
3,2,5,NCRISC,12030,11019124273561,0,4099,,,NCRISC-FW,ZONE_END,123,/home/ekaterina_kuzmina1/tenstorrent/.venv/lib/python3.10/site-packages/ttnn/tt_metal/hw/firmware/src/tt-1xx/ncrisc.cc,
3,2,5,TRISC_0,8413,11018334782006,0,2051,,,TRISC-FW,ZONE_START,136,/home/ekaterina_kuzmina1/tenstorrent/.venv/lib/python3.10/site-packages/ttnn/tt_metal/hw/firmware/src/tt-1xx/trisc.cc,
3,2,5,TRISC_0,360,11018334782460,0,2051,,,TRISC-KERNEL,ZONE_START,62,/home/ekaterina_kuzmina1/tenstorrent/.venv/lib/python3.10/site-packages/ttnn/tt_metal/hw/firmware/src/tt-1xx/trisck.cc,
3,2,5,TRISC_0,360,11018335285952,0,2051,,,TRISC-KERNEL,ZONE_END,62,/home/ekaterina_kuzmina1/tenstorrent/.venv/lib/python3.10/site-packages/ttnn/tt_metal/hw/firmware/src/tt-1xx/trisck.cc,
3,2,5,TRISC_0,8413,11018335286692,0,2051,,,TRISC-FW,ZONE_END,136,/home/ekaterina_kuzmina1/tenstorrent/.venv/lib/python3.10/site-packages/ttnn/tt_metal/hw/firmware/src/tt-1xx/trisc.cc,
3,2,5,TRISC_0,8413,11019124110496,0,4099,,,TRISC-FW,ZONE_START,136,/home/ekaterina_kuzmina1/tenstorrent/.venv/lib/python3.10/site-packages/ttnn/tt_metal/hw/firmware/src/tt-1xx/trisc.cc,
3,2,5,TRISC_0,360,11019124110836,0,4099,,,TRISC-KERNEL,ZONE_START,62,/home/ekaterina_kuzmina1/tenstorrent/.venv/lib/python3.10/site-packages/ttnn/tt_metal/hw/firmware/src/tt-1xx/trisck.cc,
3,2,5,TRISC_0,360,11019124273458,0,4099,,,TRISC-KERNEL,ZONE_END,62,/home/ekaterina_kuzmina1/tenstorrent/.venv/lib/python3.10/site-packages/ttnn/tt_metal/hw/firmware/src/tt-1xx/trisck.cc,
3,2,5,TRISC_0,8413,11019124273501,0,4099,,,TRISC-FW,ZONE_END,136,/home/ekaterina_kuzmina1/tenstorrent/.venv/lib/python3.10/site-packages/ttnn/tt_metal/hw/firmware/src/tt-1xx/trisc.cc,
3,2,5,TRISC_1,8413,11018334782005,0,2051,,,TRISC-FW,ZONE_START,136,/home/ekaterina_kuzmina1/tenstorrent/.venv/lib/python3.10/site-packages/ttnn/tt_metal/hw/firmware/src/tt-1xx/trisc.cc,
3,2,5,TRISC_1,360,11018334782461,0,2051,,,TRISC-KERNEL,ZONE_START,62,/home/ekaterina_kuzmina1/tenstorrent/.venv/lib/python3.10/site-packages/ttnn/tt_metal/hw/firmware/src/tt-1xx/trisck.cc,
3,2,5,TRISC_1,360,11018335286746,0,2051,,,TRISC-KERNEL,ZONE_END,62,/home/ekaterina_kuzmina1/tenstorrent/.venv/lib/python3.10/site-packages/ttnn/tt_metal/hw/firmware/src/tt-1xx/trisck.cc,
3,2,5,TRISC_1,8413,11018335286803,0,2051,,,TRISC-FW,ZONE_END,136,/home/ekaterina_kuzmina1/tenstorrent/.venv/lib/python3.10/site-packages/ttnn/tt_metal/hw/firmware/src/tt-1xx/trisc.cc,
3,2,5,TRISC_1,8413,11019124110495,0,4099,,,TRISC-FW,ZONE_START,136,/home/ekaterina_kuzmina1/tenstorrent/.venv/lib/python3.10/site-packages/ttnn/tt_metal/hw/firmware/src/tt-1xx/trisc.cc,
3,2,5,TRISC_1,360,11019124110678,0,4099,,,TRISC-KERNEL,ZONE_START,62,/home/ekaterina_kuzmina1/tenstorrent/.venv/lib/python3.10/site-packages/ttnn/tt_metal/hw/firmware/src/tt-1xx/trisck.cc,
3,2,5,TRISC_1,360,11019124271831,0,4099,,,TRISC-KERNEL,ZONE_END,62,/home/ekaterina_kuzmina1/tenstorrent/.venv/lib/python3.10/site-packages/ttnn/tt_metal/hw/firmware/src/tt-1xx/trisck.cc,
3,2,5,TRISC_1,8413,11019124273481,0,4099,,,TRISC-FW,ZONE_END,136,/home/ekaterina_kuzmina1/tenstorrent/.venv/lib/python3.10/site-packages/ttnn/tt_metal/hw/firmware/src/tt-1xx/trisc.cc,
3,2,5,TRISC_2,8413,11018334782026,0,2051,,,TRISC-FW,ZONE_START,136,/home/ekaterina_kuzmina1/tenstorrent/.venv/lib/python3.10/site-packages/ttnn/tt_metal/hw/firmware/src/tt-1xx/trisc.cc,
3,2,5,TRISC_2,360,11018334782462,0,2051,,,TRISC-KERNEL,ZONE_START,62,/home/ekaterina_kuzmina1/tenstorrent/.venv/lib/python3.10/site-packages/ttnn/tt_metal/hw/firmware/src/tt-1xx/trisck.cc,
3,2,5,TRISC_2,360,11018335286863,0,2051,,,TRISC-KERNEL,ZONE_END,62,/home/ekaterina_kuzmina1/tenstorrent/.venv/lib/python3.10/site-packages/ttnn/tt_metal/hw/firmware/src/tt-1xx/trisck.cc,
3,2,5,TRISC_2,8413,11018335287090,0,2051,,,TRISC-FW,ZONE_END,136,/home/ekaterina_kuzmina1/tenstorrent/.venv/lib/python3.10/site-packages/ttnn/tt_metal/hw/firmware/src/tt-1xx/trisc.cc,
3,2,5,TRISC_2,8413,11019124110498,0,4099,,,TRISC-FW,ZONE_START,136,/home/ekaterina_kuzmina1/tenstorrent/.venv/lib/python3.10/site-packages/ttnn/tt_metal/hw/firmware/src/tt-1xx/trisc.cc,
3,2,5,TRISC_2,360,11019124110833,0,4099,,,TRISC-KERNEL,ZONE_START,62,/home/ekaterina_kuzmina1/tenstorrent/.venv/lib/python3.10/site-packages/ttnn/tt_metal/hw/firmware/src/tt-1xx/trisck.cc,
3,2,5,TRISC_2,360,11019124272927,0,4099,,,TRISC-KERNEL,ZONE_END,62,/home/ekaterina_kuzmina1/tenstorrent/.venv/lib/python3.10/site-packages/ttnn/tt_metal/hw/firmware/src/tt-1xx/trisck.cc,
3,2,5,TRISC_2,8413,11019124273591,0,4099,,,TRISC-FW,ZONE_END,136,/home/ekaterina_kuzmina1/tenstorrent/.venv/lib/python3.10/site-packages/ttnn/tt_metal/hw/firmware/src/tt-1xx/trisc.cc,
3,2,7,BRISC,61457,11018334781734,0,2051,,,BRISC-FW,ZONE_START,412,/home/ekaterina_kuzmina1/tenstorrent/.venv/lib/python3.10/site-packages/ttnn/tt_metal/hw/firmware/src/tt-1xx/brisc.cc,
3,2,7,BRISC,63326,11018334782500,0,2051,,,BRISC-KERNEL,ZONE_START,64,/home/ekaterina_kuzmina1/tenstorrent/.venv/lib/python3.10/site-packages/ttnn/tt_metal/hw/firmware/src/tt-1xx/brisck.cc,
3,2,7,BRISC,63326,11018335329803,0,2051,,,BRISC-KERNEL,ZONE_END,64,/home/ekaterina_kuzmina1/tenstorrent/.venv/lib/python3.10/site-packages/ttnn/tt_metal/hw/firmware/src/tt-1xx/brisck.cc,
3,2,7,BRISC,61457,11018335329993,0,2051,,,BRISC-FW,ZONE_END,412,/home/ekaterina_kuzmina1/tenstorrent/.venv/lib/python3.10/site-packages/ttnn/tt_metal/hw/firmware/src/tt-1xx/brisc.cc,
3,2,7,BRISC,61457,11018391680665,0,3075,,,BRISC-FW,ZONE_START,412,/home/ekaterina_kuzmina1/tenstorrent/.venv/lib/python3.10/site-packages/ttnn/tt_metal/hw/firmware/src/tt-1xx/brisc.cc,
3,2,7,BRISC,63326,11018391681380,0,3075,,,BRISC-KERNEL,ZONE_START,64,/home/ekaterina_kuzmina1/tenstorrent/.venv/lib/python3.10/site-packages/ttnn/tt_metal/hw/firmware/src/tt-1xx/brisck.cc,
3,2,7,BRISC,63326,11018392291178,0,3075,,,BRISC-KERNEL,ZONE_END,64,/home/ekaterina_kuzmina1/tenstorrent/.venv/lib/python3.10/site-packages/ttnn/tt_metal/hw/firmware/src/tt-1xx/brisck.cc,
3,2,7,BRISC,61457,11018392291356,0,3075,,,BRISC-FW,ZONE_END,412,/home/ekaterina_kuzmina1/tenstorrent/.venv/lib/python3.10/site-packages/ttnn/tt_metal/hw/firmware/src/tt-1xx/brisc.cc,
3,2,7,BRISC,61457,11019124110294,0,4099,,,BRISC-FW,ZONE_START,412,/home/ekaterina_kuzmina1/tenstorrent/.venv/lib/python3.10/site-packages/ttnn/tt_metal/hw/firmware/src/tt-1xx/brisc.cc,
3,2,7,BRISC,63326,11019124111167,0,4099,,,BRISC-KERNEL,ZONE_START,64,/home/ekaterina_kuzmina1/tenstorrent/.venv/lib/python3.10/site-packages/ttnn/tt_metal/hw/firmware/src/tt-1xx/brisck.cc,
3,2,7,BRISC,63326,11019124275038,0,4099,,,BRISC-KERNEL,ZONE_END,64,/home/ekaterina_kuzmina1/tenstorrent/.venv/lib/python3.10/site-packages/ttnn/tt_metal/hw/firmware/src/tt-1xx/brisck.cc,
3,2,7,BRISC,61457,11019124275219,0,4099,,,BRISC-FW,ZONE_END,412,/home/ekaterina_kuzmina1/tenstorrent/.venv/lib/python3.10/site-packages/ttnn/tt_metal/hw/firmware/src/tt-1xx/brisc.cc,
3,2,7,NCRISC,12030,11018334781883,0,2051,,,NCRISC-FW,ZONE_START,123,/home/ekaterina_kuzmina1/tenstorrent/.venv/lib/python3.10/site-packages/ttnn/tt_metal/hw/firmware/src/tt-1xx/ncrisc.cc,
3,2,7,NCRISC,16513,11018334782485,0,2051,,,NCRISC-KERNEL,ZONE_START,63,/home/ekaterina_kuzmina1/tenstorrent/.venv/lib/python3.10/site-packages/ttnn/tt_metal/hw/firmware/src/tt-1xx/ncrisck.cc,
3,2,7,NCRISC,16513,11018335269715,0,2051,,,NCRISC-KERNEL,ZONE_END,63,/home/ekaterina_kuzmina1/tenstorrent/.venv/lib/python3.10/site-packages/ttnn/tt_metal/hw/firmware/src/tt-1xx/ncrisck.cc,
3,2,7,NCRISC,12030,11018335269832,0,2051,,,NCRISC-FW,ZONE_END,123,/home/ekaterina_kuzmina1/tenstorrent/.venv/lib/python3.10/site-packages/ttnn/tt_metal/hw/firmware/src/tt-1xx/ncrisc.cc,
3,2,7,NCRISC,12030,11018391680812,0,3075,,,NCRISC-FW,ZONE_START,123,/home/ekaterina_kuzmina1/tenstorrent/.venv/lib/python3.10/site-packages/ttnn/tt_metal/hw/firmware/src/tt-1xx/ncrisc.cc,
3,2,7,NCRISC,16513,11018391681353,0,3075,,,NCRISC-KERNEL,ZONE_START,63,/home/ekaterina_kuzmina1/tenstorrent/.venv/lib/python3.10/site-packages/ttnn/tt_metal/hw/firmware/src/tt-1xx/ncrisck.cc,
3,2,7,NCRISC,16513,11018392288390,0,3075,,,NCRISC-KERNEL,ZONE_END,63,/home/ekaterina_kuzmina1/tenstorrent/.venv/lib/python3.10/site-packages/ttnn/tt_metal/hw/firmware/src/tt-1xx/ncrisck.cc,
3,2,7,NCRISC,12030,11018392288510,0,3075,,,NCRISC-FW,ZONE_END,123,/home/ekaterina_kuzmina1/tenstorrent/.venv/lib/python3.10/site-packages/ttnn/tt_metal/hw/firmware/src/tt-1xx/ncrisc.cc,
3,2,7,NCRISC,12030,11019124110438,0,4099,,,NCRISC-FW,ZONE_START,123,/home/ekaterina_kuzmina1/tenstorrent/.venv/lib/python3.10/site-packages/ttnn/tt_metal/hw/firmware/src/tt-1xx/ncrisc.cc,
3,2,7,NCRISC,16513,11019124111150,0,4099,,,NCRISC-KERNEL,ZONE_START,63,/home/ekaterina_kuzmina1/tenstorrent/.venv/lib/python3.10/site-packages/ttnn/tt_metal/hw/firmware/src/tt-1xx/ncrisck.cc,
3,2,7,NCRISC,16513,11019124273926,0,4099,,,NCRISC-KERNEL,ZONE_END,63,/home/ekaterina_kuzmina1/tenstorrent/.venv/lib/python3.10/site-packages/ttnn/tt_metal/hw/firmware/src/tt-1xx/ncrisck.cc,
3,2,7,NCRISC,12030,11019124274057,0,4099,,,NCRISC-FW,ZONE_END,123,/home/ekaterina_kuzmina1/tenstorrent/.venv/lib/python3.10/site-packages/ttnn/tt_metal/hw/firmware/src/tt-1xx/ncrisc.cc,
3,2,7,TRISC_0,8413,11018334781994,0,2051,,,TRISC-FW,ZONE_START,136,/home/ekaterina_kuzmina1/tenstorrent/.venv/lib/python3.10/site-packages/ttnn/tt_metal/hw/firmware/src/tt-1xx/trisc.cc,
3,2,7,TRISC_0,360,11018334782443,0,2051,,,TRISC-KERNEL,ZONE_START,62,/home/ekaterina_kuzmina1/tenstorrent/.venv/lib/python3.10/site-packages/ttnn/tt_metal/hw/firmware/src/tt-1xx/trisck.cc,
3,2,7,TRISC_0,360,11018335285987,0,2051,,,TRISC-KERNEL,ZONE_END,62,/home/ekaterina_kuzmina1/tenstorrent/.venv/lib/python3.10/site-packages/ttnn/tt_metal/hw/firmware/src/tt-1xx/trisck.cc,
3,2,7,TRISC_0,8413,11018335286724,0,2051,,,TRISC-FW,ZONE_END,136,/home/ekaterina_kuzmina1/tenstorrent/.venv/lib/python3.10/site-packages/ttnn/tt_metal/hw/firmware/src/tt-1xx/trisc.cc,
3,2,7,TRISC_0,8413,11019124110535,0,4099,,,TRISC-FW,ZONE_START,136,/home/ekaterina_kuzmina1/tenstorrent/.venv/lib/python3.10/site-packages/ttnn/tt_metal/hw/firmware/src/tt-1xx/trisc.cc,
3,2,7,TRISC_0,360,11019124110868,0,4099,,,TRISC-KERNEL,ZONE_START,62,/home/ekaterina_kuzmina1/tenstorrent/.venv/lib/python3.10/site-packages/ttnn/tt_metal/hw/firmware/src/tt-1xx/trisck.cc,
3,2,7,TRISC_0,360,11019124273964,0,4099,,,TRISC-KERNEL,ZONE_END,62,/home/ekaterina_kuzmina1/tenstorrent/.venv/lib/python3.10/site-packages/ttnn/tt_metal/hw/firmware/src/tt-1xx/trisck.cc,
3,2,7,TRISC_0,8413,11019124274015,0,4099,,,TRISC-FW,ZONE_END,136,/home/ekaterina_kuzmina1/tenstorrent/.venv/lib/python3.10/site-packages/ttnn/tt_metal/hw/firmware/src/tt-1xx/trisc.cc,
3,2,7,TRISC_1,8413,11018334781978,0,2051,,,TRISC-FW,ZONE_START,136,/home/ekaterina_kuzmina1/tenstorrent/.venv/lib/python3.10/site-packages/ttnn/tt_metal/hw/firmware/src/tt-1xx/trisc.cc,
3,2,7,TRISC_1,360,11018334782446,0,2051,,,TRISC-KERNEL,ZONE_START,62,/home/ekaterina_kuzmina1/tenstorrent/.venv/lib/python3.10/site-packages/ttnn/tt_metal/hw/firmware/src/tt-1xx/trisck.cc,
3,2,7,TRISC_1,360,11018335286778,0,2051,,,TRISC-KERNEL,ZONE_END,62,/home/ekaterina_kuzmina1/tenstorrent/.venv/lib/python3.10/site-packages/ttnn/tt_metal/hw/firmware/src/tt-1xx/trisck.cc,
3,2,7,TRISC_1,8413,11018335286839,0,2051,,,TRISC-FW,ZONE_END,136,/home/ekaterina_kuzmina1/tenstorrent/.venv/lib/python3.10/site-packages/ttnn/tt_metal/hw/firmware/src/tt-1xx/trisc.cc,
3,2,7,TRISC_1,8413,11019124110544,0,4099,,,TRISC-FW,ZONE_START,136,/home/ekaterina_kuzmina1/tenstorrent/.venv/lib/python3.10/site-packages/ttnn/tt_metal/hw/firmware/src/tt-1xx/trisc.cc,
3,2,7,TRISC_1,360,11019124110723,0,4099,,,TRISC-KERNEL,ZONE_START,62,/home/ekaterina_kuzmina1/tenstorrent/.venv/lib/python3.10/site-packages/ttnn/tt_metal/hw/firmware/src/tt-1xx/trisck.cc,
3,2,7,TRISC_1,360,11019124272674,0,4099,,,TRISC-KERNEL,ZONE_END,62,/home/ekaterina_kuzmina1/tenstorrent/.venv/lib/python3.10/site-packages/ttnn/tt_metal/hw/firmware/src/tt-1xx/trisck.cc,
3,2,7,TRISC_1,8413,11019124273980,0,4099,,,TRISC-FW,ZONE_END,136,/home/ekaterina_kuzmina1/tenstorrent/.venv/lib/python3.10/site-packages/ttnn/tt_metal/hw/firmware/src/tt-1xx/trisc.cc,
3,2,7,TRISC_2,8413,11018334781989,0,2051,,,TRISC-FW,ZONE_START,136,/home/ekaterina_kuzmina1/tenstorrent/.venv/lib/python3.10/site-packages/ttnn/tt_metal/hw/firmware/src/tt-1xx/trisc.cc,
3,2,7,TRISC_2,360,11018334782444,0,2051,,,TRISC-KERNEL,ZONE_START,62,/home/ekaterina_kuzmina1/tenstorrent/.venv/lib/python3.10/site-packages/ttnn/tt_metal/hw/firmware/src/tt-1xx/trisck.cc,
3,2,7,TRISC_2,360,11018335286893,0,2051,,,TRISC-KERNEL,ZONE_END,62,/home/ekaterina_kuzmina1/tenstorrent/.venv/lib/python3.10/site-packages/ttnn/tt_metal/hw/firmware/src/tt-1xx/trisck.cc,
3,2,7,TRISC_2,8413,11018335287129,0,2051,,,TRISC-FW,ZONE_END,136,/home/ekaterina_kuzmina1/tenstorrent/.venv/lib/python3.10/site-packages/ttnn/tt_metal/hw/firmware/src/tt-1xx/trisc.cc,
3,2,7,TRISC_2,8413,11019124110557,0,4099,,,TRISC-FW,ZONE_START,136,/home/ekaterina_kuzmina1/tenstorrent/.venv/lib/python3.10/site-packages/ttnn/tt_metal/hw/firmware/src/tt-1xx/trisc.cc,
3,2,7,TRISC_2,360,11019124110877,0,4099,,,TRISC-KERNEL,ZONE_START,62,/home/ekaterina_kuzmina1/tenstorrent/.venv/lib/python3.10/site-packages/ttnn/tt_metal/hw/firmware/src/tt-1xx/trisck.cc,
3,2,7,TRISC_2,360,11019124273579,0,4099,,,TRISC-KERNEL,ZONE_END,62,/home/ekaterina_kuzmina1/tenstorrent/.venv/lib/python3.10/site-packages/ttnn/tt_metal/hw/firmware/src/tt-1xx/trisck.cc,
3,2,7,TRISC_2,8413,11019124274088,0,4099,,,TRISC-FW,ZONE_END,136,/home/ekaterina_kuzmina1/tenstorrent/.venv/lib/python3.10/site-packages/ttnn/tt_metal/hw/firmware/src/tt-1xx/trisc.cc,
3,2,8,BRISC,61457,11018334781782,0,2051,,,BRISC-FW,ZONE_START,412,/home/ekaterina_kuzmina1/tenstorrent/.venv/lib/python3.10/site-packages/ttnn/tt_metal/hw/firmware/src/tt-1xx/brisc.cc,
3,2,8,BRISC,63326,11018334782557,0,2051,,,BRISC-KERNEL,ZONE_START,64,/home/ekaterina_kuzmina1/tenstorrent/.venv/lib/python3.10/site-packages/ttnn/tt_metal/hw/firmware/src/tt-1xx/brisck.cc,
3,2,8,BRISC,63326,11018335315184,0,2051,,,BRISC-KERNEL,ZONE_END,64,/home/ekaterina_kuzmina1/tenstorrent/.venv/lib/python3.10/site-packages/ttnn/tt_metal/hw/firmware/src/tt-1xx/brisck.cc,
3,2,8,BRISC,61457,11018335315369,0,2051,,,BRISC-FW,ZONE_END,412,/home/ekaterina_kuzmina1/tenstorrent/.venv/lib/python3.10/site-packages/ttnn/tt_metal/hw/firmware/src/tt-1xx/brisc.cc,
3,2,8,BRISC,61457,11018391680674,0,3075,,,BRISC-FW,ZONE_START,412,/home/ekaterina_kuzmina1/tenstorrent/.venv/lib/python3.10/site-packages/ttnn/tt_metal/hw/firmware/src/tt-1xx/brisc.cc,
3,2,8,BRISC,63326,11018391681385,0,3075,,,BRISC-KERNEL,ZONE_START,64,/home/ekaterina_kuzmina1/tenstorrent/.venv/lib/python3.10/site-packages/ttnn/tt_metal/hw/firmware/src/tt-1xx/brisck.cc,
3,2,8,BRISC,63326,11018392298648,0,3075,,,BRISC-KERNEL,ZONE_END,64,/home/ekaterina_kuzmina1/tenstorrent/.venv/lib/python3.10/site-packages/ttnn/tt_metal/hw/firmware/src/tt-1xx/brisck.cc,
3,2,8,BRISC,61457,11018392298828,0,3075,,,BRISC-FW,ZONE_END,412,/home/ekaterina_kuzmina1/tenstorrent/.venv/lib/python3.10/site-packages/ttnn/tt_metal/hw/firmware/src/tt-1xx/brisc.cc,
3,2,8,BRISC,61457,11019124110272,0,4099,,,BRISC-FW,ZONE_START,412,/home/ekaterina_kuzmina1/tenstorrent/.venv/lib/python3.10/site-packages/ttnn/tt_metal/hw/firmware/src/tt-1xx/brisc.cc,
3,2,8,BRISC,63326,11019124111152,0,4099,,,BRISC-KERNEL,ZONE_START,64,/home/ekaterina_kuzmina1/tenstorrent/.venv/lib/python3.10/site-packages/ttnn/tt_metal/hw/firmware/src/tt-1xx/brisck.cc,
3,2,8,BRISC,63326,11019124275069,0,4099,,,BRISC-KERNEL,ZONE_END,64,/home/ekaterina_kuzmina1/tenstorrent/.venv/lib/python3.10/site-packages/ttnn/tt_metal/hw/firmware/src/tt-1xx/brisck.cc,
3,2,8,BRISC,61457,11019124275250,0,4099,,,BRISC-FW,ZONE_END,412,/home/ekaterina_kuzmina1/tenstorrent/.venv/lib/python3.10/site-packages/ttnn/tt_metal/hw/firmware/src/tt-1xx/brisc.cc,
3,2,8,NCRISC,12030,11018334781935,0,2051,,,NCRISC-FW,ZONE_START,123,/home/ekaterina_kuzmina1/tenstorrent/.venv/lib/python3.10/site-packages/ttnn/tt_metal/hw/firmware/src/tt-1xx/ncrisc.cc,
3,2,8,NCRISC,16513,11018334782535,0,2051,,,NCRISC-KERNEL,ZONE_START,63,/home/ekaterina_kuzmina1/tenstorrent/.venv/lib/python3.10/site-packages/ttnn/tt_metal/hw/firmware/src/tt-1xx/ncrisck.cc,
3,2,8,NCRISC,16513,11018335268892,0,2051,,,NCRISC-KERNEL,ZONE_END,63,/home/ekaterina_kuzmina1/tenstorrent/.venv/lib/python3.10/site-packages/ttnn/tt_metal/hw/firmware/src/tt-1xx/ncrisck.cc,
3,2,8,NCRISC,12030,11018335269009,0,2051,,,NCRISC-FW,ZONE_END,123,/home/ekaterina_kuzmina1/tenstorrent/.venv/lib/python3.10/site-packages/ttnn/tt_metal/hw/firmware/src/tt-1xx/ncrisc.cc,
3,2,8,NCRISC,12030,11018391680824,0,3075,,,NCRISC-FW,ZONE_START,123,/home/ekaterina_kuzmina1/tenstorrent/.venv/lib/python3.10/site-packages/ttnn/tt_metal/hw/firmware/src/tt-1xx/ncrisc.cc,
3,2,8,NCRISC,16513,11018391681358,0,3075,,,NCRISC-KERNEL,ZONE_START,63,/home/ekaterina_kuzmina1/tenstorrent/.venv/lib/python3.10/site-packages/ttnn/tt_metal/hw/firmware/src/tt-1xx/ncrisck.cc,
3,2,8,NCRISC,16513,11018392296219,0,3075,,,NCRISC-KERNEL,ZONE_END,63,/home/ekaterina_kuzmina1/tenstorrent/.venv/lib/python3.10/site-packages/ttnn/tt_metal/hw/firmware/src/tt-1xx/ncrisck.cc,
3,2,8,NCRISC,12030,11018392296341,0,3075,,,NCRISC-FW,ZONE_END,123,/home/ekaterina_kuzmina1/tenstorrent/.venv/lib/python3.10/site-packages/ttnn/tt_metal/hw/firmware/src/tt-1xx/ncrisc.cc,
3,2,8,NCRISC,12030,11019124110419,0,4099,,,NCRISC-FW,ZONE_START,123,/home/ekaterina_kuzmina1/tenstorrent/.venv/lib/python3.10/site-packages/ttnn/tt_metal/hw/firmware/src/tt-1xx/ncrisc.cc,
3,2,8,NCRISC,16513,11019124111135,0,4099,,,NCRISC-KERNEL,ZONE_START,63,/home/ekaterina_kuzmina1/tenstorrent/.venv/lib/python3.10/site-packages/ttnn/tt_metal/hw/firmware/src/tt-1xx/ncrisck.cc,
3,2,8,NCRISC,16513,11019124273997,0,4099,,,NCRISC-KERNEL,ZONE_END,63,/home/ekaterina_kuzmina1/tenstorrent/.venv/lib/python3.10/site-packages/ttnn/tt_metal/hw/firmware/src/tt-1xx/ncrisck.cc,
3,2,8,NCRISC,12030,11019124274128,0,4099,,,NCRISC-FW,ZONE_END,123,/home/ekaterina_kuzmina1/tenstorrent/.venv/lib/python3.10/site-packages/ttnn/tt_metal/hw/firmware/src/tt-1xx/ncrisc.cc,
3,2,8,TRISC_0,8413,11018334782030,0,2051,,,TRISC-FW,ZONE_START,136,/home/ekaterina_kuzmina1/tenstorrent/.venv/lib/python3.10/site-packages/ttnn/tt_metal/hw/firmware/src/tt-1xx/trisc.cc,
3,2,8,TRISC_0,360,11018334782433,0,2051,,,TRISC-KERNEL,ZONE_START,62,/home/ekaterina_kuzmina1/tenstorrent/.venv/lib/python3.10/site-packages/ttnn/tt_metal/hw/firmware/src/tt-1xx/trisck.cc,
3,2,8,TRISC_0,360,11018335286019,0,2051,,,TRISC-KERNEL,ZONE_END,62,/home/ekaterina_kuzmina1/tenstorrent/.venv/lib/python3.10/site-packages/ttnn/tt_metal/hw/firmware/src/tt-1xx/trisck.cc,
3,2,8,TRISC_0,8413,11018335286777,0,2051,,,TRISC-FW,ZONE_END,136,/home/ekaterina_kuzmina1/tenstorrent/.venv/lib/python3.10/site-packages/ttnn/tt_metal/hw/firmware/src/tt-1xx/trisc.cc,
3,2,8,TRISC_0,8413,11019124110525,0,4099,,,TRISC-FW,ZONE_START,136,/home/ekaterina_kuzmina1/tenstorrent/.venv/lib/python3.10/site-packages/ttnn/tt_metal/hw/firmware/src/tt-1xx/trisc.cc,
3,2,8,TRISC_0,360,11019124110876,0,4099,,,TRISC-KERNEL,ZONE_START,62,/home/ekaterina_kuzmina1/tenstorrent/.venv/lib/python3.10/site-packages/ttnn/tt_metal/hw/firmware/src/tt-1xx/trisck.cc,
3,2,8,TRISC_0,360,11019124274035,0,4099,,,TRISC-KERNEL,ZONE_END,62,/home/ekaterina_kuzmina1/tenstorrent/.venv/lib/python3.10/site-packages/ttnn/tt_metal/hw/firmware/src/tt-1xx/trisck.cc,
3,2,8,TRISC_0,8413,11019124274086,0,4099,,,TRISC-FW,ZONE_END,136,/home/ekaterina_kuzmina1/tenstorrent/.venv/lib/python3.10/site-packages/ttnn/tt_metal/hw/firmware/src/tt-1xx/trisc.cc,
3,2,8,TRISC_1,8413,11018334782031,0,2051,,,TRISC-FW,ZONE_START,136,/home/ekaterina_kuzmina1/tenstorrent/.venv/lib/python3.10/site-packages/ttnn/tt_metal/hw/firmware/src/tt-1xx/trisc.cc,
3,2,8,TRISC_1,360,11018334782440,0,2051,,,TRISC-KERNEL,ZONE_START,62,/home/ekaterina_kuzmina1/tenstorrent/.venv/lib/python3.10/site-packages/ttnn/tt_metal/hw/firmware/src/tt-1xx/trisck.cc,
3,2,8,TRISC_1,360,11018335286831,0,2051,,,TRISC-KERNEL,ZONE_END,62,/home/ekaterina_kuzmina1/tenstorrent/.venv/lib/python3.10/site-packages/ttnn/tt_metal/hw/firmware/src/tt-1xx/trisck.cc,
3,2,8,TRISC_1,8413,11018335286886,0,2051,,,TRISC-FW,ZONE_END,136,/home/ekaterina_kuzmina1/tenstorrent/.venv/lib/python3.10/site-packages/ttnn/tt_metal/hw/firmware/src/tt-1xx/trisc.cc,
3,2,8,TRISC_1,8413,11019124110516,0,4099,,,TRISC-FW,ZONE_START,136,/home/ekaterina_kuzmina1/tenstorrent/.venv/lib/python3.10/site-packages/ttnn/tt_metal/hw/firmware/src/tt-1xx/trisc.cc,
3,2,8,TRISC_1,360,11019124110706,0,4099,,,TRISC-KERNEL,ZONE_START,62,/home/ekaterina_kuzmina1/tenstorrent/.venv/lib/python3.10/site-packages/ttnn/tt_metal/hw/firmware/src/tt-1xx/trisck.cc,
3,2,8,TRISC_1,360,11019124272851,0,4099,,,TRISC-KERNEL,ZONE_END,62,/home/ekaterina_kuzmina1/tenstorrent/.venv/lib/python3.10/site-packages/ttnn/tt_metal/hw/firmware/src/tt-1xx/trisck.cc,
3,2,8,TRISC_1,8413,11019124274051,0,4099,,,TRISC-FW,ZONE_END,136,/home/ekaterina_kuzmina1/tenstorrent/.venv/lib/python3.10/site-packages/ttnn/tt_metal/hw/firmware/src/tt-1xx/trisc.cc,
3,2,8,TRISC_2,8413,11018334782033,0,2051,,,TRISC-FW,ZONE_START,136,/home/ekaterina_kuzmina1/tenstorrent/.venv/lib/python3.10/site-packages/ttnn/tt_metal/hw/firmware/src/tt-1xx/trisc.cc,
3,2,8,TRISC_2,360,11018334782428,0,2051,,,TRISC-KERNEL,ZONE_START,62,/home/ekaterina_kuzmina1/tenstorrent/.venv/lib/python3.10/site-packages/ttnn/tt_metal/hw/firmware/src/tt-1xx/trisck.cc,
3,2,8,TRISC_2,360,11018335286947,0,2051,,,TRISC-KERNEL,ZONE_END,62,/home/ekaterina_kuzmina1/tenstorrent/.venv/lib/python3.10/site-packages/ttnn/tt_metal/hw/firmware/src/tt-1xx/trisck.cc,
3,2,8,TRISC_2,8413,11018335287190,0,2051,,,TRISC-FW,ZONE_END,136,/home/ekaterina_kuzmina1/tenstorrent/.venv/lib/python3.10/site-packages/ttnn/tt_metal/hw/firmware/src/tt-1xx/trisc.cc,
3,2,8,TRISC_2,8413,11019124110529,0,4099,,,TRISC-FW,ZONE_START,136,/home/ekaterina_kuzmina1/tenstorrent/.venv/lib/python3.10/site-packages/ttnn/tt_metal/hw/firmware/src/tt-1xx/trisc.cc,
3,2,8,TRISC_2,360,11019124110857,0,4099,,,TRISC-KERNEL,ZONE_START,62,/home/ekaterina_kuzmina1/tenstorrent/.venv/lib/python3.10/site-packages/ttnn/tt_metal/hw/firmware/src/tt-1xx/trisck.cc,
3,2,8,TRISC_2,360,11019124273828,0,4099,,,TRISC-KERNEL,ZONE_END,62,/home/ekaterina_kuzmina1/tenstorrent/.venv/lib/python3.10/site-packages/ttnn/tt_metal/hw/firmware/src/tt-1xx/trisck.cc,
3,2,8,TRISC_2,8413,11019124274159,0,4099,,,TRISC-FW,ZONE_END,136,/home/ekaterina_kuzmina1/tenstorrent/.venv/lib/python3.10/site-packages/ttnn/tt_metal/hw/firmware/src/tt-1xx/trisc.cc,
3,3,1,BRISC,61457,11018334782160,0,2051,,,BRISC-FW,ZONE_START,412,/home/ekaterina_kuzmina1/tenstorrent/.venv/lib/python3.10/site-packages/ttnn/tt_metal/hw/firmware/src/tt-1xx/brisc.cc,
3,3,1,BRISC,63326,11018334782957,0,2051,,,BRISC-KERNEL,ZONE_START,64,/home/ekaterina_kuzmina1/tenstorrent/.venv/lib/python3.10/site-packages/ttnn/tt_metal/hw/firmware/src/tt-1xx/brisck.cc,
3,3,1,BRISC,63326,11018335388247,0,2051,,,BRISC-KERNEL,ZONE_END,64,/home/ekaterina_kuzmina1/tenstorrent/.venv/lib/python3.10/site-packages/ttnn/tt_metal/hw/firmware/src/tt-1xx/brisck.cc,
3,3,1,BRISC,61457,11018335388431,0,2051,,,BRISC-FW,ZONE_END,412,/home/ekaterina_kuzmina1/tenstorrent/.venv/lib/python3.10/site-packages/ttnn/tt_metal/hw/firmware/src/tt-1xx/brisc.cc,
3,3,1,BRISC,61457,11018391680619,0,3075,,,BRISC-FW,ZONE_START,412,/home/ekaterina_kuzmina1/tenstorrent/.venv/lib/python3.10/site-packages/ttnn/tt_metal/hw/firmware/src/tt-1xx/brisc.cc,
3,3,1,BRISC,63326,11018391681338,0,3075,,,BRISC-KERNEL,ZONE_START,64,/home/ekaterina_kuzmina1/tenstorrent/.venv/lib/python3.10/site-packages/ttnn/tt_metal/hw/firmware/src/tt-1xx/brisck.cc,
3,3,1,BRISC,63326,11018392291265,0,3075,,,BRISC-KERNEL,ZONE_END,64,/home/ekaterina_kuzmina1/tenstorrent/.venv/lib/python3.10/site-packages/ttnn/tt_metal/hw/firmware/src/tt-1xx/brisck.cc,
3,3,1,BRISC,61457,11018392291442,0,3075,,,BRISC-FW,ZONE_END,412,/home/ekaterina_kuzmina1/tenstorrent/.venv/lib/python3.10/site-packages/ttnn/tt_metal/hw/firmware/src/tt-1xx/brisc.cc,
3,3,1,BRISC,61457,11019124110215,0,4099,,,BRISC-FW,ZONE_START,412,/home/ekaterina_kuzmina1/tenstorrent/.venv/lib/python3.10/site-packages/ttnn/tt_metal/hw/firmware/src/tt-1xx/brisc.cc,
3,3,1,BRISC,63326,11019124111090,0,4099,,,BRISC-KERNEL,ZONE_START,64,/home/ekaterina_kuzmina1/tenstorrent/.venv/lib/python3.10/site-packages/ttnn/tt_metal/hw/firmware/src/tt-1xx/brisck.cc,
3,3,1,BRISC,63326,11019124273259,0,4099,,,BRISC-KERNEL,ZONE_END,64,/home/ekaterina_kuzmina1/tenstorrent/.venv/lib/python3.10/site-packages/ttnn/tt_metal/hw/firmware/src/tt-1xx/brisck.cc,
3,3,1,BRISC,61457,11019124273440,0,4099,,,BRISC-FW,ZONE_END,412,/home/ekaterina_kuzmina1/tenstorrent/.venv/lib/python3.10/site-packages/ttnn/tt_metal/hw/firmware/src/tt-1xx/brisc.cc,
3,3,1,NCRISC,12030,11018334782310,0,2051,,,NCRISC-FW,ZONE_START,123,/home/ekaterina_kuzmina1/tenstorrent/.venv/lib/python3.10/site-packages/ttnn/tt_metal/hw/firmware/src/tt-1xx/ncrisc.cc,
3,3,1,NCRISC,16513,11018334782933,0,2051,,,NCRISC-KERNEL,ZONE_START,63,/home/ekaterina_kuzmina1/tenstorrent/.venv/lib/python3.10/site-packages/ttnn/tt_metal/hw/firmware/src/tt-1xx/ncrisck.cc,
3,3,1,NCRISC,16513,11018335239814,0,2051,,,NCRISC-KERNEL,ZONE_END,63,/home/ekaterina_kuzmina1/tenstorrent/.venv/lib/python3.10/site-packages/ttnn/tt_metal/hw/firmware/src/tt-1xx/ncrisck.cc,
3,3,1,NCRISC,12030,11018335239931,0,2051,,,NCRISC-FW,ZONE_END,123,/home/ekaterina_kuzmina1/tenstorrent/.venv/lib/python3.10/site-packages/ttnn/tt_metal/hw/firmware/src/tt-1xx/ncrisc.cc,
3,3,1,NCRISC,12030,11018391680766,0,3075,,,NCRISC-FW,ZONE_START,123,/home/ekaterina_kuzmina1/tenstorrent/.venv/lib/python3.10/site-packages/ttnn/tt_metal/hw/firmware/src/tt-1xx/ncrisc.cc,
3,3,1,NCRISC,16513,11018391681311,0,3075,,,NCRISC-KERNEL,ZONE_START,63,/home/ekaterina_kuzmina1/tenstorrent/.venv/lib/python3.10/site-packages/ttnn/tt_metal/hw/firmware/src/tt-1xx/ncrisck.cc,
3,3,1,NCRISC,16513,11018392288823,0,3075,,,NCRISC-KERNEL,ZONE_END,63,/home/ekaterina_kuzmina1/tenstorrent/.venv/lib/python3.10/site-packages/ttnn/tt_metal/hw/firmware/src/tt-1xx/ncrisck.cc,
3,3,1,NCRISC,12030,11018392288942,0,3075,,,NCRISC-FW,ZONE_END,123,/home/ekaterina_kuzmina1/tenstorrent/.venv/lib/python3.10/site-packages/ttnn/tt_metal/hw/firmware/src/tt-1xx/ncrisc.cc,
3,3,1,NCRISC,12030,11019124110359,0,4099,,,NCRISC-FW,ZONE_START,123,/home/ekaterina_kuzmina1/tenstorrent/.venv/lib/python3.10/site-packages/ttnn/tt_metal/hw/firmware/src/tt-1xx/ncrisc.cc,
3,3,1,NCRISC,16513,11019124111073,0,4099,,,NCRISC-KERNEL,ZONE_START,63,/home/ekaterina_kuzmina1/tenstorrent/.venv/lib/python3.10/site-packages/ttnn/tt_metal/hw/firmware/src/tt-1xx/ncrisck.cc,
3,3,1,NCRISC,16513,11019124271788,0,4099,,,NCRISC-KERNEL,ZONE_END,63,/home/ekaterina_kuzmina1/tenstorrent/.venv/lib/python3.10/site-packages/ttnn/tt_metal/hw/firmware/src/tt-1xx/ncrisck.cc,
3,3,1,NCRISC,12030,11019124271917,0,4099,,,NCRISC-FW,ZONE_END,123,/home/ekaterina_kuzmina1/tenstorrent/.venv/lib/python3.10/site-packages/ttnn/tt_metal/hw/firmware/src/tt-1xx/ncrisc.cc,
3,3,1,TRISC_0,8413,11018334782414,0,2051,,,TRISC-FW,ZONE_START,136,/home/ekaterina_kuzmina1/tenstorrent/.venv/lib/python3.10/site-packages/ttnn/tt_metal/hw/firmware/src/tt-1xx/trisc.cc,
3,3,1,TRISC_0,360,11018334782808,0,2051,,,TRISC-KERNEL,ZONE_START,62,/home/ekaterina_kuzmina1/tenstorrent/.venv/lib/python3.10/site-packages/ttnn/tt_metal/hw/firmware/src/tt-1xx/trisck.cc,
3,3,1,TRISC_0,360,11018335285887,0,2051,,,TRISC-KERNEL,ZONE_END,62,/home/ekaterina_kuzmina1/tenstorrent/.venv/lib/python3.10/site-packages/ttnn/tt_metal/hw/firmware/src/tt-1xx/trisck.cc,
3,3,1,TRISC_0,8413,11018335286634,0,2051,,,TRISC-FW,ZONE_END,136,/home/ekaterina_kuzmina1/tenstorrent/.venv/lib/python3.10/site-packages/ttnn/tt_metal/hw/firmware/src/tt-1xx/trisc.cc,
3,3,1,TRISC_0,8413,11019124110466,0,4099,,,TRISC-FW,ZONE_START,136,/home/ekaterina_kuzmina1/tenstorrent/.venv/lib/python3.10/site-packages/ttnn/tt_metal/hw/firmware/src/tt-1xx/trisc.cc,
3,3,1,TRISC_0,360,11019124110805,0,4099,,,TRISC-KERNEL,ZONE_START,62,/home/ekaterina_kuzmina1/tenstorrent/.venv/lib/python3.10/site-packages/ttnn/tt_metal/hw/firmware/src/tt-1xx/trisck.cc,
3,3,1,TRISC_0,360,11019124271817,0,4099,,,TRISC-KERNEL,ZONE_END,62,/home/ekaterina_kuzmina1/tenstorrent/.venv/lib/python3.10/site-packages/ttnn/tt_metal/hw/firmware/src/tt-1xx/trisck.cc,
3,3,1,TRISC_0,8413,11019124271857,0,4099,,,TRISC-FW,ZONE_END,136,/home/ekaterina_kuzmina1/tenstorrent/.venv/lib/python3.10/site-packages/ttnn/tt_metal/hw/firmware/src/tt-1xx/trisc.cc,
3,3,1,TRISC_1,8413,11018334782405,0,2051,,,TRISC-FW,ZONE_START,136,/home/ekaterina_kuzmina1/tenstorrent/.venv/lib/python3.10/site-packages/ttnn/tt_metal/hw/firmware/src/tt-1xx/trisc.cc,
3,3,1,TRISC_1,360,11018334782611,0,2051,,,TRISC-KERNEL,ZONE_START,62,/home/ekaterina_kuzmina1/tenstorrent/.venv/lib/python3.10/site-packages/ttnn/tt_metal/hw/firmware/src/tt-1xx/trisck.cc,
3,3,1,TRISC_1,360,11018335286688,0,2051,,,TRISC-KERNEL,ZONE_END,62,/home/ekaterina_kuzmina1/tenstorrent/.venv/lib/python3.10/site-packages/ttnn/tt_metal/hw/firmware/src/tt-1xx/trisck.cc,
3,3,1,TRISC_1,8413,11018335286746,0,2051,,,TRISC-FW,ZONE_END,136,/home/ekaterina_kuzmina1/tenstorrent/.venv/lib/python3.10/site-packages/ttnn/tt_metal/hw/firmware/src/tt-1xx/trisc.cc,
3,3,1,TRISC_1,8413,11019124110455,0,4099,,,TRISC-FW,ZONE_START,136,/home/ekaterina_kuzmina1/tenstorrent/.venv/lib/python3.10/site-packages/ttnn/tt_metal/hw/firmware/src/tt-1xx/trisc.cc,
3,3,1,TRISC_1,360,11019124110795,0,4099,,,TRISC-KERNEL,ZONE_START,62,/home/ekaterina_kuzmina1/tenstorrent/.venv/lib/python3.10/site-packages/ttnn/tt_metal/hw/firmware/src/tt-1xx/trisck.cc,
3,3,1,TRISC_1,360,11019124269449,0,4099,,,TRISC-KERNEL,ZONE_END,62,/home/ekaterina_kuzmina1/tenstorrent/.venv/lib/python3.10/site-packages/ttnn/tt_metal/hw/firmware/src/tt-1xx/trisck.cc,
3,3,1,TRISC_1,8413,11019124271842,0,4099,,,TRISC-FW,ZONE_END,136,/home/ekaterina_kuzmina1/tenstorrent/.venv/lib/python3.10/site-packages/ttnn/tt_metal/hw/firmware/src/tt-1xx/trisc.cc,
3,3,1,TRISC_2,8413,11018334782411,0,2051,,,TRISC-FW,ZONE_START,136,/home/ekaterina_kuzmina1/tenstorrent/.venv/lib/python3.10/site-packages/ttnn/tt_metal/hw/firmware/src/tt-1xx/trisc.cc,
3,3,1,TRISC_2,360,11018334782809,0,2051,,,TRISC-KERNEL,ZONE_START,62,/home/ekaterina_kuzmina1/tenstorrent/.venv/lib/python3.10/site-packages/ttnn/tt_metal/hw/firmware/src/tt-1xx/trisck.cc,
3,3,1,TRISC_2,360,11018335286806,0,2051,,,TRISC-KERNEL,ZONE_END,62,/home/ekaterina_kuzmina1/tenstorrent/.venv/lib/python3.10/site-packages/ttnn/tt_metal/hw/firmware/src/tt-1xx/trisck.cc,
3,3,1,TRISC_2,8413,11018335287046,0,2051,,,TRISC-FW,ZONE_END,136,/home/ekaterina_kuzmina1/tenstorrent/.venv/lib/python3.10/site-packages/ttnn/tt_metal/hw/firmware/src/tt-1xx/trisc.cc,
3,3,1,TRISC_2,8413,11019124110468,0,4099,,,TRISC-FW,ZONE_START,136,/home/ekaterina_kuzmina1/tenstorrent/.venv/lib/python3.10/site-packages/ttnn/tt_metal/hw/firmware/src/tt-1xx/trisc.cc,
3,3,1,TRISC_2,360,11019124110790,0,4099,,,TRISC-KERNEL,ZONE_START,62,/home/ekaterina_kuzmina1/tenstorrent/.venv/lib/python3.10/site-packages/ttnn/tt_metal/hw/firmware/src/tt-1xx/trisck.cc,
3,3,1,TRISC_2,360,11019124270453,0,4099,,,TRISC-KERNEL,ZONE_END,62,/home/ekaterina_kuzmina1/tenstorrent/.venv/lib/python3.10/site-packages/ttnn/tt_metal/hw/firmware/src/tt-1xx/trisck.cc,
3,3,1,TRISC_2,8413,11019124271948,0,4099,,,TRISC-FW,ZONE_END,136,/home/ekaterina_kuzmina1/tenstorrent/.venv/lib/python3.10/site-packages/ttnn/tt_metal/hw/firmware/src/tt-1xx/trisc.cc,
3,3,2,BRISC,61457,11018334781751,0,2051,,,BRISC-FW,ZONE_START,412,/home/ekaterina_kuzmina1/tenstorrent/.venv/lib/python3.10/site-packages/ttnn/tt_metal/hw/firmware/src/tt-1xx/brisc.cc,
3,3,2,BRISC,63326,11018334782576,0,2051,,,BRISC-KERNEL,ZONE_START,64,/home/ekaterina_kuzmina1/tenstorrent/.venv/lib/python3.10/site-packages/ttnn/tt_metal/hw/firmware/src/tt-1xx/brisck.cc,
3,3,2,BRISC,63326,11018335385563,0,2051,,,BRISC-KERNEL,ZONE_END,64,/home/ekaterina_kuzmina1/tenstorrent/.venv/lib/python3.10/site-packages/ttnn/tt_metal/hw/firmware/src/tt-1xx/brisck.cc,
3,3,2,BRISC,61457,11018335385747,0,2051,,,BRISC-FW,ZONE_END,412,/home/ekaterina_kuzmina1/tenstorrent/.venv/lib/python3.10/site-packages/ttnn/tt_metal/hw/firmware/src/tt-1xx/brisc.cc,
3,3,2,BRISC,61457,11018391680658,0,3075,,,BRISC-FW,ZONE_START,412,/home/ekaterina_kuzmina1/tenstorrent/.venv/lib/python3.10/site-packages/ttnn/tt_metal/hw/firmware/src/tt-1xx/brisc.cc,
3,3,2,BRISC,63326,11018391681373,0,3075,,,BRISC-KERNEL,ZONE_START,64,/home/ekaterina_kuzmina1/tenstorrent/.venv/lib/python3.10/site-packages/ttnn/tt_metal/hw/firmware/src/tt-1xx/brisck.cc,
3,3,2,BRISC,63326,11018392296268,0,3075,,,BRISC-KERNEL,ZONE_END,64,/home/ekaterina_kuzmina1/tenstorrent/.venv/lib/python3.10/site-packages/ttnn/tt_metal/hw/firmware/src/tt-1xx/brisck.cc,
3,3,2,BRISC,61457,11018392296447,0,3075,,,BRISC-FW,ZONE_END,412,/home/ekaterina_kuzmina1/tenstorrent/.venv/lib/python3.10/site-packages/ttnn/tt_metal/hw/firmware/src/tt-1xx/brisc.cc,
3,3,2,BRISC,61457,11019124110232,0,4099,,,BRISC-FW,ZONE_START,412,/home/ekaterina_kuzmina1/tenstorrent/.venv/lib/python3.10/site-packages/ttnn/tt_metal/hw/firmware/src/tt-1xx/brisc.cc,
3,3,2,BRISC,63326,11019124111098,0,4099,,,BRISC-KERNEL,ZONE_START,64,/home/ekaterina_kuzmina1/tenstorrent/.venv/lib/python3.10/site-packages/ttnn/tt_metal/hw/firmware/src/tt-1xx/brisck.cc,
3,3,2,BRISC,63326,11019124272086,0,4099,,,BRISC-KERNEL,ZONE_END,64,/home/ekaterina_kuzmina1/tenstorrent/.venv/lib/python3.10/site-packages/ttnn/tt_metal/hw/firmware/src/tt-1xx/brisck.cc,
3,3,2,BRISC,61457,11019124272264,0,4099,,,BRISC-FW,ZONE_END,412,/home/ekaterina_kuzmina1/tenstorrent/.venv/lib/python3.10/site-packages/ttnn/tt_metal/hw/firmware/src/tt-1xx/brisc.cc,
3,3,2,NCRISC,12030,11018334781904,0,2051,,,NCRISC-FW,ZONE_START,123,/home/ekaterina_kuzmina1/tenstorrent/.venv/lib/python3.10/site-packages/ttnn/tt_metal/hw/firmware/src/tt-1xx/ncrisc.cc,
3,3,2,NCRISC,16513,11018334782563,0,2051,,,NCRISC-KERNEL,ZONE_START,63,/home/ekaterina_kuzmina1/tenstorrent/.venv/lib/python3.10/site-packages/ttnn/tt_metal/hw/firmware/src/tt-1xx/ncrisck.cc,
3,3,2,NCRISC,16513,11018335254719,0,2051,,,NCRISC-KERNEL,ZONE_END,63,/home/ekaterina_kuzmina1/tenstorrent/.venv/lib/python3.10/site-packages/ttnn/tt_metal/hw/firmware/src/tt-1xx/ncrisck.cc,
3,3,2,NCRISC,12030,11018335254836,0,2051,,,NCRISC-FW,ZONE_END,123,/home/ekaterina_kuzmina1/tenstorrent/.venv/lib/python3.10/site-packages/ttnn/tt_metal/hw/firmware/src/tt-1xx/ncrisc.cc,
3,3,2,NCRISC,12030,11018391680805,0,3075,,,NCRISC-FW,ZONE_START,123,/home/ekaterina_kuzmina1/tenstorrent/.venv/lib/python3.10/site-packages/ttnn/tt_metal/hw/firmware/src/tt-1xx/ncrisc.cc,
3,3,2,NCRISC,16513,11018391681346,0,3075,,,NCRISC-KERNEL,ZONE_START,63,/home/ekaterina_kuzmina1/tenstorrent/.venv/lib/python3.10/site-packages/ttnn/tt_metal/hw/firmware/src/tt-1xx/ncrisck.cc,
3,3,2,NCRISC,16513,11018392293844,0,3075,,,NCRISC-KERNEL,ZONE_END,63,/home/ekaterina_kuzmina1/tenstorrent/.venv/lib/python3.10/site-packages/ttnn/tt_metal/hw/firmware/src/tt-1xx/ncrisck.cc,
3,3,2,NCRISC,12030,11018392293961,0,3075,,,NCRISC-FW,ZONE_END,123,/home/ekaterina_kuzmina1/tenstorrent/.venv/lib/python3.10/site-packages/ttnn/tt_metal/hw/firmware/src/tt-1xx/ncrisc.cc,
3,3,2,NCRISC,12030,11019124110379,0,4099,,,NCRISC-FW,ZONE_START,123,/home/ekaterina_kuzmina1/tenstorrent/.venv/lib/python3.10/site-packages/ttnn/tt_metal/hw/firmware/src/tt-1xx/ncrisc.cc,
3,3,2,NCRISC,16513,11019124111081,0,4099,,,NCRISC-KERNEL,ZONE_START,63,/home/ekaterina_kuzmina1/tenstorrent/.venv/lib/python3.10/site-packages/ttnn/tt_metal/hw/firmware/src/tt-1xx/ncrisck.cc,
3,3,2,NCRISC,16513,11019124270543,0,4099,,,NCRISC-KERNEL,ZONE_END,63,/home/ekaterina_kuzmina1/tenstorrent/.venv/lib/python3.10/site-packages/ttnn/tt_metal/hw/firmware/src/tt-1xx/ncrisck.cc,
3,3,2,NCRISC,12030,11019124270675,0,4099,,,NCRISC-FW,ZONE_END,123,/home/ekaterina_kuzmina1/tenstorrent/.venv/lib/python3.10/site-packages/ttnn/tt_metal/hw/firmware/src/tt-1xx/ncrisc.cc,
3,3,2,TRISC_0,8413,11018334781995,0,2051,,,TRISC-FW,ZONE_START,136,/home/ekaterina_kuzmina1/tenstorrent/.venv/lib/python3.10/site-packages/ttnn/tt_metal/hw/firmware/src/tt-1xx/trisc.cc,
3,3,2,TRISC_0,360,11018334782581,0,2051,,,TRISC-KERNEL,ZONE_START,62,/home/ekaterina_kuzmina1/tenstorrent/.venv/lib/python3.10/site-packages/ttnn/tt_metal/hw/firmware/src/tt-1xx/trisck.cc,
3,3,2,TRISC_0,360,11018335285878,0,2051,,,TRISC-KERNEL,ZONE_END,62,/home/ekaterina_kuzmina1/tenstorrent/.venv/lib/python3.10/site-packages/ttnn/tt_metal/hw/firmware/src/tt-1xx/trisck.cc,
3,3,2,TRISC_0,8413,11018335286609,0,2051,,,TRISC-FW,ZONE_END,136,/home/ekaterina_kuzmina1/tenstorrent/.venv/lib/python3.10/site-packages/ttnn/tt_metal/hw/firmware/src/tt-1xx/trisc.cc,
3,3,2,TRISC_0,8413,11019124110486,0,4099,,,TRISC-FW,ZONE_START,136,/home/ekaterina_kuzmina1/tenstorrent/.venv/lib/python3.10/site-packages/ttnn/tt_metal/hw/firmware/src/tt-1xx/trisc.cc,
3,3,2,TRISC_0,360,11019124110819,0,4099,,,TRISC-KERNEL,ZONE_START,62,/home/ekaterina_kuzmina1/tenstorrent/.venv/lib/python3.10/site-packages/ttnn/tt_metal/hw/firmware/src/tt-1xx/trisck.cc,
3,3,2,TRISC_0,360,11019124270572,0,4099,,,TRISC-KERNEL,ZONE_END,62,/home/ekaterina_kuzmina1/tenstorrent/.venv/lib/python3.10/site-packages/ttnn/tt_metal/hw/firmware/src/tt-1xx/trisck.cc,
3,3,2,TRISC_0,8413,11019124270613,0,4099,,,TRISC-FW,ZONE_END,136,/home/ekaterina_kuzmina1/tenstorrent/.venv/lib/python3.10/site-packages/ttnn/tt_metal/hw/firmware/src/tt-1xx/trisc.cc,
3,3,2,TRISC_1,8413,11018334781997,0,2051,,,TRISC-FW,ZONE_START,136,/home/ekaterina_kuzmina1/tenstorrent/.venv/lib/python3.10/site-packages/ttnn/tt_metal/hw/firmware/src/tt-1xx/trisc.cc,
3,3,2,TRISC_1,360,11018334782572,0,2051,,,TRISC-KERNEL,ZONE_START,62,/home/ekaterina_kuzmina1/tenstorrent/.venv/lib/python3.10/site-packages/ttnn/tt_metal/hw/firmware/src/tt-1xx/trisck.cc,
3,3,2,TRISC_1,360,11018335286663,0,2051,,,TRISC-KERNEL,ZONE_END,62,/home/ekaterina_kuzmina1/tenstorrent/.venv/lib/python3.10/site-packages/ttnn/tt_metal/hw/firmware/src/tt-1xx/trisck.cc,
3,3,2,TRISC_1,8413,11018335286721,0,2051,,,TRISC-FW,ZONE_END,136,/home/ekaterina_kuzmina1/tenstorrent/.venv/lib/python3.10/site-packages/ttnn/tt_metal/hw/firmware/src/tt-1xx/trisc.cc,
3,3,2,TRISC_1,8413,11019124110475,0,4099,,,TRISC-FW,ZONE_START,136,/home/ekaterina_kuzmina1/tenstorrent/.venv/lib/python3.10/site-packages/ttnn/tt_metal/hw/firmware/src/tt-1xx/trisc.cc,
3,3,2,TRISC_1,360,11019124110784,0,4099,,,TRISC-KERNEL,ZONE_START,62,/home/ekaterina_kuzmina1/tenstorrent/.venv/lib/python3.10/site-packages/ttnn/tt_metal/hw/firmware/src/tt-1xx/trisck.cc,
3,3,2,TRISC_1,360,11019124268089,0,4099,,,TRISC-KERNEL,ZONE_END,62,/home/ekaterina_kuzmina1/tenstorrent/.venv/lib/python3.10/site-packages/ttnn/tt_metal/hw/firmware/src/tt-1xx/trisck.cc,
3,3,2,TRISC_1,8413,11019124270597,0,4099,,,TRISC-FW,ZONE_END,136,/home/ekaterina_kuzmina1/tenstorrent/.venv/lib/python3.10/site-packages/ttnn/tt_metal/hw/firmware/src/tt-1xx/trisc.cc,
3,3,2,TRISC_2,8413,11018334782010,0,2051,,,TRISC-FW,ZONE_START,136,/home/ekaterina_kuzmina1/tenstorrent/.venv/lib/python3.10/site-packages/ttnn/tt_metal/hw/firmware/src/tt-1xx/trisc.cc,
3,3,2,TRISC_2,360,11018334782569,0,2051,,,TRISC-KERNEL,ZONE_START,62,/home/ekaterina_kuzmina1/tenstorrent/.venv/lib/python3.10/site-packages/ttnn/tt_metal/hw/firmware/src/tt-1xx/trisck.cc,
3,3,2,TRISC_2,360,11018335286781,0,2051,,,TRISC-KERNEL,ZONE_END,62,/home/ekaterina_kuzmina1/tenstorrent/.venv/lib/python3.10/site-packages/ttnn/tt_metal/hw/firmware/src/tt-1xx/trisck.cc,
3,3,2,TRISC_2,8413,11018335287004,0,2051,,,TRISC-FW,ZONE_END,136,/home/ekaterina_kuzmina1/tenstorrent/.venv/lib/python3.10/site-packages/ttnn/tt_metal/hw/firmware/src/tt-1xx/trisc.cc,
3,3,2,TRISC_2,8413,11019124110488,0,4099,,,TRISC-FW,ZONE_START,136,/home/ekaterina_kuzmina1/tenstorrent/.venv/lib/python3.10/site-packages/ttnn/tt_metal/hw/firmware/src/tt-1xx/trisc.cc,
3,3,2,TRISC_2,360,11019124110816,0,4099,,,TRISC-KERNEL,ZONE_START,62,/home/ekaterina_kuzmina1/tenstorrent/.venv/lib/python3.10/site-packages/ttnn/tt_metal/hw/firmware/src/tt-1xx/trisck.cc,
3,3,2,TRISC_2,360,11019124269746,0,4099,,,TRISC-KERNEL,ZONE_END,62,/home/ekaterina_kuzmina1/tenstorrent/.venv/lib/python3.10/site-packages/ttnn/tt_metal/hw/firmware/src/tt-1xx/trisck.cc,
3,3,2,TRISC_2,8413,11019124270708,0,4099,,,TRISC-FW,ZONE_END,136,/home/ekaterina_kuzmina1/tenstorrent/.venv/lib/python3.10/site-packages/ttnn/tt_metal/hw/firmware/src/tt-1xx/trisc.cc,
3,3,3,BRISC,61457,11018334781732,0,2051,,,BRISC-FW,ZONE_START,412,/home/ekaterina_kuzmina1/tenstorrent/.venv/lib/python3.10/site-packages/ttnn/tt_metal/hw/firmware/src/tt-1xx/brisc.cc,
3,3,3,BRISC,63326,11018334782557,0,2051,,,BRISC-KERNEL,ZONE_START,64,/home/ekaterina_kuzmina1/tenstorrent/.venv/lib/python3.10/site-packages/ttnn/tt_metal/hw/firmware/src/tt-1xx/brisck.cc,
3,3,3,BRISC,63326,11018335371912,0,2051,,,BRISC-KERNEL,ZONE_END,64,/home/ekaterina_kuzmina1/tenstorrent/.venv/lib/python3.10/site-packages/ttnn/tt_metal/hw/firmware/src/tt-1xx/brisck.cc,
3,3,3,BRISC,61457,11018335372101,0,2051,,,BRISC-FW,ZONE_END,412,/home/ekaterina_kuzmina1/tenstorrent/.venv/lib/python3.10/site-packages/ttnn/tt_metal/hw/firmware/src/tt-1xx/brisc.cc,
3,3,3,BRISC,61457,11018391680636,0,3075,,,BRISC-FW,ZONE_START,412,/home/ekaterina_kuzmina1/tenstorrent/.venv/lib/python3.10/site-packages/ttnn/tt_metal/hw/firmware/src/tt-1xx/brisc.cc,
3,3,3,BRISC,63326,11018391681335,0,3075,,,BRISC-KERNEL,ZONE_START,64,/home/ekaterina_kuzmina1/tenstorrent/.venv/lib/python3.10/site-packages/ttnn/tt_metal/hw/firmware/src/tt-1xx/brisck.cc,
3,3,3,BRISC,63326,11018392292314,0,3075,,,BRISC-KERNEL,ZONE_END,64,/home/ekaterina_kuzmina1/tenstorrent/.venv/lib/python3.10/site-packages/ttnn/tt_metal/hw/firmware/src/tt-1xx/brisck.cc,
3,3,3,BRISC,61457,11018392292494,0,3075,,,BRISC-FW,ZONE_END,412,/home/ekaterina_kuzmina1/tenstorrent/.venv/lib/python3.10/site-packages/ttnn/tt_metal/hw/firmware/src/tt-1xx/brisc.cc,
3,3,3,BRISC,61457,11019124110239,0,4099,,,BRISC-FW,ZONE_START,412,/home/ekaterina_kuzmina1/tenstorrent/.venv/lib/python3.10/site-packages/ttnn/tt_metal/hw/firmware/src/tt-1xx/brisc.cc,
3,3,3,BRISC,63326,11019124111095,0,4099,,,BRISC-KERNEL,ZONE_START,64,/home/ekaterina_kuzmina1/tenstorrent/.venv/lib/python3.10/site-packages/ttnn/tt_metal/hw/firmware/src/tt-1xx/brisck.cc,
3,3,3,BRISC,63326,11019124270875,0,4099,,,BRISC-KERNEL,ZONE_END,64,/home/ekaterina_kuzmina1/tenstorrent/.venv/lib/python3.10/site-packages/ttnn/tt_metal/hw/firmware/src/tt-1xx/brisck.cc,
3,3,3,BRISC,61457,11019124271054,0,4099,,,BRISC-FW,ZONE_END,412,/home/ekaterina_kuzmina1/tenstorrent/.venv/lib/python3.10/site-packages/ttnn/tt_metal/hw/firmware/src/tt-1xx/brisc.cc,
3,3,3,NCRISC,12030,11018334781889,0,2051,,,NCRISC-FW,ZONE_START,123,/home/ekaterina_kuzmina1/tenstorrent/.venv/lib/python3.10/site-packages/ttnn/tt_metal/hw/firmware/src/tt-1xx/ncrisc.cc,
3,3,3,NCRISC,16513,11018334782560,0,2051,,,NCRISC-KERNEL,ZONE_START,63,/home/ekaterina_kuzmina1/tenstorrent/.venv/lib/python3.10/site-packages/ttnn/tt_metal/hw/firmware/src/tt-1xx/ncrisck.cc,
3,3,3,NCRISC,16513,11018335264134,0,2051,,,NCRISC-KERNEL,ZONE_END,63,/home/ekaterina_kuzmina1/tenstorrent/.venv/lib/python3.10/site-packages/ttnn/tt_metal/hw/firmware/src/tt-1xx/ncrisck.cc,
3,3,3,NCRISC,12030,11018335264251,0,2051,,,NCRISC-FW,ZONE_END,123,/home/ekaterina_kuzmina1/tenstorrent/.venv/lib/python3.10/site-packages/ttnn/tt_metal/hw/firmware/src/tt-1xx/ncrisc.cc,
3,3,3,NCRISC,12030,11018391680783,0,3075,,,NCRISC-FW,ZONE_START,123,/home/ekaterina_kuzmina1/tenstorrent/.venv/lib/python3.10/site-packages/ttnn/tt_metal/hw/firmware/src/tt-1xx/ncrisc.cc,
3,3,3,NCRISC,16513,11018391681307,0,3075,,,NCRISC-KERNEL,ZONE_START,63,/home/ekaterina_kuzmina1/tenstorrent/.venv/lib/python3.10/site-packages/ttnn/tt_metal/hw/firmware/src/tt-1xx/ncrisck.cc,
3,3,3,NCRISC,16513,11018392289885,0,3075,,,NCRISC-KERNEL,ZONE_END,63,/home/ekaterina_kuzmina1/tenstorrent/.venv/lib/python3.10/site-packages/ttnn/tt_metal/hw/firmware/src/tt-1xx/ncrisck.cc,
3,3,3,NCRISC,12030,11018392289999,0,3075,,,NCRISC-FW,ZONE_END,123,/home/ekaterina_kuzmina1/tenstorrent/.venv/lib/python3.10/site-packages/ttnn/tt_metal/hw/firmware/src/tt-1xx/ncrisc.cc,
3,3,3,NCRISC,12030,11019124110389,0,4099,,,NCRISC-FW,ZONE_START,123,/home/ekaterina_kuzmina1/tenstorrent/.venv/lib/python3.10/site-packages/ttnn/tt_metal/hw/firmware/src/tt-1xx/ncrisc.cc,
3,3,3,NCRISC,16513,11019124111078,0,4099,,,NCRISC-KERNEL,ZONE_START,63,/home/ekaterina_kuzmina1/tenstorrent/.venv/lib/python3.10/site-packages/ttnn/tt_metal/hw/firmware/src/tt-1xx/ncrisck.cc,
3,3,3,NCRISC,16513,11019124269803,0,4099,,,NCRISC-KERNEL,ZONE_END,63,/home/ekaterina_kuzmina1/tenstorrent/.venv/lib/python3.10/site-packages/ttnn/tt_metal/hw/firmware/src/tt-1xx/ncrisck.cc,
3,3,3,NCRISC,12030,11019124269934,0,4099,,,NCRISC-FW,ZONE_END,123,/home/ekaterina_kuzmina1/tenstorrent/.venv/lib/python3.10/site-packages/ttnn/tt_metal/hw/firmware/src/tt-1xx/ncrisc.cc,
3,3,3,TRISC_0,8413,11018334781991,0,2051,,,TRISC-FW,ZONE_START,136,/home/ekaterina_kuzmina1/tenstorrent/.venv/lib/python3.10/site-packages/ttnn/tt_metal/hw/firmware/src/tt-1xx/trisc.cc,
3,3,3,TRISC_0,360,11018334782577,0,2051,,,TRISC-KERNEL,ZONE_START,62,/home/ekaterina_kuzmina1/tenstorrent/.venv/lib/python3.10/site-packages/ttnn/tt_metal/hw/firmware/src/tt-1xx/trisck.cc,
3,3,3,TRISC_0,360,11018335285906,0,2051,,,TRISC-KERNEL,ZONE_END,62,/home/ekaterina_kuzmina1/tenstorrent/.venv/lib/python3.10/site-packages/ttnn/tt_metal/hw/firmware/src/tt-1xx/trisck.cc,
3,3,3,TRISC_0,8413,11018335286649,0,2051,,,TRISC-FW,ZONE_END,136,/home/ekaterina_kuzmina1/tenstorrent/.venv/lib/python3.10/site-packages/ttnn/tt_metal/hw/firmware/src/tt-1xx/trisc.cc,
3,3,3,TRISC_0,8413,11019124110486,0,4099,,,TRISC-FW,ZONE_START,136,/home/ekaterina_kuzmina1/tenstorrent/.venv/lib/python3.10/site-packages/ttnn/tt_metal/hw/firmware/src/tt-1xx/trisc.cc,
3,3,3,TRISC_0,360,11019124110821,0,4099,,,TRISC-KERNEL,ZONE_START,62,/home/ekaterina_kuzmina1/tenstorrent/.venv/lib/python3.10/site-packages/ttnn/tt_metal/hw/firmware/src/tt-1xx/trisck.cc,
3,3,3,TRISC_0,360,11019124269841,0,4099,,,TRISC-KERNEL,ZONE_END,62,/home/ekaterina_kuzmina1/tenstorrent/.venv/lib/python3.10/site-packages/ttnn/tt_metal/hw/firmware/src/tt-1xx/trisck.cc,
3,3,3,TRISC_0,8413,11019124269892,0,4099,,,TRISC-FW,ZONE_END,136,/home/ekaterina_kuzmina1/tenstorrent/.venv/lib/python3.10/site-packages/ttnn/tt_metal/hw/firmware/src/tt-1xx/trisc.cc,
3,3,3,TRISC_1,8413,11018334781982,0,2051,,,TRISC-FW,ZONE_START,136,/home/ekaterina_kuzmina1/tenstorrent/.venv/lib/python3.10/site-packages/ttnn/tt_metal/hw/firmware/src/tt-1xx/trisc.cc,
3,3,3,TRISC_1,360,11018334782564,0,2051,,,TRISC-KERNEL,ZONE_START,62,/home/ekaterina_kuzmina1/tenstorrent/.venv/lib/python3.10/site-packages/ttnn/tt_metal/hw/firmware/src/tt-1xx/trisck.cc,
3,3,3,TRISC_1,360,11018335286703,0,2051,,,TRISC-KERNEL,ZONE_END,62,/home/ekaterina_kuzmina1/tenstorrent/.venv/lib/python3.10/site-packages/ttnn/tt_metal/hw/firmware/src/tt-1xx/trisck.cc,
3,3,3,TRISC_1,8413,11018335286758,0,2051,,,TRISC-FW,ZONE_END,136,/home/ekaterina_kuzmina1/tenstorrent/.venv/lib/python3.10/site-packages/ttnn/tt_metal/hw/firmware/src/tt-1xx/trisc.cc,
3,3,3,TRISC_1,8413,11019124110480,0,4099,,,TRISC-FW,ZONE_START,136,/home/ekaterina_kuzmina1/tenstorrent/.venv/lib/python3.10/site-packages/ttnn/tt_metal/hw/firmware/src/tt-1xx/trisc.cc,
3,3,3,TRISC_1,360,11019124110775,0,4099,,,TRISC-KERNEL,ZONE_START,62,/home/ekaterina_kuzmina1/tenstorrent/.venv/lib/python3.10/site-packages/ttnn/tt_metal/hw/firmware/src/tt-1xx/trisck.cc,
3,3,3,TRISC_1,360,11019124267659,0,4099,,,TRISC-KERNEL,ZONE_END,62,/home/ekaterina_kuzmina1/tenstorrent/.venv/lib/python3.10/site-packages/ttnn/tt_metal/hw/firmware/src/tt-1xx/trisck.cc,
3,3,3,TRISC_1,8413,11019124269857,0,4099,,,TRISC-FW,ZONE_END,136,/home/ekaterina_kuzmina1/tenstorrent/.venv/lib/python3.10/site-packages/ttnn/tt_metal/hw/firmware/src/tt-1xx/trisc.cc,
3,3,3,TRISC_2,8413,11018334781987,0,2051,,,TRISC-FW,ZONE_START,136,/home/ekaterina_kuzmina1/tenstorrent/.venv/lib/python3.10/site-packages/ttnn/tt_metal/hw/firmware/src/tt-1xx/trisc.cc,
3,3,3,TRISC_2,360,11018334782561,0,2051,,,TRISC-KERNEL,ZONE_START,62,/home/ekaterina_kuzmina1/tenstorrent/.venv/lib/python3.10/site-packages/ttnn/tt_metal/hw/firmware/src/tt-1xx/trisck.cc,
3,3,3,TRISC_2,360,11018335286819,0,2051,,,TRISC-KERNEL,ZONE_END,62,/home/ekaterina_kuzmina1/tenstorrent/.venv/lib/python3.10/site-packages/ttnn/tt_metal/hw/firmware/src/tt-1xx/trisck.cc,
3,3,3,TRISC_2,8413,11018335287062,0,2051,,,TRISC-FW,ZONE_END,136,/home/ekaterina_kuzmina1/tenstorrent/.venv/lib/python3.10/site-packages/ttnn/tt_metal/hw/firmware/src/tt-1xx/trisc.cc,
3,3,3,TRISC_2,8413,11019124110490,0,4099,,,TRISC-FW,ZONE_START,136,/home/ekaterina_kuzmina1/tenstorrent/.venv/lib/python3.10/site-packages/ttnn/tt_metal/hw/firmware/src/tt-1xx/trisc.cc,
3,3,3,TRISC_2,360,11019124110814,0,4099,,,TRISC-KERNEL,ZONE_START,62,/home/ekaterina_kuzmina1/tenstorrent/.venv/lib/python3.10/site-packages/ttnn/tt_metal/hw/firmware/src/tt-1xx/trisck.cc,
3,3,3,TRISC_2,360,11019124268684,0,4099,,,TRISC-KERNEL,ZONE_END,62,/home/ekaterina_kuzmina1/tenstorrent/.venv/lib/python3.10/site-packages/ttnn/tt_metal/hw/firmware/src/tt-1xx/trisck.cc,
3,3,3,TRISC_2,8413,11019124269965,0,4099,,,TRISC-FW,ZONE_END,136,/home/ekaterina_kuzmina1/tenstorrent/.venv/lib/python3.10/site-packages/ttnn/tt_metal/hw/firmware/src/tt-1xx/trisc.cc,
3,3,4,BRISC,61457,11018334781733,0,2051,,,BRISC-FW,ZONE_START,412,/home/ekaterina_kuzmina1/tenstorrent/.venv/lib/python3.10/site-packages/ttnn/tt_metal/hw/firmware/src/tt-1xx/brisc.cc,
3,3,4,BRISC,63326,11018334782551,0,2051,,,BRISC-KERNEL,ZONE_START,64,/home/ekaterina_kuzmina1/tenstorrent/.venv/lib/python3.10/site-packages/ttnn/tt_metal/hw/firmware/src/tt-1xx/brisck.cc,
3,3,4,BRISC,63326,11018335357353,0,2051,,,BRISC-KERNEL,ZONE_END,64,/home/ekaterina_kuzmina1/tenstorrent/.venv/lib/python3.10/site-packages/ttnn/tt_metal/hw/firmware/src/tt-1xx/brisck.cc,
3,3,4,BRISC,61457,11018335357539,0,2051,,,BRISC-FW,ZONE_END,412,/home/ekaterina_kuzmina1/tenstorrent/.venv/lib/python3.10/site-packages/ttnn/tt_metal/hw/firmware/src/tt-1xx/brisc.cc,
3,3,4,BRISC,61457,11018391680640,0,3075,,,BRISC-FW,ZONE_START,412,/home/ekaterina_kuzmina1/tenstorrent/.venv/lib/python3.10/site-packages/ttnn/tt_metal/hw/firmware/src/tt-1xx/brisc.cc,
3,3,4,BRISC,63326,11018391681339,0,3075,,,BRISC-KERNEL,ZONE_START,64,/home/ekaterina_kuzmina1/tenstorrent/.venv/lib/python3.10/site-packages/ttnn/tt_metal/hw/firmware/src/tt-1xx/brisck.cc,
3,3,4,BRISC,63326,11018392298653,0,3075,,,BRISC-KERNEL,ZONE_END,64,/home/ekaterina_kuzmina1/tenstorrent/.venv/lib/python3.10/site-packages/ttnn/tt_metal/hw/firmware/src/tt-1xx/brisck.cc,
3,3,4,BRISC,61457,11018392298834,0,3075,,,BRISC-FW,ZONE_END,412,/home/ekaterina_kuzmina1/tenstorrent/.venv/lib/python3.10/site-packages/ttnn/tt_metal/hw/firmware/src/tt-1xx/brisc.cc,
3,3,4,BRISC,61457,11019124110271,0,4099,,,BRISC-FW,ZONE_START,412,/home/ekaterina_kuzmina1/tenstorrent/.venv/lib/python3.10/site-packages/ttnn/tt_metal/hw/firmware/src/tt-1xx/brisc.cc,
3,3,4,BRISC,63326,11019124111141,0,4099,,,BRISC-KERNEL,ZONE_START,64,/home/ekaterina_kuzmina1/tenstorrent/.venv/lib/python3.10/site-packages/ttnn/tt_metal/hw/firmware/src/tt-1xx/brisck.cc,
3,3,4,BRISC,63326,11019124275399,0,4099,,,BRISC-KERNEL,ZONE_END,64,/home/ekaterina_kuzmina1/tenstorrent/.venv/lib/python3.10/site-packages/ttnn/tt_metal/hw/firmware/src/tt-1xx/brisck.cc,
3,3,4,BRISC,61457,11019124275580,0,4099,,,BRISC-FW,ZONE_END,412,/home/ekaterina_kuzmina1/tenstorrent/.venv/lib/python3.10/site-packages/ttnn/tt_metal/hw/firmware/src/tt-1xx/brisc.cc,
3,3,4,NCRISC,12030,11018334781886,0,2051,,,NCRISC-FW,ZONE_START,123,/home/ekaterina_kuzmina1/tenstorrent/.venv/lib/python3.10/site-packages/ttnn/tt_metal/hw/firmware/src/tt-1xx/ncrisc.cc,
3,3,4,NCRISC,16513,11018334782548,0,2051,,,NCRISC-KERNEL,ZONE_START,63,/home/ekaterina_kuzmina1/tenstorrent/.venv/lib/python3.10/site-packages/ttnn/tt_metal/hw/firmware/src/tt-1xx/ncrisck.cc,
3,3,4,NCRISC,16513,11018335281167,0,2051,,,NCRISC-KERNEL,ZONE_END,63,/home/ekaterina_kuzmina1/tenstorrent/.venv/lib/python3.10/site-packages/ttnn/tt_metal/hw/firmware/src/tt-1xx/ncrisck.cc,
3,3,4,NCRISC,12030,11018335281282,0,2051,,,NCRISC-FW,ZONE_END,123,/home/ekaterina_kuzmina1/tenstorrent/.venv/lib/python3.10/site-packages/ttnn/tt_metal/hw/firmware/src/tt-1xx/ncrisc.cc,
3,3,4,NCRISC,12030,11018391680787,0,3075,,,NCRISC-FW,ZONE_START,123,/home/ekaterina_kuzmina1/tenstorrent/.venv/lib/python3.10/site-packages/ttnn/tt_metal/hw/firmware/src/tt-1xx/ncrisc.cc,
3,3,4,NCRISC,16513,11018391681311,0,3075,,,NCRISC-KERNEL,ZONE_START,63,/home/ekaterina_kuzmina1/tenstorrent/.venv/lib/python3.10/site-packages/ttnn/tt_metal/hw/firmware/src/tt-1xx/ncrisck.cc,
3,3,4,NCRISC,16513,11018392296151,0,3075,,,NCRISC-KERNEL,ZONE_END,63,/home/ekaterina_kuzmina1/tenstorrent/.venv/lib/python3.10/site-packages/ttnn/tt_metal/hw/firmware/src/tt-1xx/ncrisck.cc,
3,3,4,NCRISC,12030,11018392296271,0,3075,,,NCRISC-FW,ZONE_END,123,/home/ekaterina_kuzmina1/tenstorrent/.venv/lib/python3.10/site-packages/ttnn/tt_metal/hw/firmware/src/tt-1xx/ncrisc.cc,
3,3,4,NCRISC,12030,11019124110418,0,4099,,,NCRISC-FW,ZONE_START,123,/home/ekaterina_kuzmina1/tenstorrent/.venv/lib/python3.10/site-packages/ttnn/tt_metal/hw/firmware/src/tt-1xx/ncrisc.cc,
3,3,4,NCRISC,16513,11019124111126,0,4099,,,NCRISC-KERNEL,ZONE_START,63,/home/ekaterina_kuzmina1/tenstorrent/.venv/lib/python3.10/site-packages/ttnn/tt_metal/hw/firmware/src/tt-1xx/ncrisck.cc,
3,3,4,NCRISC,16513,11019124274249,0,4099,,,NCRISC-KERNEL,ZONE_END,63,/home/ekaterina_kuzmina1/tenstorrent/.venv/lib/python3.10/site-packages/ttnn/tt_metal/hw/firmware/src/tt-1xx/ncrisck.cc,
3,3,4,NCRISC,12030,11019124274380,0,4099,,,NCRISC-FW,ZONE_END,123,/home/ekaterina_kuzmina1/tenstorrent/.venv/lib/python3.10/site-packages/ttnn/tt_metal/hw/firmware/src/tt-1xx/ncrisc.cc,
3,3,4,TRISC_0,8413,11018334781974,0,2051,,,TRISC-FW,ZONE_START,136,/home/ekaterina_kuzmina1/tenstorrent/.venv/lib/python3.10/site-packages/ttnn/tt_metal/hw/firmware/src/tt-1xx/trisc.cc,
3,3,4,TRISC_0,360,11018334782558,0,2051,,,TRISC-KERNEL,ZONE_START,62,/home/ekaterina_kuzmina1/tenstorrent/.venv/lib/python3.10/site-packages/ttnn/tt_metal/hw/firmware/src/tt-1xx/trisck.cc,
3,3,4,TRISC_0,360,11018335285933,0,2051,,,TRISC-KERNEL,ZONE_END,62,/home/ekaterina_kuzmina1/tenstorrent/.venv/lib/python3.10/site-packages/ttnn/tt_metal/hw/firmware/src/tt-1xx/trisck.cc,
3,3,4,TRISC_0,8413,11018335286672,0,2051,,,TRISC-FW,ZONE_END,136,/home/ekaterina_kuzmina1/tenstorrent/.venv/lib/python3.10/site-packages/ttnn/tt_metal/hw/firmware/src/tt-1xx/trisc.cc,
3,3,4,TRISC_0,8413,11019124110525,0,4099,,,TRISC-FW,ZONE_START,136,/home/ekaterina_kuzmina1/tenstorrent/.venv/lib/python3.10/site-packages/ttnn/tt_metal/hw/firmware/src/tt-1xx/trisc.cc,
3,3,4,TRISC_0,360,11019124110862,0,4099,,,TRISC-KERNEL,ZONE_START,62,/home/ekaterina_kuzmina1/tenstorrent/.venv/lib/python3.10/site-packages/ttnn/tt_metal/hw/firmware/src/tt-1xx/trisck.cc,
3,3,4,TRISC_0,360,11019124274287,0,4099,,,TRISC-KERNEL,ZONE_END,62,/home/ekaterina_kuzmina1/tenstorrent/.venv/lib/python3.10/site-packages/ttnn/tt_metal/hw/firmware/src/tt-1xx/trisck.cc,
3,3,4,TRISC_0,8413,11019124274338,0,4099,,,TRISC-FW,ZONE_END,136,/home/ekaterina_kuzmina1/tenstorrent/.venv/lib/python3.10/site-packages/ttnn/tt_metal/hw/firmware/src/tt-1xx/trisc.cc,
3,3,4,TRISC_1,8413,11018334781975,0,2051,,,TRISC-FW,ZONE_START,136,/home/ekaterina_kuzmina1/tenstorrent/.venv/lib/python3.10/site-packages/ttnn/tt_metal/hw/firmware/src/tt-1xx/trisc.cc,
3,3,4,TRISC_1,360,11018334782552,0,2051,,,TRISC-KERNEL,ZONE_START,62,/home/ekaterina_kuzmina1/tenstorrent/.venv/lib/python3.10/site-packages/ttnn/tt_metal/hw/firmware/src/tt-1xx/trisck.cc,
3,3,4,TRISC_1,360,11018335286726,0,2051,,,TRISC-KERNEL,ZONE_END,62,/home/ekaterina_kuzmina1/tenstorrent/.venv/lib/python3.10/site-packages/ttnn/tt_metal/hw/firmware/src/tt-1xx/trisck.cc,
3,3,4,TRISC_1,8413,11018335286784,0,2051,,,TRISC-FW,ZONE_END,136,/home/ekaterina_kuzmina1/tenstorrent/.venv/lib/python3.10/site-packages/ttnn/tt_metal/hw/firmware/src/tt-1xx/trisc.cc,
3,3,4,TRISC_1,8413,11019124110514,0,4099,,,TRISC-FW,ZONE_START,136,/home/ekaterina_kuzmina1/tenstorrent/.venv/lib/python3.10/site-packages/ttnn/tt_metal/hw/firmware/src/tt-1xx/trisc.cc,
3,3,4,TRISC_1,360,11019124110765,0,4099,,,TRISC-KERNEL,ZONE_START,62,/home/ekaterina_kuzmina1/tenstorrent/.venv/lib/python3.10/site-packages/ttnn/tt_metal/hw/firmware/src/tt-1xx/trisck.cc,
3,3,4,TRISC_1,360,11019124272097,0,4099,,,TRISC-KERNEL,ZONE_END,62,/home/ekaterina_kuzmina1/tenstorrent/.venv/lib/python3.10/site-packages/ttnn/tt_metal/hw/firmware/src/tt-1xx/trisck.cc,
3,3,4,TRISC_1,8413,11019124274303,0,4099,,,TRISC-FW,ZONE_END,136,/home/ekaterina_kuzmina1/tenstorrent/.venv/lib/python3.10/site-packages/ttnn/tt_metal/hw/firmware/src/tt-1xx/trisc.cc,
3,3,4,TRISC_2,8413,11018334781988,0,2051,,,TRISC-FW,ZONE_START,136,/home/ekaterina_kuzmina1/tenstorrent/.venv/lib/python3.10/site-packages/ttnn/tt_metal/hw/firmware/src/tt-1xx/trisc.cc,
3,3,4,TRISC_2,360,11018334782564,0,2051,,,TRISC-KERNEL,ZONE_START,62,/home/ekaterina_kuzmina1/tenstorrent/.venv/lib/python3.10/site-packages/ttnn/tt_metal/hw/firmware/src/tt-1xx/trisck.cc,
3,3,4,TRISC_2,360,11018335286844,0,2051,,,TRISC-KERNEL,ZONE_END,62,/home/ekaterina_kuzmina1/tenstorrent/.venv/lib/python3.10/site-packages/ttnn/tt_metal/hw/firmware/src/tt-1xx/trisck.cc,
3,3,4,TRISC_2,8413,11018335287084,0,2051,,,TRISC-FW,ZONE_END,136,/home/ekaterina_kuzmina1/tenstorrent/.venv/lib/python3.10/site-packages/ttnn/tt_metal/hw/firmware/src/tt-1xx/trisc.cc,
3,3,4,TRISC_2,8413,11019124110527,0,4099,,,TRISC-FW,ZONE_START,136,/home/ekaterina_kuzmina1/tenstorrent/.venv/lib/python3.10/site-packages/ttnn/tt_metal/hw/firmware/src/tt-1xx/trisc.cc,
3,3,4,TRISC_2,360,11019124110854,0,4099,,,TRISC-KERNEL,ZONE_START,62,/home/ekaterina_kuzmina1/tenstorrent/.venv/lib/python3.10/site-packages/ttnn/tt_metal/hw/firmware/src/tt-1xx/trisck.cc,
3,3,4,TRISC_2,360,11019124273797,0,4099,,,TRISC-KERNEL,ZONE_END,62,/home/ekaterina_kuzmina1/tenstorrent/.venv/lib/python3.10/site-packages/ttnn/tt_metal/hw/firmware/src/tt-1xx/trisck.cc,
3,3,4,TRISC_2,8413,11019124274411,0,4099,,,TRISC-FW,ZONE_END,136,/home/ekaterina_kuzmina1/tenstorrent/.venv/lib/python3.10/site-packages/ttnn/tt_metal/hw/firmware/src/tt-1xx/trisc.cc,
3,3,5,BRISC,61457,11018334781738,0,2051,,,BRISC-FW,ZONE_START,412,/home/ekaterina_kuzmina1/tenstorrent/.venv/lib/python3.10/site-packages/ttnn/tt_metal/hw/firmware/src/tt-1xx/brisc.cc,
3,3,5,BRISC,63326,11018334782540,0,2051,,,BRISC-KERNEL,ZONE_START,64,/home/ekaterina_kuzmina1/tenstorrent/.venv/lib/python3.10/site-packages/ttnn/tt_metal/hw/firmware/src/tt-1xx/brisck.cc,
3,3,5,BRISC,63326,11018335339594,0,2051,,,BRISC-KERNEL,ZONE_END,64,/home/ekaterina_kuzmina1/tenstorrent/.venv/lib/python3.10/site-packages/ttnn/tt_metal/hw/firmware/src/tt-1xx/brisck.cc,
3,3,5,BRISC,61457,11018335339779,0,2051,,,BRISC-FW,ZONE_END,412,/home/ekaterina_kuzmina1/tenstorrent/.venv/lib/python3.10/site-packages/ttnn/tt_metal/hw/firmware/src/tt-1xx/brisc.cc,
3,3,5,BRISC,61457,11018391680680,0,3075,,,BRISC-FW,ZONE_START,412,/home/ekaterina_kuzmina1/tenstorrent/.venv/lib/python3.10/site-packages/ttnn/tt_metal/hw/firmware/src/tt-1xx/brisc.cc,
3,3,5,BRISC,63326,11018391681395,0,3075,,,BRISC-KERNEL,ZONE_START,64,/home/ekaterina_kuzmina1/tenstorrent/.venv/lib/python3.10/site-packages/ttnn/tt_metal/hw/firmware/src/tt-1xx/brisck.cc,
3,3,5,BRISC,63326,11018392291302,0,3075,,,BRISC-KERNEL,ZONE_END,64,/home/ekaterina_kuzmina1/tenstorrent/.venv/lib/python3.10/site-packages/ttnn/tt_metal/hw/firmware/src/tt-1xx/brisck.cc,
3,3,5,BRISC,61457,11018392291480,0,3075,,,BRISC-FW,ZONE_END,412,/home/ekaterina_kuzmina1/tenstorrent/.venv/lib/python3.10/site-packages/ttnn/tt_metal/hw/firmware/src/tt-1xx/brisc.cc,
3,3,5,BRISC,61457,11019124110268,0,4099,,,BRISC-FW,ZONE_START,412,/home/ekaterina_kuzmina1/tenstorrent/.venv/lib/python3.10/site-packages/ttnn/tt_metal/hw/firmware/src/tt-1xx/brisc.cc,
3,3,5,BRISC,63326,11019124111140,0,4099,,,BRISC-KERNEL,ZONE_START,64,/home/ekaterina_kuzmina1/tenstorrent/.venv/lib/python3.10/site-packages/ttnn/tt_metal/hw/firmware/src/tt-1xx/brisck.cc,
3,3,5,BRISC,63326,11019124274609,0,4099,,,BRISC-KERNEL,ZONE_END,64,/home/ekaterina_kuzmina1/tenstorrent/.venv/lib/python3.10/site-packages/ttnn/tt_metal/hw/firmware/src/tt-1xx/brisck.cc,
3,3,5,BRISC,61457,11019124274788,0,4099,,,BRISC-FW,ZONE_END,412,/home/ekaterina_kuzmina1/tenstorrent/.venv/lib/python3.10/site-packages/ttnn/tt_metal/hw/firmware/src/tt-1xx/brisc.cc,
3,3,5,NCRISC,12030,11018334781894,0,2051,,,NCRISC-FW,ZONE_START,123,/home/ekaterina_kuzmina1/tenstorrent/.venv/lib/python3.10/site-packages/ttnn/tt_metal/hw/firmware/src/tt-1xx/ncrisc.cc,
3,3,5,NCRISC,16513,11018334782543,0,2051,,,NCRISC-KERNEL,ZONE_START,63,/home/ekaterina_kuzmina1/tenstorrent/.venv/lib/python3.10/site-packages/ttnn/tt_metal/hw/firmware/src/tt-1xx/ncrisck.cc,
3,3,5,NCRISC,16513,11018335285804,0,2051,,,NCRISC-KERNEL,ZONE_END,63,/home/ekaterina_kuzmina1/tenstorrent/.venv/lib/python3.10/site-packages/ttnn/tt_metal/hw/firmware/src/tt-1xx/ncrisck.cc,
3,3,5,NCRISC,12030,11018335285919,0,2051,,,NCRISC-FW,ZONE_END,123,/home/ekaterina_kuzmina1/tenstorrent/.venv/lib/python3.10/site-packages/ttnn/tt_metal/hw/firmware/src/tt-1xx/ncrisc.cc,
3,3,5,NCRISC,12030,11018391680827,0,3075,,,NCRISC-FW,ZONE_START,123,/home/ekaterina_kuzmina1/tenstorrent/.venv/lib/python3.10/site-packages/ttnn/tt_metal/hw/firmware/src/tt-1xx/ncrisc.cc,
3,3,5,NCRISC,16513,11018391681368,0,3075,,,NCRISC-KERNEL,ZONE_START,63,/home/ekaterina_kuzmina1/tenstorrent/.venv/lib/python3.10/site-packages/ttnn/tt_metal/hw/firmware/src/tt-1xx/ncrisck.cc,
3,3,5,NCRISC,16513,11018392288835,0,3075,,,NCRISC-KERNEL,ZONE_END,63,/home/ekaterina_kuzmina1/tenstorrent/.venv/lib/python3.10/site-packages/ttnn/tt_metal/hw/firmware/src/tt-1xx/ncrisck.cc,
3,3,5,NCRISC,12030,11018392288952,0,3075,,,NCRISC-FW,ZONE_END,123,/home/ekaterina_kuzmina1/tenstorrent/.venv/lib/python3.10/site-packages/ttnn/tt_metal/hw/firmware/src/tt-1xx/ncrisc.cc,
3,3,5,NCRISC,12030,11019124110418,0,4099,,,NCRISC-FW,ZONE_START,123,/home/ekaterina_kuzmina1/tenstorrent/.venv/lib/python3.10/site-packages/ttnn/tt_metal/hw/firmware/src/tt-1xx/ncrisc.cc,
3,3,5,NCRISC,16513,11019124111123,0,4099,,,NCRISC-KERNEL,ZONE_START,63,/home/ekaterina_kuzmina1/tenstorrent/.venv/lib/python3.10/site-packages/ttnn/tt_metal/hw/firmware/src/tt-1xx/ncrisck.cc,
3,3,5,NCRISC,16513,11019124273640,0,4099,,,NCRISC-KERNEL,ZONE_END,63,/home/ekaterina_kuzmina1/tenstorrent/.venv/lib/python3.10/site-packages/ttnn/tt_metal/hw/firmware/src/tt-1xx/ncrisck.cc,
3,3,5,NCRISC,12030,11019124273771,0,4099,,,NCRISC-FW,ZONE_END,123,/home/ekaterina_kuzmina1/tenstorrent/.venv/lib/python3.10/site-packages/ttnn/tt_metal/hw/firmware/src/tt-1xx/ncrisc.cc,
3,3,5,TRISC_0,8413,11018334781992,0,2051,,,TRISC-FW,ZONE_START,136,/home/ekaterina_kuzmina1/tenstorrent/.venv/lib/python3.10/site-packages/ttnn/tt_metal/hw/firmware/src/tt-1xx/trisc.cc,
3,3,5,TRISC_0,360,11018334782544,0,2051,,,TRISC-KERNEL,ZONE_START,62,/home/ekaterina_kuzmina1/tenstorrent/.venv/lib/python3.10/site-packages/ttnn/tt_metal/hw/firmware/src/tt-1xx/trisck.cc,
3,3,5,TRISC_0,360,11018335290537,0,2051,,,TRISC-KERNEL,ZONE_END,62,/home/ekaterina_kuzmina1/tenstorrent/.venv/lib/python3.10/site-packages/ttnn/tt_metal/hw/firmware/src/tt-1xx/trisck.cc,
3,3,5,TRISC_0,8413,11018335291272,0,2051,,,TRISC-FW,ZONE_END,136,/home/ekaterina_kuzmina1/tenstorrent/.venv/lib/python3.10/site-packages/ttnn/tt_metal/hw/firmware/src/tt-1xx/trisc.cc,
3,3,5,TRISC_0,8413,11019124110512,0,4099,,,TRISC-FW,ZONE_START,136,/home/ekaterina_kuzmina1/tenstorrent/.venv/lib/python3.10/site-packages/ttnn/tt_metal/hw/firmware/src/tt-1xx/trisc.cc,
3,3,5,TRISC_0,360,11019124110838,0,4099,,,TRISC-KERNEL,ZONE_START,62,/home/ekaterina_kuzmina1/tenstorrent/.venv/lib/python3.10/site-packages/ttnn/tt_metal/hw/firmware/src/tt-1xx/trisck.cc,
3,3,5,TRISC_0,360,11019124273678,0,4099,,,TRISC-KERNEL,ZONE_END,62,/home/ekaterina_kuzmina1/tenstorrent/.venv/lib/python3.10/site-packages/ttnn/tt_metal/hw/firmware/src/tt-1xx/trisck.cc,
3,3,5,TRISC_0,8413,11019124273729,0,4099,,,TRISC-FW,ZONE_END,136,/home/ekaterina_kuzmina1/tenstorrent/.venv/lib/python3.10/site-packages/ttnn/tt_metal/hw/firmware/src/tt-1xx/trisc.cc,
3,3,5,TRISC_1,8413,11018334781977,0,2051,,,TRISC-FW,ZONE_START,136,/home/ekaterina_kuzmina1/tenstorrent/.venv/lib/python3.10/site-packages/ttnn/tt_metal/hw/firmware/src/tt-1xx/trisc.cc,
3,3,5,TRISC_1,360,11018334782542,0,2051,,,TRISC-KERNEL,ZONE_START,62,/home/ekaterina_kuzmina1/tenstorrent/.venv/lib/python3.10/site-packages/ttnn/tt_metal/hw/firmware/src/tt-1xx/trisck.cc,
3,3,5,TRISC_1,360,11018335291326,0,2051,,,TRISC-KERNEL,ZONE_END,62,/home/ekaterina_kuzmina1/tenstorrent/.venv/lib/python3.10/site-packages/ttnn/tt_metal/hw/firmware/src/tt-1xx/trisck.cc,
3,3,5,TRISC_1,8413,11018335291385,0,2051,,,TRISC-FW,ZONE_END,136,/home/ekaterina_kuzmina1/tenstorrent/.venv/lib/python3.10/site-packages/ttnn/tt_metal/hw/firmware/src/tt-1xx/trisc.cc,
3,3,5,TRISC_1,8413,11019124110513,0,4099,,,TRISC-FW,ZONE_START,136,/home/ekaterina_kuzmina1/tenstorrent/.venv/lib/python3.10/site-packages/ttnn/tt_metal/hw/firmware/src/tt-1xx/trisc.cc,
3,3,5,TRISC_1,360,11019124110757,0,4099,,,TRISC-KERNEL,ZONE_START,62,/home/ekaterina_kuzmina1/tenstorrent/.venv/lib/python3.10/site-packages/ttnn/tt_metal/hw/firmware/src/tt-1xx/trisck.cc,
3,3,5,TRISC_1,360,11019124272396,0,4099,,,TRISC-KERNEL,ZONE_END,62,/home/ekaterina_kuzmina1/tenstorrent/.venv/lib/python3.10/site-packages/ttnn/tt_metal/hw/firmware/src/tt-1xx/trisck.cc,
3,3,5,TRISC_1,8413,11019124273694,0,4099,,,TRISC-FW,ZONE_END,136,/home/ekaterina_kuzmina1/tenstorrent/.venv/lib/python3.10/site-packages/ttnn/tt_metal/hw/firmware/src/tt-1xx/trisc.cc,
3,3,5,TRISC_2,8413,11018334781993,0,2051,,,TRISC-FW,ZONE_START,136,/home/ekaterina_kuzmina1/tenstorrent/.venv/lib/python3.10/site-packages/ttnn/tt_metal/hw/firmware/src/tt-1xx/trisc.cc,
3,3,5,TRISC_2,360,11018334782545,0,2051,,,TRISC-KERNEL,ZONE_START,62,/home/ekaterina_kuzmina1/tenstorrent/.venv/lib/python3.10/site-packages/ttnn/tt_metal/hw/firmware/src/tt-1xx/trisck.cc,
3,3,5,TRISC_2,360,11018335291446,0,2051,,,TRISC-KERNEL,ZONE_END,62,/home/ekaterina_kuzmina1/tenstorrent/.venv/lib/python3.10/site-packages/ttnn/tt_metal/hw/firmware/src/tt-1xx/trisck.cc,
3,3,5,TRISC_2,8413,11018335291672,0,2051,,,TRISC-FW,ZONE_END,136,/home/ekaterina_kuzmina1/tenstorrent/.venv/lib/python3.10/site-packages/ttnn/tt_metal/hw/firmware/src/tt-1xx/trisc.cc,
3,3,5,TRISC_2,8413,11019124110526,0,4099,,,TRISC-FW,ZONE_START,136,/home/ekaterina_kuzmina1/tenstorrent/.venv/lib/python3.10/site-packages/ttnn/tt_metal/hw/firmware/src/tt-1xx/trisc.cc,
3,3,5,TRISC_2,360,11019124110847,0,4099,,,TRISC-KERNEL,ZONE_START,62,/home/ekaterina_kuzmina1/tenstorrent/.venv/lib/python3.10/site-packages/ttnn/tt_metal/hw/firmware/src/tt-1xx/trisck.cc,
3,3,5,TRISC_2,360,11019124273515,0,4099,,,TRISC-KERNEL,ZONE_END,62,/home/ekaterina_kuzmina1/tenstorrent/.venv/lib/python3.10/site-packages/ttnn/tt_metal/hw/firmware/src/tt-1xx/trisck.cc,
3,3,5,TRISC_2,8413,11019124273802,0,4099,,,TRISC-FW,ZONE_END,136,/home/ekaterina_kuzmina1/tenstorrent/.venv/lib/python3.10/site-packages/ttnn/tt_metal/hw/firmware/src/tt-1xx/trisc.cc,
3,3,7,BRISC,61457,11018334781811,0,2051,,,BRISC-FW,ZONE_START,412,/home/ekaterina_kuzmina1/tenstorrent/.venv/lib/python3.10/site-packages/ttnn/tt_metal/hw/firmware/src/tt-1xx/brisc.cc,
3,3,7,BRISC,63326,11018334782596,0,2051,,,BRISC-KERNEL,ZONE_START,64,/home/ekaterina_kuzmina1/tenstorrent/.venv/lib/python3.10/site-packages/ttnn/tt_metal/hw/firmware/src/tt-1xx/brisck.cc,
3,3,7,BRISC,63326,11018335327184,0,2051,,,BRISC-KERNEL,ZONE_END,64,/home/ekaterina_kuzmina1/tenstorrent/.venv/lib/python3.10/site-packages/ttnn/tt_metal/hw/firmware/src/tt-1xx/brisck.cc,
3,3,7,BRISC,61457,11018335327372,0,2051,,,BRISC-FW,ZONE_END,412,/home/ekaterina_kuzmina1/tenstorrent/.venv/lib/python3.10/site-packages/ttnn/tt_metal/hw/firmware/src/tt-1xx/brisc.cc,
3,3,7,BRISC,61457,11018391680656,0,3075,,,BRISC-FW,ZONE_START,412,/home/ekaterina_kuzmina1/tenstorrent/.venv/lib/python3.10/site-packages/ttnn/tt_metal/hw/firmware/src/tt-1xx/brisc.cc,
3,3,7,BRISC,63326,11018391681365,0,3075,,,BRISC-KERNEL,ZONE_START,64,/home/ekaterina_kuzmina1/tenstorrent/.venv/lib/python3.10/site-packages/ttnn/tt_metal/hw/firmware/src/tt-1xx/brisck.cc,
3,3,7,BRISC,63326,11018392287124,0,3075,,,BRISC-KERNEL,ZONE_END,64,/home/ekaterina_kuzmina1/tenstorrent/.venv/lib/python3.10/site-packages/ttnn/tt_metal/hw/firmware/src/tt-1xx/brisck.cc,
3,3,7,BRISC,61457,11018392287303,0,3075,,,BRISC-FW,ZONE_END,412,/home/ekaterina_kuzmina1/tenstorrent/.venv/lib/python3.10/site-packages/ttnn/tt_metal/hw/firmware/src/tt-1xx/brisc.cc,
3,3,7,BRISC,61457,11019124110293,0,4099,,,BRISC-FW,ZONE_START,412,/home/ekaterina_kuzmina1/tenstorrent/.venv/lib/python3.10/site-packages/ttnn/tt_metal/hw/firmware/src/tt-1xx/brisc.cc,
3,3,7,BRISC,63326,11019124111162,0,4099,,,BRISC-KERNEL,ZONE_START,64,/home/ekaterina_kuzmina1/tenstorrent/.venv/lib/python3.10/site-packages/ttnn/tt_metal/hw/firmware/src/tt-1xx/brisck.cc,
3,3,7,BRISC,63326,11019124274955,0,4099,,,BRISC-KERNEL,ZONE_END,64,/home/ekaterina_kuzmina1/tenstorrent/.venv/lib/python3.10/site-packages/ttnn/tt_metal/hw/firmware/src/tt-1xx/brisck.cc,
3,3,7,BRISC,61457,11019124275134,0,4099,,,BRISC-FW,ZONE_END,412,/home/ekaterina_kuzmina1/tenstorrent/.venv/lib/python3.10/site-packages/ttnn/tt_metal/hw/firmware/src/tt-1xx/brisc.cc,
3,3,7,NCRISC,12030,11018334781958,0,2051,,,NCRISC-FW,ZONE_START,123,/home/ekaterina_kuzmina1/tenstorrent/.venv/lib/python3.10/site-packages/ttnn/tt_metal/hw/firmware/src/tt-1xx/ncrisc.cc,
3,3,7,NCRISC,16513,11018334782575,0,2051,,,NCRISC-KERNEL,ZONE_START,63,/home/ekaterina_kuzmina1/tenstorrent/.venv/lib/python3.10/site-packages/ttnn/tt_metal/hw/firmware/src/tt-1xx/ncrisck.cc,
3,3,7,NCRISC,16513,11018335286967,0,2051,,,NCRISC-KERNEL,ZONE_END,63,/home/ekaterina_kuzmina1/tenstorrent/.venv/lib/python3.10/site-packages/ttnn/tt_metal/hw/firmware/src/tt-1xx/ncrisck.cc,
3,3,7,NCRISC,12030,11018335287082,0,2051,,,NCRISC-FW,ZONE_END,123,/home/ekaterina_kuzmina1/tenstorrent/.venv/lib/python3.10/site-packages/ttnn/tt_metal/hw/firmware/src/tt-1xx/ncrisc.cc,
3,3,7,NCRISC,12030,11018391680806,0,3075,,,NCRISC-FW,ZONE_START,123,/home/ekaterina_kuzmina1/tenstorrent/.venv/lib/python3.10/site-packages/ttnn/tt_metal/hw/firmware/src/tt-1xx/ncrisc.cc,
3,3,7,NCRISC,16513,11018391681338,0,3075,,,NCRISC-KERNEL,ZONE_START,63,/home/ekaterina_kuzmina1/tenstorrent/.venv/lib/python3.10/site-packages/ttnn/tt_metal/hw/firmware/src/tt-1xx/ncrisck.cc,
3,3,7,NCRISC,16513,11018392284702,0,3075,,,NCRISC-KERNEL,ZONE_END,63,/home/ekaterina_kuzmina1/tenstorrent/.venv/lib/python3.10/site-packages/ttnn/tt_metal/hw/firmware/src/tt-1xx/ncrisck.cc,
3,3,7,NCRISC,12030,11018392284819,0,3075,,,NCRISC-FW,ZONE_END,123,/home/ekaterina_kuzmina1/tenstorrent/.venv/lib/python3.10/site-packages/ttnn/tt_metal/hw/firmware/src/tt-1xx/ncrisc.cc,
3,3,7,NCRISC,12030,11019124110443,0,4099,,,NCRISC-FW,ZONE_START,123,/home/ekaterina_kuzmina1/tenstorrent/.venv/lib/python3.10/site-packages/ttnn/tt_metal/hw/firmware/src/tt-1xx/ncrisc.cc,
3,3,7,NCRISC,16513,11019124111147,0,4099,,,NCRISC-KERNEL,ZONE_START,63,/home/ekaterina_kuzmina1/tenstorrent/.venv/lib/python3.10/site-packages/ttnn/tt_metal/hw/firmware/src/tt-1xx/ncrisck.cc,
3,3,7,NCRISC,16513,11019124273800,0,4099,,,NCRISC-KERNEL,ZONE_END,63,/home/ekaterina_kuzmina1/tenstorrent/.venv/lib/python3.10/site-packages/ttnn/tt_metal/hw/firmware/src/tt-1xx/ncrisck.cc,
3,3,7,NCRISC,12030,11019124273935,0,4099,,,NCRISC-FW,ZONE_END,123,/home/ekaterina_kuzmina1/tenstorrent/.venv/lib/python3.10/site-packages/ttnn/tt_metal/hw/firmware/src/tt-1xx/ncrisc.cc,
3,3,7,TRISC_0,8413,11018334782083,0,2051,,,TRISC-FW,ZONE_START,136,/home/ekaterina_kuzmina1/tenstorrent/.venv/lib/python3.10/site-packages/ttnn/tt_metal/hw/firmware/src/tt-1xx/trisc.cc,
3,3,7,TRISC_0,360,11018334782523,0,2051,,,TRISC-KERNEL,ZONE_START,62,/home/ekaterina_kuzmina1/tenstorrent/.venv/lib/python3.10/site-packages/ttnn/tt_metal/hw/firmware/src/tt-1xx/trisck.cc,
3,3,7,TRISC_0,360,11018335291716,0,2051,,,TRISC-KERNEL,ZONE_END,62,/home/ekaterina_kuzmina1/tenstorrent/.venv/lib/python3.10/site-packages/ttnn/tt_metal/hw/firmware/src/tt-1xx/trisck.cc,
3,3,7,TRISC_0,8413,11018335292462,0,2051,,,TRISC-FW,ZONE_END,136,/home/ekaterina_kuzmina1/tenstorrent/.venv/lib/python3.10/site-packages/ttnn/tt_metal/hw/firmware/src/tt-1xx/trisc.cc,
3,3,7,TRISC_0,8413,11019124110540,0,4099,,,TRISC-FW,ZONE_START,136,/home/ekaterina_kuzmina1/tenstorrent/.venv/lib/python3.10/site-packages/ttnn/tt_metal/hw/firmware/src/tt-1xx/trisc.cc,
3,3,7,TRISC_0,360,11019124110876,0,4099,,,TRISC-KERNEL,ZONE_START,62,/home/ekaterina_kuzmina1/tenstorrent/.venv/lib/python3.10/site-packages/ttnn/tt_metal/hw/firmware/src/tt-1xx/trisck.cc,
3,3,7,TRISC_0,360,11019124273832,0,4099,,,TRISC-KERNEL,ZONE_END,62,/home/ekaterina_kuzmina1/tenstorrent/.venv/lib/python3.10/site-packages/ttnn/tt_metal/hw/firmware/src/tt-1xx/trisck.cc,
3,3,7,TRISC_0,8413,11019124273875,0,4099,,,TRISC-FW,ZONE_END,136,/home/ekaterina_kuzmina1/tenstorrent/.venv/lib/python3.10/site-packages/ttnn/tt_metal/hw/firmware/src/tt-1xx/trisc.cc,
3,3,7,TRISC_1,8413,11018334782078,0,2051,,,TRISC-FW,ZONE_START,136,/home/ekaterina_kuzmina1/tenstorrent/.venv/lib/python3.10/site-packages/ttnn/tt_metal/hw/firmware/src/tt-1xx/trisc.cc,
3,3,7,TRISC_1,360,11018334782524,0,2051,,,TRISC-KERNEL,ZONE_START,62,/home/ekaterina_kuzmina1/tenstorrent/.venv/lib/python3.10/site-packages/ttnn/tt_metal/hw/firmware/src/tt-1xx/trisck.cc,
3,3,7,TRISC_1,360,11018335292516,0,2051,,,TRISC-KERNEL,ZONE_END,62,/home/ekaterina_kuzmina1/tenstorrent/.venv/lib/python3.10/site-packages/ttnn/tt_metal/hw/firmware/src/tt-1xx/trisck.cc,
3,3,7,TRISC_1,8413,11018335292574,0,2051,,,TRISC-FW,ZONE_END,136,/home/ekaterina_kuzmina1/tenstorrent/.venv/lib/python3.10/site-packages/ttnn/tt_metal/hw/firmware/src/tt-1xx/trisc.cc,
3,3,7,TRISC_1,8413,11019124110541,0,4099,,,TRISC-FW,ZONE_START,136,/home/ekaterina_kuzmina1/tenstorrent/.venv/lib/python3.10/site-packages/ttnn/tt_metal/hw/firmware/src/tt-1xx/trisc.cc,
3,3,7,TRISC_1,360,11019124110739,0,4099,,,TRISC-KERNEL,ZONE_START,62,/home/ekaterina_kuzmina1/tenstorrent/.venv/lib/python3.10/site-packages/ttnn/tt_metal/hw/firmware/src/tt-1xx/trisck.cc,
3,3,7,TRISC_1,360,11019124272031,0,4099,,,TRISC-KERNEL,ZONE_END,62,/home/ekaterina_kuzmina1/tenstorrent/.venv/lib/python3.10/site-packages/ttnn/tt_metal/hw/firmware/src/tt-1xx/trisck.cc,
3,3,7,TRISC_1,8413,11019124273854,0,4099,,,TRISC-FW,ZONE_END,136,/home/ekaterina_kuzmina1/tenstorrent/.venv/lib/python3.10/site-packages/ttnn/tt_metal/hw/firmware/src/tt-1xx/trisc.cc,
3,3,7,TRISC_2,8413,11018334782091,0,2051,,,TRISC-FW,ZONE_START,136,/home/ekaterina_kuzmina1/tenstorrent/.venv/lib/python3.10/site-packages/ttnn/tt_metal/hw/firmware/src/tt-1xx/trisc.cc,
3,3,7,TRISC_2,360,11018334782525,0,2051,,,TRISC-KERNEL,ZONE_START,62,/home/ekaterina_kuzmina1/tenstorrent/.venv/lib/python3.10/site-packages/ttnn/tt_metal/hw/firmware/src/tt-1xx/trisck.cc,
3,3,7,TRISC_2,360,11018335292634,0,2051,,,TRISC-KERNEL,ZONE_END,62,/home/ekaterina_kuzmina1/tenstorrent/.venv/lib/python3.10/site-packages/ttnn/tt_metal/hw/firmware/src/tt-1xx/trisck.cc,
3,3,7,TRISC_2,8413,11018335292857,0,2051,,,TRISC-FW,ZONE_END,136,/home/ekaterina_kuzmina1/tenstorrent/.venv/lib/python3.10/site-packages/ttnn/tt_metal/hw/firmware/src/tt-1xx/trisc.cc,
3,3,7,TRISC_2,8413,11019124110554,0,4099,,,TRISC-FW,ZONE_START,136,/home/ekaterina_kuzmina1/tenstorrent/.venv/lib/python3.10/site-packages/ttnn/tt_metal/hw/firmware/src/tt-1xx/trisc.cc,
3,3,7,TRISC_2,360,11019124110875,0,4099,,,TRISC-KERNEL,ZONE_START,62,/home/ekaterina_kuzmina1/tenstorrent/.venv/lib/python3.10/site-packages/ttnn/tt_metal/hw/firmware/src/tt-1xx/trisck.cc,
3,3,7,TRISC_2,360,11019124272979,0,4099,,,TRISC-KERNEL,ZONE_END,62,/home/ekaterina_kuzmina1/tenstorrent/.venv/lib/python3.10/site-packages/ttnn/tt_metal/hw/firmware/src/tt-1xx/trisck.cc,
3,3,7,TRISC_2,8413,11019124273962,0,4099,,,TRISC-FW,ZONE_END,136,/home/ekaterina_kuzmina1/tenstorrent/.venv/lib/python3.10/site-packages/ttnn/tt_metal/hw/firmware/src/tt-1xx/trisc.cc,
3,3,8,BRISC,61457,11018334781796,0,2051,,,BRISC-FW,ZONE_START,412,/home/ekaterina_kuzmina1/tenstorrent/.venv/lib/python3.10/site-packages/ttnn/tt_metal/hw/firmware/src/tt-1xx/brisc.cc,
3,3,8,BRISC,63326,11018334782572,0,2051,,,BRISC-KERNEL,ZONE_START,64,/home/ekaterina_kuzmina1/tenstorrent/.venv/lib/python3.10/site-packages/ttnn/tt_metal/hw/firmware/src/tt-1xx/brisck.cc,
3,3,8,BRISC,63326,11018335313285,0,2051,,,BRISC-KERNEL,ZONE_END,64,/home/ekaterina_kuzmina1/tenstorrent/.venv/lib/python3.10/site-packages/ttnn/tt_metal/hw/firmware/src/tt-1xx/brisck.cc,
3,3,8,BRISC,61457,11018335313470,0,2051,,,BRISC-FW,ZONE_END,412,/home/ekaterina_kuzmina1/tenstorrent/.venv/lib/python3.10/site-packages/ttnn/tt_metal/hw/firmware/src/tt-1xx/brisc.cc,
3,3,8,BRISC,61457,11018391680696,0,3075,,,BRISC-FW,ZONE_START,412,/home/ekaterina_kuzmina1/tenstorrent/.venv/lib/python3.10/site-packages/ttnn/tt_metal/hw/firmware/src/tt-1xx/brisc.cc,
3,3,8,BRISC,63326,11018391681407,0,3075,,,BRISC-KERNEL,ZONE_START,64,/home/ekaterina_kuzmina1/tenstorrent/.venv/lib/python3.10/site-packages/ttnn/tt_metal/hw/firmware/src/tt-1xx/brisck.cc,
3,3,8,BRISC,63326,11018392290407,0,3075,,,BRISC-KERNEL,ZONE_END,64,/home/ekaterina_kuzmina1/tenstorrent/.venv/lib/python3.10/site-packages/ttnn/tt_metal/hw/firmware/src/tt-1xx/brisck.cc,
3,3,8,BRISC,61457,11018392290587,0,3075,,,BRISC-FW,ZONE_END,412,/home/ekaterina_kuzmina1/tenstorrent/.venv/lib/python3.10/site-packages/ttnn/tt_metal/hw/firmware/src/tt-1xx/brisc.cc,
3,3,8,BRISC,61457,11019124110278,0,4099,,,BRISC-FW,ZONE_START,412,/home/ekaterina_kuzmina1/tenstorrent/.venv/lib/python3.10/site-packages/ttnn/tt_metal/hw/firmware/src/tt-1xx/brisc.cc,
3,3,8,BRISC,63326,11019124111144,0,4099,,,BRISC-KERNEL,ZONE_START,64,/home/ekaterina_kuzmina1/tenstorrent/.venv/lib/python3.10/site-packages/ttnn/tt_metal/hw/firmware/src/tt-1xx/brisck.cc,
3,3,8,BRISC,63326,11019124274769,0,4099,,,BRISC-KERNEL,ZONE_END,64,/home/ekaterina_kuzmina1/tenstorrent/.venv/lib/python3.10/site-packages/ttnn/tt_metal/hw/firmware/src/tt-1xx/brisck.cc,
3,3,8,BRISC,61457,11019124274947,0,4099,,,BRISC-FW,ZONE_END,412,/home/ekaterina_kuzmina1/tenstorrent/.venv/lib/python3.10/site-packages/ttnn/tt_metal/hw/firmware/src/tt-1xx/brisc.cc,
3,3,8,NCRISC,12030,11018334781946,0,2051,,,NCRISC-FW,ZONE_START,123,/home/ekaterina_kuzmina1/tenstorrent/.venv/lib/python3.10/site-packages/ttnn/tt_metal/hw/firmware/src/tt-1xx/ncrisc.cc,
3,3,8,NCRISC,16513,11018334782556,0,2051,,,NCRISC-KERNEL,ZONE_START,63,/home/ekaterina_kuzmina1/tenstorrent/.venv/lib/python3.10/site-packages/ttnn/tt_metal/hw/firmware/src/tt-1xx/ncrisck.cc,
3,3,8,NCRISC,16513,11018335286486,0,2051,,,NCRISC-KERNEL,ZONE_END,63,/home/ekaterina_kuzmina1/tenstorrent/.venv/lib/python3.10/site-packages/ttnn/tt_metal/hw/firmware/src/tt-1xx/ncrisck.cc,
3,3,8,NCRISC,12030,11018335286601,0,2051,,,NCRISC-FW,ZONE_END,123,/home/ekaterina_kuzmina1/tenstorrent/.venv/lib/python3.10/site-packages/ttnn/tt_metal/hw/firmware/src/tt-1xx/ncrisc.cc,
3,3,8,NCRISC,12030,11018391680840,0,3075,,,NCRISC-FW,ZONE_START,123,/home/ekaterina_kuzmina1/tenstorrent/.venv/lib/python3.10/site-packages/ttnn/tt_metal/hw/firmware/src/tt-1xx/ncrisc.cc,
3,3,8,NCRISC,16513,11018391681378,0,3075,,,NCRISC-KERNEL,ZONE_START,63,/home/ekaterina_kuzmina1/tenstorrent/.venv/lib/python3.10/site-packages/ttnn/tt_metal/hw/firmware/src/tt-1xx/ncrisck.cc,
3,3,8,NCRISC,16513,11018392287868,0,3075,,,NCRISC-KERNEL,ZONE_END,63,/home/ekaterina_kuzmina1/tenstorrent/.venv/lib/python3.10/site-packages/ttnn/tt_metal/hw/firmware/src/tt-1xx/ncrisck.cc,
3,3,8,NCRISC,12030,11018392287982,0,3075,,,NCRISC-FW,ZONE_END,123,/home/ekaterina_kuzmina1/tenstorrent/.venv/lib/python3.10/site-packages/ttnn/tt_metal/hw/firmware/src/tt-1xx/ncrisc.cc,
3,3,8,NCRISC,12030,11019124110425,0,4099,,,NCRISC-FW,ZONE_START,123,/home/ekaterina_kuzmina1/tenstorrent/.venv/lib/python3.10/site-packages/ttnn/tt_metal/hw/firmware/src/tt-1xx/ncrisc.cc,
3,3,8,NCRISC,16513,11019124111126,0,4099,,,NCRISC-KERNEL,ZONE_START,63,/home/ekaterina_kuzmina1/tenstorrent/.venv/lib/python3.10/site-packages/ttnn/tt_metal/hw/firmware/src/tt-1xx/ncrisck.cc,
3,3,8,NCRISC,16513,11019124273780,0,4099,,,NCRISC-KERNEL,ZONE_END,63,/home/ekaterina_kuzmina1/tenstorrent/.venv/lib/python3.10/site-packages/ttnn/tt_metal/hw/firmware/src/tt-1xx/ncrisck.cc,
3,3,8,NCRISC,12030,11019124273911,0,4099,,,NCRISC-FW,ZONE_END,123,/home/ekaterina_kuzmina1/tenstorrent/.venv/lib/python3.10/site-packages/ttnn/tt_metal/hw/firmware/src/tt-1xx/ncrisc.cc,
3,3,8,TRISC_0,8413,11018334782048,0,2051,,,TRISC-FW,ZONE_START,136,/home/ekaterina_kuzmina1/tenstorrent/.venv/lib/python3.10/site-packages/ttnn/tt_metal/hw/firmware/src/tt-1xx/trisc.cc,
3,3,8,TRISC_0,360,11018334782514,0,2051,,,TRISC-KERNEL,ZONE_START,62,/home/ekaterina_kuzmina1/tenstorrent/.venv/lib/python3.10/site-packages/ttnn/tt_metal/hw/firmware/src/tt-1xx/trisck.cc,
3,3,8,TRISC_0,360,11018335291280,0,2051,,,TRISC-KERNEL,ZONE_END,62,/home/ekaterina_kuzmina1/tenstorrent/.venv/lib/python3.10/site-packages/ttnn/tt_metal/hw/firmware/src/tt-1xx/trisck.cc,
3,3,8,TRISC_0,8413,11018335292033,0,2051,,,TRISC-FW,ZONE_END,136,/home/ekaterina_kuzmina1/tenstorrent/.venv/lib/python3.10/site-packages/ttnn/tt_metal/hw/firmware/src/tt-1xx/trisc.cc,
3,3,8,TRISC_0,8413,11019124110527,0,4099,,,TRISC-FW,ZONE_START,136,/home/ekaterina_kuzmina1/tenstorrent/.venv/lib/python3.10/site-packages/ttnn/tt_metal/hw/firmware/src/tt-1xx/trisc.cc,
3,3,8,TRISC_0,360,11019124110862,0,4099,,,TRISC-KERNEL,ZONE_START,62,/home/ekaterina_kuzmina1/tenstorrent/.venv/lib/python3.10/site-packages/ttnn/tt_metal/hw/firmware/src/tt-1xx/trisck.cc,
3,3,8,TRISC_0,360,11019124273818,0,4099,,,TRISC-KERNEL,ZONE_END,62,/home/ekaterina_kuzmina1/tenstorrent/.venv/lib/python3.10/site-packages/ttnn/tt_metal/hw/firmware/src/tt-1xx/trisck.cc,
3,3,8,TRISC_0,8413,11019124273869,0,4099,,,TRISC-FW,ZONE_END,136,/home/ekaterina_kuzmina1/tenstorrent/.venv/lib/python3.10/site-packages/ttnn/tt_metal/hw/firmware/src/tt-1xx/trisc.cc,
3,3,8,TRISC_1,8413,11018334782037,0,2051,,,TRISC-FW,ZONE_START,136,/home/ekaterina_kuzmina1/tenstorrent/.venv/lib/python3.10/site-packages/ttnn/tt_metal/hw/firmware/src/tt-1xx/trisc.cc,
3,3,8,TRISC_1,360,11018334782515,0,2051,,,TRISC-KERNEL,ZONE_START,62,/home/ekaterina_kuzmina1/tenstorrent/.venv/lib/python3.10/site-packages/ttnn/tt_metal/hw/firmware/src/tt-1xx/trisck.cc,
3,3,8,TRISC_1,360,11018335292087,0,2051,,,TRISC-KERNEL,ZONE_END,62,/home/ekaterina_kuzmina1/tenstorrent/.venv/lib/python3.10/site-packages/ttnn/tt_metal/hw/firmware/src/tt-1xx/trisck.cc,
3,3,8,TRISC_1,8413,11018335292145,0,2051,,,TRISC-FW,ZONE_END,136,/home/ekaterina_kuzmina1/tenstorrent/.venv/lib/python3.10/site-packages/ttnn/tt_metal/hw/firmware/src/tt-1xx/trisc.cc,
3,3,8,TRISC_1,8413,11019124110530,0,4099,,,TRISC-FW,ZONE_START,136,/home/ekaterina_kuzmina1/tenstorrent/.venv/lib/python3.10/site-packages/ttnn/tt_metal/hw/firmware/src/tt-1xx/trisc.cc,
3,3,8,TRISC_1,360,11019124110733,0,4099,,,TRISC-KERNEL,ZONE_START,62,/home/ekaterina_kuzmina1/tenstorrent/.venv/lib/python3.10/site-packages/ttnn/tt_metal/hw/firmware/src/tt-1xx/trisck.cc,
3,3,8,TRISC_1,360,11019124271884,0,4099,,,TRISC-KERNEL,ZONE_END,62,/home/ekaterina_kuzmina1/tenstorrent/.venv/lib/python3.10/site-packages/ttnn/tt_metal/hw/firmware/src/tt-1xx/trisck.cc,
3,3,8,TRISC_1,8413,11019124273834,0,4099,,,TRISC-FW,ZONE_END,136,/home/ekaterina_kuzmina1/tenstorrent/.venv/lib/python3.10/site-packages/ttnn/tt_metal/hw/firmware/src/tt-1xx/trisc.cc,
3,3,8,TRISC_2,8413,11018334782049,0,2051,,,TRISC-FW,ZONE_START,136,/home/ekaterina_kuzmina1/tenstorrent/.venv/lib/python3.10/site-packages/ttnn/tt_metal/hw/firmware/src/tt-1xx/trisc.cc,
3,3,8,TRISC_2,360,11018334782516,0,2051,,,TRISC-KERNEL,ZONE_START,62,/home/ekaterina_kuzmina1/tenstorrent/.venv/lib/python3.10/site-packages/ttnn/tt_metal/hw/firmware/src/tt-1xx/trisck.cc,
3,3,8,TRISC_2,360,11018335292201,0,2051,,,TRISC-KERNEL,ZONE_END,62,/home/ekaterina_kuzmina1/tenstorrent/.venv/lib/python3.10/site-packages/ttnn/tt_metal/hw/firmware/src/tt-1xx/trisck.cc,
3,3,8,TRISC_2,8413,11018335292446,0,2051,,,TRISC-FW,ZONE_END,136,/home/ekaterina_kuzmina1/tenstorrent/.venv/lib/python3.10/site-packages/ttnn/tt_metal/hw/firmware/src/tt-1xx/trisc.cc,
3,3,8,TRISC_2,8413,11019124110532,0,4099,,,TRISC-FW,ZONE_START,136,/home/ekaterina_kuzmina1/tenstorrent/.venv/lib/python3.10/site-packages/ttnn/tt_metal/hw/firmware/src/tt-1xx/trisc.cc,
3,3,8,TRISC_2,360,11019124110855,0,4099,,,TRISC-KERNEL,ZONE_START,62,/home/ekaterina_kuzmina1/tenstorrent/.venv/lib/python3.10/site-packages/ttnn/tt_metal/hw/firmware/src/tt-1xx/trisck.cc,
3,3,8,TRISC_2,360,11019124273264,0,4099,,,TRISC-KERNEL,ZONE_END,62,/home/ekaterina_kuzmina1/tenstorrent/.venv/lib/python3.10/site-packages/ttnn/tt_metal/hw/firmware/src/tt-1xx/trisck.cc,
3,3,8,TRISC_2,8413,11019124273942,0,4099,,,TRISC-FW,ZONE_END,136,/home/ekaterina_kuzmina1/tenstorrent/.venv/lib/python3.10/site-packages/ttnn/tt_metal/hw/firmware/src/tt-1xx/trisc.cc,
3,4,1,BRISC,61457,11018334782181,0,2051,,,BRISC-FW,ZONE_START,412,/home/ekaterina_kuzmina1/tenstorrent/.venv/lib/python3.10/site-packages/ttnn/tt_metal/hw/firmware/src/tt-1xx/brisc.cc,
3,4,1,BRISC,63326,11018334782970,0,2051,,,BRISC-KERNEL,ZONE_START,64,/home/ekaterina_kuzmina1/tenstorrent/.venv/lib/python3.10/site-packages/ttnn/tt_metal/hw/firmware/src/tt-1xx/brisck.cc,
3,4,1,BRISC,63326,11018335383732,0,2051,,,BRISC-KERNEL,ZONE_END,64,/home/ekaterina_kuzmina1/tenstorrent/.venv/lib/python3.10/site-packages/ttnn/tt_metal/hw/firmware/src/tt-1xx/brisck.cc,
3,4,1,BRISC,61457,11018335383917,0,2051,,,BRISC-FW,ZONE_END,412,/home/ekaterina_kuzmina1/tenstorrent/.venv/lib/python3.10/site-packages/ttnn/tt_metal/hw/firmware/src/tt-1xx/brisc.cc,
3,4,1,BRISC,61457,11018391680609,0,3075,,,BRISC-FW,ZONE_START,412,/home/ekaterina_kuzmina1/tenstorrent/.venv/lib/python3.10/site-packages/ttnn/tt_metal/hw/firmware/src/tt-1xx/brisc.cc,
3,4,1,BRISC,63326,11018391681308,0,3075,,,BRISC-KERNEL,ZONE_START,64,/home/ekaterina_kuzmina1/tenstorrent/.venv/lib/python3.10/site-packages/ttnn/tt_metal/hw/firmware/src/tt-1xx/brisck.cc,
3,4,1,BRISC,63326,11018392286478,0,3075,,,BRISC-KERNEL,ZONE_END,64,/home/ekaterina_kuzmina1/tenstorrent/.venv/lib/python3.10/site-packages/ttnn/tt_metal/hw/firmware/src/tt-1xx/brisck.cc,
3,4,1,BRISC,61457,11018392286654,0,3075,,,BRISC-FW,ZONE_END,412,/home/ekaterina_kuzmina1/tenstorrent/.venv/lib/python3.10/site-packages/ttnn/tt_metal/hw/firmware/src/tt-1xx/brisc.cc,
3,4,1,BRISC,61457,11019124110247,0,4099,,,BRISC-FW,ZONE_START,412,/home/ekaterina_kuzmina1/tenstorrent/.venv/lib/python3.10/site-packages/ttnn/tt_metal/hw/firmware/src/tt-1xx/brisc.cc,
3,4,1,BRISC,63326,11019124111125,0,4099,,,BRISC-KERNEL,ZONE_START,64,/home/ekaterina_kuzmina1/tenstorrent/.venv/lib/python3.10/site-packages/ttnn/tt_metal/hw/firmware/src/tt-1xx/brisck.cc,
3,4,1,BRISC,63326,11019124276011,0,4099,,,BRISC-KERNEL,ZONE_END,64,/home/ekaterina_kuzmina1/tenstorrent/.venv/lib/python3.10/site-packages/ttnn/tt_metal/hw/firmware/src/tt-1xx/brisck.cc,
3,4,1,BRISC,61457,11019124276193,0,4099,,,BRISC-FW,ZONE_END,412,/home/ekaterina_kuzmina1/tenstorrent/.venv/lib/python3.10/site-packages/ttnn/tt_metal/hw/firmware/src/tt-1xx/brisc.cc,
3,4,1,NCRISC,12030,11018334782327,0,2051,,,NCRISC-FW,ZONE_START,123,/home/ekaterina_kuzmina1/tenstorrent/.venv/lib/python3.10/site-packages/ttnn/tt_metal/hw/firmware/src/tt-1xx/ncrisc.cc,
3,4,1,NCRISC,16513,11018334782947,0,2051,,,NCRISC-KERNEL,ZONE_START,63,/home/ekaterina_kuzmina1/tenstorrent/.venv/lib/python3.10/site-packages/ttnn/tt_metal/hw/firmware/src/tt-1xx/ncrisck.cc,
3,4,1,NCRISC,16513,11018335251314,0,2051,,,NCRISC-KERNEL,ZONE_END,63,/home/ekaterina_kuzmina1/tenstorrent/.venv/lib/python3.10/site-packages/ttnn/tt_metal/hw/firmware/src/tt-1xx/ncrisck.cc,
3,4,1,NCRISC,12030,11018335251432,0,2051,,,NCRISC-FW,ZONE_END,123,/home/ekaterina_kuzmina1/tenstorrent/.venv/lib/python3.10/site-packages/ttnn/tt_metal/hw/firmware/src/tt-1xx/ncrisc.cc,
3,4,1,NCRISC,12030,11018391680756,0,3075,,,NCRISC-FW,ZONE_START,123,/home/ekaterina_kuzmina1/tenstorrent/.venv/lib/python3.10/site-packages/ttnn/tt_metal/hw/firmware/src/tt-1xx/ncrisc.cc,
3,4,1,NCRISC,16513,11018391681280,0,3075,,,NCRISC-KERNEL,ZONE_START,63,/home/ekaterina_kuzmina1/tenstorrent/.venv/lib/python3.10/site-packages/ttnn/tt_metal/hw/firmware/src/tt-1xx/ncrisck.cc,
3,4,1,NCRISC,16513,11018392284069,0,3075,,,NCRISC-KERNEL,ZONE_END,63,/home/ekaterina_kuzmina1/tenstorrent/.venv/lib/python3.10/site-packages/ttnn/tt_metal/hw/firmware/src/tt-1xx/ncrisck.cc,
3,4,1,NCRISC,12030,11018392284189,0,3075,,,NCRISC-FW,ZONE_END,123,/home/ekaterina_kuzmina1/tenstorrent/.venv/lib/python3.10/site-packages/ttnn/tt_metal/hw/firmware/src/tt-1xx/ncrisc.cc,
3,4,1,NCRISC,12030,11019124110400,0,4099,,,NCRISC-FW,ZONE_START,123,/home/ekaterina_kuzmina1/tenstorrent/.venv/lib/python3.10/site-packages/ttnn/tt_metal/hw/firmware/src/tt-1xx/ncrisc.cc,
3,4,1,NCRISC,16513,11019124111108,0,4099,,,NCRISC-KERNEL,ZONE_START,63,/home/ekaterina_kuzmina1/tenstorrent/.venv/lib/python3.10/site-packages/ttnn/tt_metal/hw/firmware/src/tt-1xx/ncrisck.cc,
3,4,1,NCRISC,16513,11019124275240,0,4099,,,NCRISC-KERNEL,ZONE_END,63,/home/ekaterina_kuzmina1/tenstorrent/.venv/lib/python3.10/site-packages/ttnn/tt_metal/hw/firmware/src/tt-1xx/ncrisck.cc,
3,4,1,NCRISC,12030,11019124275370,0,4099,,,NCRISC-FW,ZONE_END,123,/home/ekaterina_kuzmina1/tenstorrent/.venv/lib/python3.10/site-packages/ttnn/tt_metal/hw/firmware/src/tt-1xx/ncrisc.cc,
3,4,1,TRISC_0,8413,11018334782434,0,2051,,,TRISC-FW,ZONE_START,136,/home/ekaterina_kuzmina1/tenstorrent/.venv/lib/python3.10/site-packages/ttnn/tt_metal/hw/firmware/src/tt-1xx/trisc.cc,
3,4,1,TRISC_0,360,11018334782821,0,2051,,,TRISC-KERNEL,ZONE_START,62,/home/ekaterina_kuzmina1/tenstorrent/.venv/lib/python3.10/site-packages/ttnn/tt_metal/hw/firmware/src/tt-1xx/trisck.cc,
3,4,1,TRISC_0,360,11018335285891,0,2051,,,TRISC-KERNEL,ZONE_END,62,/home/ekaterina_kuzmina1/tenstorrent/.venv/lib/python3.10/site-packages/ttnn/tt_metal/hw/firmware/src/tt-1xx/trisck.cc,
3,4,1,TRISC_0,8413,11018335286634,0,2051,,,TRISC-FW,ZONE_END,136,/home/ekaterina_kuzmina1/tenstorrent/.venv/lib/python3.10/site-packages/ttnn/tt_metal/hw/firmware/src/tt-1xx/trisc.cc,
3,4,1,TRISC_0,8413,11019124110497,0,4099,,,TRISC-FW,ZONE_START,136,/home/ekaterina_kuzmina1/tenstorrent/.venv/lib/python3.10/site-packages/ttnn/tt_metal/hw/firmware/src/tt-1xx/trisc.cc,
3,4,1,TRISC_0,360,11019124110837,0,4099,,,TRISC-KERNEL,ZONE_START,62,/home/ekaterina_kuzmina1/tenstorrent/.venv/lib/python3.10/site-packages/ttnn/tt_metal/hw/firmware/src/tt-1xx/trisck.cc,
3,4,1,TRISC_0,360,11019124275269,0,4099,,,TRISC-KERNEL,ZONE_END,62,/home/ekaterina_kuzmina1/tenstorrent/.venv/lib/python3.10/site-packages/ttnn/tt_metal/hw/firmware/src/tt-1xx/trisck.cc,
3,4,1,TRISC_0,8413,11019124275309,0,4099,,,TRISC-FW,ZONE_END,136,/home/ekaterina_kuzmina1/tenstorrent/.venv/lib/python3.10/site-packages/ttnn/tt_metal/hw/firmware/src/tt-1xx/trisc.cc,
3,4,1,TRISC_1,8413,11018334782443,0,2051,,,TRISC-FW,ZONE_START,136,/home/ekaterina_kuzmina1/tenstorrent/.venv/lib/python3.10/site-packages/ttnn/tt_metal/hw/firmware/src/tt-1xx/trisc.cc,
3,4,1,TRISC_1,360,11018334782646,0,2051,,,TRISC-KERNEL,ZONE_START,62,/home/ekaterina_kuzmina1/tenstorrent/.venv/lib/python3.10/site-packages/ttnn/tt_metal/hw/firmware/src/tt-1xx/trisck.cc,
3,4,1,TRISC_1,360,11018335286688,0,2051,,,TRISC-KERNEL,ZONE_END,62,/home/ekaterina_kuzmina1/tenstorrent/.venv/lib/python3.10/site-packages/ttnn/tt_metal/hw/firmware/src/tt-1xx/trisck.cc,
3,4,1,TRISC_1,8413,11018335286743,0,2051,,,TRISC-FW,ZONE_END,136,/home/ekaterina_kuzmina1/tenstorrent/.venv/lib/python3.10/site-packages/ttnn/tt_metal/hw/firmware/src/tt-1xx/trisc.cc,
3,4,1,TRISC_1,8413,11019124110498,0,4099,,,TRISC-FW,ZONE_START,136,/home/ekaterina_kuzmina1/tenstorrent/.venv/lib/python3.10/site-packages/ttnn/tt_metal/hw/firmware/src/tt-1xx/trisc.cc,
3,4,1,TRISC_1,360,11019124110776,0,4099,,,TRISC-KERNEL,ZONE_START,62,/home/ekaterina_kuzmina1/tenstorrent/.venv/lib/python3.10/site-packages/ttnn/tt_metal/hw/firmware/src/tt-1xx/trisck.cc,
3,4,1,TRISC_1,360,11019124273402,0,4099,,,TRISC-KERNEL,ZONE_END,62,/home/ekaterina_kuzmina1/tenstorrent/.venv/lib/python3.10/site-packages/ttnn/tt_metal/hw/firmware/src/tt-1xx/trisck.cc,
3,4,1,TRISC_1,8413,11019124275294,0,4099,,,TRISC-FW,ZONE_END,136,/home/ekaterina_kuzmina1/tenstorrent/.venv/lib/python3.10/site-packages/ttnn/tt_metal/hw/firmware/src/tt-1xx/trisc.cc,
3,4,1,TRISC_2,8413,11018334782451,0,2051,,,TRISC-FW,ZONE_START,136,/home/ekaterina_kuzmina1/tenstorrent/.venv/lib/python3.10/site-packages/ttnn/tt_metal/hw/firmware/src/tt-1xx/trisc.cc,
3,4,1,TRISC_2,360,11018334782840,0,2051,,,TRISC-KERNEL,ZONE_START,62,/home/ekaterina_kuzmina1/tenstorrent/.venv/lib/python3.10/site-packages/ttnn/tt_metal/hw/firmware/src/tt-1xx/trisck.cc,
3,4,1,TRISC_2,360,11018335286804,0,2051,,,TRISC-KERNEL,ZONE_END,62,/home/ekaterina_kuzmina1/tenstorrent/.venv/lib/python3.10/site-packages/ttnn/tt_metal/hw/firmware/src/tt-1xx/trisck.cc,
3,4,1,TRISC_2,8413,11018335287037,0,2051,,,TRISC-FW,ZONE_END,136,/home/ekaterina_kuzmina1/tenstorrent/.venv/lib/python3.10/site-packages/ttnn/tt_metal/hw/firmware/src/tt-1xx/trisc.cc,
3,4,1,TRISC_2,8413,11019124110511,0,4099,,,TRISC-FW,ZONE_START,136,/home/ekaterina_kuzmina1/tenstorrent/.venv/lib/python3.10/site-packages/ttnn/tt_metal/hw/firmware/src/tt-1xx/trisc.cc,
3,4,1,TRISC_2,360,11019124110834,0,4099,,,TRISC-KERNEL,ZONE_START,62,/home/ekaterina_kuzmina1/tenstorrent/.venv/lib/python3.10/site-packages/ttnn/tt_metal/hw/firmware/src/tt-1xx/trisck.cc,
3,4,1,TRISC_2,360,11019124274343,0,4099,,,TRISC-KERNEL,ZONE_END,62,/home/ekaterina_kuzmina1/tenstorrent/.venv/lib/python3.10/site-packages/ttnn/tt_metal/hw/firmware/src/tt-1xx/trisck.cc,
3,4,1,TRISC_2,8413,11019124275405,0,4099,,,TRISC-FW,ZONE_END,136,/home/ekaterina_kuzmina1/tenstorrent/.venv/lib/python3.10/site-packages/ttnn/tt_metal/hw/firmware/src/tt-1xx/trisc.cc,
3,4,2,BRISC,61457,11018334781776,0,2051,,,BRISC-FW,ZONE_START,412,/home/ekaterina_kuzmina1/tenstorrent/.venv/lib/python3.10/site-packages/ttnn/tt_metal/hw/firmware/src/tt-1xx/brisc.cc,
3,4,2,BRISC,63326,11018334782563,0,2051,,,BRISC-KERNEL,ZONE_START,64,/home/ekaterina_kuzmina1/tenstorrent/.venv/lib/python3.10/site-packages/ttnn/tt_metal/hw/firmware/src/tt-1xx/brisck.cc,
3,4,2,BRISC,63326,11018335381196,0,2051,,,BRISC-KERNEL,ZONE_END,64,/home/ekaterina_kuzmina1/tenstorrent/.venv/lib/python3.10/site-packages/ttnn/tt_metal/hw/firmware/src/tt-1xx/brisck.cc,
3,4,2,BRISC,61457,11018335381380,0,2051,,,BRISC-FW,ZONE_END,412,/home/ekaterina_kuzmina1/tenstorrent/.venv/lib/python3.10/site-packages/ttnn/tt_metal/hw/firmware/src/tt-1xx/brisc.cc,
3,4,2,BRISC,61457,11018391680634,0,3075,,,BRISC-FW,ZONE_START,412,/home/ekaterina_kuzmina1/tenstorrent/.venv/lib/python3.10/site-packages/ttnn/tt_metal/hw/firmware/src/tt-1xx/brisc.cc,
3,4,2,BRISC,63326,11018391681341,0,3075,,,BRISC-KERNEL,ZONE_START,64,/home/ekaterina_kuzmina1/tenstorrent/.venv/lib/python3.10/site-packages/ttnn/tt_metal/hw/firmware/src/tt-1xx/brisck.cc,
3,4,2,BRISC,63326,11018392291101,0,3075,,,BRISC-KERNEL,ZONE_END,64,/home/ekaterina_kuzmina1/tenstorrent/.venv/lib/python3.10/site-packages/ttnn/tt_metal/hw/firmware/src/tt-1xx/brisck.cc,
3,4,2,BRISC,61457,11018392291280,0,3075,,,BRISC-FW,ZONE_END,412,/home/ekaterina_kuzmina1/tenstorrent/.venv/lib/python3.10/site-packages/ttnn/tt_metal/hw/firmware/src/tt-1xx/brisc.cc,
3,4,2,BRISC,61457,11019124110256,0,4099,,,BRISC-FW,ZONE_START,412,/home/ekaterina_kuzmina1/tenstorrent/.venv/lib/python3.10/site-packages/ttnn/tt_metal/hw/firmware/src/tt-1xx/brisc.cc,
3,4,2,BRISC,63326,11019124111126,0,4099,,,BRISC-KERNEL,ZONE_START,64,/home/ekaterina_kuzmina1/tenstorrent/.venv/lib/python3.10/site-packages/ttnn/tt_metal/hw/firmware/src/tt-1xx/brisck.cc,
3,4,2,BRISC,63326,11019124275657,0,4099,,,BRISC-KERNEL,ZONE_END,64,/home/ekaterina_kuzmina1/tenstorrent/.venv/lib/python3.10/site-packages/ttnn/tt_metal/hw/firmware/src/tt-1xx/brisck.cc,
3,4,2,BRISC,61457,11019124275836,0,4099,,,BRISC-FW,ZONE_END,412,/home/ekaterina_kuzmina1/tenstorrent/.venv/lib/python3.10/site-packages/ttnn/tt_metal/hw/firmware/src/tt-1xx/brisc.cc,
3,4,2,NCRISC,12030,11018334781932,0,2051,,,NCRISC-FW,ZONE_START,123,/home/ekaterina_kuzmina1/tenstorrent/.venv/lib/python3.10/site-packages/ttnn/tt_metal/hw/firmware/src/tt-1xx/ncrisc.cc,
3,4,2,NCRISC,16513,11018334782551,0,2051,,,NCRISC-KERNEL,ZONE_START,63,/home/ekaterina_kuzmina1/tenstorrent/.venv/lib/python3.10/site-packages/ttnn/tt_metal/hw/firmware/src/tt-1xx/ncrisck.cc,
3,4,2,NCRISC,16513,11018335286170,0,2051,,,NCRISC-KERNEL,ZONE_END,63,/home/ekaterina_kuzmina1/tenstorrent/.venv/lib/python3.10/site-packages/ttnn/tt_metal/hw/firmware/src/tt-1xx/ncrisck.cc,
3,4,2,NCRISC,12030,11018335286285,0,2051,,,NCRISC-FW,ZONE_END,123,/home/ekaterina_kuzmina1/tenstorrent/.venv/lib/python3.10/site-packages/ttnn/tt_metal/hw/firmware/src/tt-1xx/ncrisc.cc,
3,4,2,NCRISC,12030,11018391680784,0,3075,,,NCRISC-FW,ZONE_START,123,/home/ekaterina_kuzmina1/tenstorrent/.venv/lib/python3.10/site-packages/ttnn/tt_metal/hw/firmware/src/tt-1xx/ncrisc.cc,
3,4,2,NCRISC,16513,11018391681314,0,3075,,,NCRISC-KERNEL,ZONE_START,63,/home/ekaterina_kuzmina1/tenstorrent/.venv/lib/python3.10/site-packages/ttnn/tt_metal/hw/firmware/src/tt-1xx/ncrisck.cc,
3,4,2,NCRISC,16513,11018392288489,0,3075,,,NCRISC-KERNEL,ZONE_END,63,/home/ekaterina_kuzmina1/tenstorrent/.venv/lib/python3.10/site-packages/ttnn/tt_metal/hw/firmware/src/tt-1xx/ncrisck.cc,
3,4,2,NCRISC,12030,11018392288603,0,3075,,,NCRISC-FW,ZONE_END,123,/home/ekaterina_kuzmina1/tenstorrent/.venv/lib/python3.10/site-packages/ttnn/tt_metal/hw/firmware/src/tt-1xx/ncrisc.cc,
3,4,2,NCRISC,12030,11019124110400,0,4099,,,NCRISC-FW,ZONE_START,123,/home/ekaterina_kuzmina1/tenstorrent/.venv/lib/python3.10/site-packages/ttnn/tt_metal/hw/firmware/src/tt-1xx/ncrisc.cc,
3,4,2,NCRISC,16513,11019124111109,0,4099,,,NCRISC-KERNEL,ZONE_START,63,/home/ekaterina_kuzmina1/tenstorrent/.venv/lib/python3.10/site-packages/ttnn/tt_metal/hw/firmware/src/tt-1xx/ncrisck.cc,
3,4,2,NCRISC,16513,11019124274519,0,4099,,,NCRISC-KERNEL,ZONE_END,63,/home/ekaterina_kuzmina1/tenstorrent/.venv/lib/python3.10/site-packages/ttnn/tt_metal/hw/firmware/src/tt-1xx/ncrisck.cc,
3,4,2,NCRISC,12030,11019124274642,0,4099,,,NCRISC-FW,ZONE_END,123,/home/ekaterina_kuzmina1/tenstorrent/.venv/lib/python3.10/site-packages/ttnn/tt_metal/hw/firmware/src/tt-1xx/ncrisc.cc,
3,4,2,TRISC_0,8413,11018334782026,0,2051,,,TRISC-FW,ZONE_START,136,/home/ekaterina_kuzmina1/tenstorrent/.venv/lib/python3.10/site-packages/ttnn/tt_metal/hw/firmware/src/tt-1xx/trisc.cc,
3,4,2,TRISC_0,360,11018334782555,0,2051,,,TRISC-KERNEL,ZONE_START,62,/home/ekaterina_kuzmina1/tenstorrent/.venv/lib/python3.10/site-packages/ttnn/tt_metal/hw/firmware/src/tt-1xx/trisck.cc,
3,4,2,TRISC_0,360,11018335290895,0,2051,,,TRISC-KERNEL,ZONE_END,62,/home/ekaterina_kuzmina1/tenstorrent/.venv/lib/python3.10/site-packages/ttnn/tt_metal/hw/firmware/src/tt-1xx/trisck.cc,
3,4,2,TRISC_0,8413,11018335291630,0,2051,,,TRISC-FW,ZONE_END,136,/home/ekaterina_kuzmina1/tenstorrent/.venv/lib/python3.10/site-packages/ttnn/tt_metal/hw/firmware/src/tt-1xx/trisc.cc,
3,4,2,TRISC_0,8413,11019124110506,0,4099,,,TRISC-FW,ZONE_START,136,/home/ekaterina_kuzmina1/tenstorrent/.venv/lib/python3.10/site-packages/ttnn/tt_metal/hw/firmware/src/tt-1xx/trisc.cc,
3,4,2,TRISC_0,360,11019124110839,0,4099,,,TRISC-KERNEL,ZONE_START,62,/home/ekaterina_kuzmina1/tenstorrent/.venv/lib/python3.10/site-packages/ttnn/tt_metal/hw/firmware/src/tt-1xx/trisck.cc,
3,4,2,TRISC_0,360,11019124274550,0,4099,,,TRISC-KERNEL,ZONE_END,62,/home/ekaterina_kuzmina1/tenstorrent/.venv/lib/python3.10/site-packages/ttnn/tt_metal/hw/firmware/src/tt-1xx/trisck.cc,
3,4,2,TRISC_0,8413,11019124274593,0,4099,,,TRISC-FW,ZONE_END,136,/home/ekaterina_kuzmina1/tenstorrent/.venv/lib/python3.10/site-packages/ttnn/tt_metal/hw/firmware/src/tt-1xx/trisc.cc,
3,4,2,TRISC_1,8413,11018334782020,0,2051,,,TRISC-FW,ZONE_START,136,/home/ekaterina_kuzmina1/tenstorrent/.venv/lib/python3.10/site-packages/ttnn/tt_metal/hw/firmware/src/tt-1xx/trisc.cc,
3,4,2,TRISC_1,360,11018334782564,0,2051,,,TRISC-KERNEL,ZONE_START,62,/home/ekaterina_kuzmina1/tenstorrent/.venv/lib/python3.10/site-packages/ttnn/tt_metal/hw/firmware/src/tt-1xx/trisck.cc,
3,4,2,TRISC_1,360,11018335291684,0,2051,,,TRISC-KERNEL,ZONE_END,62,/home/ekaterina_kuzmina1/tenstorrent/.venv/lib/python3.10/site-packages/ttnn/tt_metal/hw/firmware/src/tt-1xx/trisck.cc,
3,4,2,TRISC_1,8413,11018335291742,0,2051,,,TRISC-FW,ZONE_END,136,/home/ekaterina_kuzmina1/tenstorrent/.venv/lib/python3.10/site-packages/ttnn/tt_metal/hw/firmware/src/tt-1xx/trisc.cc,
3,4,2,TRISC_1,8413,11019124110503,0,4099,,,TRISC-FW,ZONE_START,136,/home/ekaterina_kuzmina1/tenstorrent/.venv/lib/python3.10/site-packages/ttnn/tt_metal/hw/firmware/src/tt-1xx/trisc.cc,
3,4,2,TRISC_1,360,11019124110768,0,4099,,,TRISC-KERNEL,ZONE_START,62,/home/ekaterina_kuzmina1/tenstorrent/.venv/lib/python3.10/site-packages/ttnn/tt_metal/hw/firmware/src/tt-1xx/trisck.cc,
3,4,2,TRISC_1,360,11019124272788,0,4099,,,TRISC-KERNEL,ZONE_END,62,/home/ekaterina_kuzmina1/tenstorrent/.venv/lib/python3.10/site-packages/ttnn/tt_metal/hw/firmware/src/tt-1xx/trisck.cc,
3,4,2,TRISC_1,8413,11019124274582,0,4099,,,TRISC-FW,ZONE_END,136,/home/ekaterina_kuzmina1/tenstorrent/.venv/lib/python3.10/site-packages/ttnn/tt_metal/hw/firmware/src/tt-1xx/trisc.cc,
3,4,2,TRISC_2,8413,11018334782036,0,2051,,,TRISC-FW,ZONE_START,136,/home/ekaterina_kuzmina1/tenstorrent/.venv/lib/python3.10/site-packages/ttnn/tt_metal/hw/firmware/src/tt-1xx/trisc.cc,
3,4,2,TRISC_2,360,11018334782554,0,2051,,,TRISC-KERNEL,ZONE_START,62,/home/ekaterina_kuzmina1/tenstorrent/.venv/lib/python3.10/site-packages/ttnn/tt_metal/hw/firmware/src/tt-1xx/trisck.cc,
3,4,2,TRISC_2,360,11018335291802,0,2051,,,TRISC-KERNEL,ZONE_END,62,/home/ekaterina_kuzmina1/tenstorrent/.venv/lib/python3.10/site-packages/ttnn/tt_metal/hw/firmware/src/tt-1xx/trisck.cc,
3,4,2,TRISC_2,8413,11018335292025,0,2051,,,TRISC-FW,ZONE_END,136,/home/ekaterina_kuzmina1/tenstorrent/.venv/lib/python3.10/site-packages/ttnn/tt_metal/hw/firmware/src/tt-1xx/trisc.cc,
3,4,2,TRISC_2,8413,11019124110516,0,4099,,,TRISC-FW,ZONE_START,136,/home/ekaterina_kuzmina1/tenstorrent/.venv/lib/python3.10/site-packages/ttnn/tt_metal/hw/firmware/src/tt-1xx/trisc.cc,
3,4,2,TRISC_2,360,11019124110834,0,4099,,,TRISC-KERNEL,ZONE_START,62,/home/ekaterina_kuzmina1/tenstorrent/.venv/lib/python3.10/site-packages/ttnn/tt_metal/hw/firmware/src/tt-1xx/trisck.cc,
3,4,2,TRISC_2,360,11019124273715,0,4099,,,TRISC-KERNEL,ZONE_END,62,/home/ekaterina_kuzmina1/tenstorrent/.venv/lib/python3.10/site-packages/ttnn/tt_metal/hw/firmware/src/tt-1xx/trisck.cc,
3,4,2,TRISC_2,8413,11019124274698,0,4099,,,TRISC-FW,ZONE_END,136,/home/ekaterina_kuzmina1/tenstorrent/.venv/lib/python3.10/site-packages/ttnn/tt_metal/hw/firmware/src/tt-1xx/trisc.cc,
3,4,3,BRISC,61457,11018334781725,0,2051,,,BRISC-FW,ZONE_START,412,/home/ekaterina_kuzmina1/tenstorrent/.venv/lib/python3.10/site-packages/ttnn/tt_metal/hw/firmware/src/tt-1xx/brisc.cc,
3,4,3,BRISC,63326,11018334782541,0,2051,,,BRISC-KERNEL,ZONE_START,64,/home/ekaterina_kuzmina1/tenstorrent/.venv/lib/python3.10/site-packages/ttnn/tt_metal/hw/firmware/src/tt-1xx/brisck.cc,
3,4,3,BRISC,63326,11018335367298,0,2051,,,BRISC-KERNEL,ZONE_END,64,/home/ekaterina_kuzmina1/tenstorrent/.venv/lib/python3.10/site-packages/ttnn/tt_metal/hw/firmware/src/tt-1xx/brisck.cc,
3,4,3,BRISC,61457,11018335367483,0,2051,,,BRISC-FW,ZONE_END,412,/home/ekaterina_kuzmina1/tenstorrent/.venv/lib/python3.10/site-packages/ttnn/tt_metal/hw/firmware/src/tt-1xx/brisc.cc,
3,4,3,BRISC,61457,11018391680636,0,3075,,,BRISC-FW,ZONE_START,412,/home/ekaterina_kuzmina1/tenstorrent/.venv/lib/python3.10/site-packages/ttnn/tt_metal/hw/firmware/src/tt-1xx/brisc.cc,
3,4,3,BRISC,63326,11018391681351,0,3075,,,BRISC-KERNEL,ZONE_START,64,/home/ekaterina_kuzmina1/tenstorrent/.venv/lib/python3.10/site-packages/ttnn/tt_metal/hw/firmware/src/tt-1xx/brisck.cc,
3,4,3,BRISC,63326,11018392293281,0,3075,,,BRISC-KERNEL,ZONE_END,64,/home/ekaterina_kuzmina1/tenstorrent/.venv/lib/python3.10/site-packages/ttnn/tt_metal/hw/firmware/src/tt-1xx/brisck.cc,
3,4,3,BRISC,61457,11018392293458,0,3075,,,BRISC-FW,ZONE_END,412,/home/ekaterina_kuzmina1/tenstorrent/.venv/lib/python3.10/site-packages/ttnn/tt_metal/hw/firmware/src/tt-1xx/brisc.cc,
3,4,3,BRISC,61457,11019124110246,0,4099,,,BRISC-FW,ZONE_START,412,/home/ekaterina_kuzmina1/tenstorrent/.venv/lib/python3.10/site-packages/ttnn/tt_metal/hw/firmware/src/tt-1xx/brisc.cc,
3,4,3,BRISC,63326,11019124111125,0,4099,,,BRISC-KERNEL,ZONE_START,64,/home/ekaterina_kuzmina1/tenstorrent/.venv/lib/python3.10/site-packages/ttnn/tt_metal/hw/firmware/src/tt-1xx/brisck.cc,
3,4,3,BRISC,63326,11019124273306,0,4099,,,BRISC-KERNEL,ZONE_END,64,/home/ekaterina_kuzmina1/tenstorrent/.venv/lib/python3.10/site-packages/ttnn/tt_metal/hw/firmware/src/tt-1xx/brisck.cc,
3,4,3,BRISC,61457,11019124273484,0,4099,,,BRISC-FW,ZONE_END,412,/home/ekaterina_kuzmina1/tenstorrent/.venv/lib/python3.10/site-packages/ttnn/tt_metal/hw/firmware/src/tt-1xx/brisc.cc,
3,4,3,NCRISC,12030,11018334781875,0,2051,,,NCRISC-FW,ZONE_START,123,/home/ekaterina_kuzmina1/tenstorrent/.venv/lib/python3.10/site-packages/ttnn/tt_metal/hw/firmware/src/tt-1xx/ncrisc.cc,
3,4,3,NCRISC,16513,11018334782544,0,2051,,,NCRISC-KERNEL,ZONE_START,63,/home/ekaterina_kuzmina1/tenstorrent/.venv/lib/python3.10/site-packages/ttnn/tt_metal/hw/firmware/src/tt-1xx/ncrisck.cc,
3,4,3,NCRISC,16513,11018335287973,0,2051,,,NCRISC-KERNEL,ZONE_END,63,/home/ekaterina_kuzmina1/tenstorrent/.venv/lib/python3.10/site-packages/ttnn/tt_metal/hw/firmware/src/tt-1xx/ncrisck.cc,
3,4,3,NCRISC,12030,11018335288089,0,2051,,,NCRISC-FW,ZONE_END,123,/home/ekaterina_kuzmina1/tenstorrent/.venv/lib/python3.10/site-packages/ttnn/tt_metal/hw/firmware/src/tt-1xx/ncrisc.cc,
3,4,3,NCRISC,12030,11018391680783,0,3075,,,NCRISC-FW,ZONE_START,123,/home/ekaterina_kuzmina1/tenstorrent/.venv/lib/python3.10/site-packages/ttnn/tt_metal/hw/firmware/src/tt-1xx/ncrisc.cc,
3,4,3,NCRISC,16513,11018391681324,0,3075,,,NCRISC-KERNEL,ZONE_START,63,/home/ekaterina_kuzmina1/tenstorrent/.venv/lib/python3.10/site-packages/ttnn/tt_metal/hw/firmware/src/tt-1xx/ncrisck.cc,
3,4,3,NCRISC,16513,11018392290886,0,3075,,,NCRISC-KERNEL,ZONE_END,63,/home/ekaterina_kuzmina1/tenstorrent/.venv/lib/python3.10/site-packages/ttnn/tt_metal/hw/firmware/src/tt-1xx/ncrisck.cc,
3,4,3,NCRISC,12030,11018392291000,0,3075,,,NCRISC-FW,ZONE_END,123,/home/ekaterina_kuzmina1/tenstorrent/.venv/lib/python3.10/site-packages/ttnn/tt_metal/hw/firmware/src/tt-1xx/ncrisc.cc,
3,4,3,NCRISC,12030,11019124110392,0,4099,,,NCRISC-FW,ZONE_START,123,/home/ekaterina_kuzmina1/tenstorrent/.venv/lib/python3.10/site-packages/ttnn/tt_metal/hw/firmware/src/tt-1xx/ncrisc.cc,
3,4,3,NCRISC,16513,11019124111108,0,4099,,,NCRISC-KERNEL,ZONE_START,63,/home/ekaterina_kuzmina1/tenstorrent/.venv/lib/python3.10/site-packages/ttnn/tt_metal/hw/firmware/src/tt-1xx/ncrisck.cc,
3,4,3,NCRISC,16513,11019124272171,0,4099,,,NCRISC-KERNEL,ZONE_END,63,/home/ekaterina_kuzmina1/tenstorrent/.venv/lib/python3.10/site-packages/ttnn/tt_metal/hw/firmware/src/tt-1xx/ncrisck.cc,
3,4,3,NCRISC,12030,11019124272306,0,4099,,,NCRISC-FW,ZONE_END,123,/home/ekaterina_kuzmina1/tenstorrent/.venv/lib/python3.10/site-packages/ttnn/tt_metal/hw/firmware/src/tt-1xx/ncrisc.cc,
3,4,3,TRISC_0,8413,11018334781979,0,2051,,,TRISC-FW,ZONE_START,136,/home/ekaterina_kuzmina1/tenstorrent/.venv/lib/python3.10/site-packages/ttnn/tt_metal/hw/firmware/src/tt-1xx/trisc.cc,
3,4,3,TRISC_0,360,11018334782545,0,2051,,,TRISC-KERNEL,ZONE_START,62,/home/ekaterina_kuzmina1/tenstorrent/.venv/lib/python3.10/site-packages/ttnn/tt_metal/hw/firmware/src/tt-1xx/trisck.cc,
3,4,3,TRISC_0,360,11018335292702,0,2051,,,TRISC-KERNEL,ZONE_END,62,/home/ekaterina_kuzmina1/tenstorrent/.venv/lib/python3.10/site-packages/ttnn/tt_metal/hw/firmware/src/tt-1xx/trisck.cc,
3,4,3,TRISC_0,8413,11018335293450,0,2051,,,TRISC-FW,ZONE_END,136,/home/ekaterina_kuzmina1/tenstorrent/.venv/lib/python3.10/site-packages/ttnn/tt_metal/hw/firmware/src/tt-1xx/trisc.cc,
3,4,3,TRISC_0,8413,11019124110502,0,4099,,,TRISC-FW,ZONE_START,136,/home/ekaterina_kuzmina1/tenstorrent/.venv/lib/python3.10/site-packages/ttnn/tt_metal/hw/firmware/src/tt-1xx/trisc.cc,
3,4,3,TRISC_0,360,11019124110845,0,4099,,,TRISC-KERNEL,ZONE_START,62,/home/ekaterina_kuzmina1/tenstorrent/.venv/lib/python3.10/site-packages/ttnn/tt_metal/hw/firmware/src/tt-1xx/trisck.cc,
3,4,3,TRISC_0,360,11019124272203,0,4099,,,TRISC-KERNEL,ZONE_END,62,/home/ekaterina_kuzmina1/tenstorrent/.venv/lib/python3.10/site-packages/ttnn/tt_metal/hw/firmware/src/tt-1xx/trisck.cc,
3,4,3,TRISC_0,8413,11019124272246,0,4099,,,TRISC-FW,ZONE_END,136,/home/ekaterina_kuzmina1/tenstorrent/.venv/lib/python3.10/site-packages/ttnn/tt_metal/hw/firmware/src/tt-1xx/trisc.cc,
3,4,3,TRISC_1,8413,11018334781972,0,2051,,,TRISC-FW,ZONE_START,136,/home/ekaterina_kuzmina1/tenstorrent/.venv/lib/python3.10/site-packages/ttnn/tt_metal/hw/firmware/src/tt-1xx/trisc.cc,
3,4,3,TRISC_1,360,11018334782546,0,2051,,,TRISC-KERNEL,ZONE_START,62,/home/ekaterina_kuzmina1/tenstorrent/.venv/lib/python3.10/site-packages/ttnn/tt_metal/hw/firmware/src/tt-1xx/trisck.cc,
3,4,3,TRISC_1,360,11018335293504,0,2051,,,TRISC-KERNEL,ZONE_END,62,/home/ekaterina_kuzmina1/tenstorrent/.venv/lib/python3.10/site-packages/ttnn/tt_metal/hw/firmware/src/tt-1xx/trisck.cc,
3,4,3,TRISC_1,8413,11018335293560,0,2051,,,TRISC-FW,ZONE_END,136,/home/ekaterina_kuzmina1/tenstorrent/.venv/lib/python3.10/site-packages/ttnn/tt_metal/hw/firmware/src/tt-1xx/trisc.cc,
3,4,3,TRISC_1,8413,11019124110499,0,4099,,,TRISC-FW,ZONE_START,136,/home/ekaterina_kuzmina1/tenstorrent/.venv/lib/python3.10/site-packages/ttnn/tt_metal/hw/firmware/src/tt-1xx/trisc.cc,
3,4,3,TRISC_1,360,11019124110759,0,4099,,,TRISC-KERNEL,ZONE_START,62,/home/ekaterina_kuzmina1/tenstorrent/.venv/lib/python3.10/site-packages/ttnn/tt_metal/hw/firmware/src/tt-1xx/trisck.cc,
3,4,3,TRISC_1,360,11019124270830,0,4099,,,TRISC-KERNEL,ZONE_END,62,/home/ekaterina_kuzmina1/tenstorrent/.venv/lib/python3.10/site-packages/ttnn/tt_metal/hw/firmware/src/tt-1xx/trisck.cc,
3,4,3,TRISC_1,8413,11019124272225,0,4099,,,TRISC-FW,ZONE_END,136,/home/ekaterina_kuzmina1/tenstorrent/.venv/lib/python3.10/site-packages/ttnn/tt_metal/hw/firmware/src/tt-1xx/trisc.cc,
3,4,3,TRISC_2,8413,11018334781975,0,2051,,,TRISC-FW,ZONE_START,136,/home/ekaterina_kuzmina1/tenstorrent/.venv/lib/python3.10/site-packages/ttnn/tt_metal/hw/firmware/src/tt-1xx/trisc.cc,
3,4,3,TRISC_2,360,11018334782547,0,2051,,,TRISC-KERNEL,ZONE_START,62,/home/ekaterina_kuzmina1/tenstorrent/.venv/lib/python3.10/site-packages/ttnn/tt_metal/hw/firmware/src/tt-1xx/trisck.cc,
3,4,3,TRISC_2,360,11018335293619,0,2051,,,TRISC-KERNEL,ZONE_END,62,/home/ekaterina_kuzmina1/tenstorrent/.venv/lib/python3.10/site-packages/ttnn/tt_metal/hw/firmware/src/tt-1xx/trisck.cc,
3,4,3,TRISC_2,8413,11018335293855,0,2051,,,TRISC-FW,ZONE_END,136,/home/ekaterina_kuzmina1/tenstorrent/.venv/lib/python3.10/site-packages/ttnn/tt_metal/hw/firmware/src/tt-1xx/trisc.cc,
3,4,3,TRISC_2,8413,11019124110512,0,4099,,,TRISC-FW,ZONE_START,136,/home/ekaterina_kuzmina1/tenstorrent/.venv/lib/python3.10/site-packages/ttnn/tt_metal/hw/firmware/src/tt-1xx/trisc.cc,
3,4,3,TRISC_2,360,11019124110838,0,4099,,,TRISC-KERNEL,ZONE_START,62,/home/ekaterina_kuzmina1/tenstorrent/.venv/lib/python3.10/site-packages/ttnn/tt_metal/hw/firmware/src/tt-1xx/trisck.cc,
3,4,3,TRISC_2,360,11019124271767,0,4099,,,TRISC-KERNEL,ZONE_END,62,/home/ekaterina_kuzmina1/tenstorrent/.venv/lib/python3.10/site-packages/ttnn/tt_metal/hw/firmware/src/tt-1xx/trisck.cc,
3,4,3,TRISC_2,8413,11019124272334,0,4099,,,TRISC-FW,ZONE_END,136,/home/ekaterina_kuzmina1/tenstorrent/.venv/lib/python3.10/site-packages/ttnn/tt_metal/hw/firmware/src/tt-1xx/trisc.cc,
3,4,4,BRISC,61457,11018334781745,0,2051,,,BRISC-FW,ZONE_START,412,/home/ekaterina_kuzmina1/tenstorrent/.venv/lib/python3.10/site-packages/ttnn/tt_metal/hw/firmware/src/tt-1xx/brisc.cc,
3,4,4,BRISC,63326,11018334782535,0,2051,,,BRISC-KERNEL,ZONE_START,64,/home/ekaterina_kuzmina1/tenstorrent/.venv/lib/python3.10/site-packages/ttnn/tt_metal/hw/firmware/src/tt-1xx/brisck.cc,
3,4,4,BRISC,63326,11018335352740,0,2051,,,BRISC-KERNEL,ZONE_END,64,/home/ekaterina_kuzmina1/tenstorrent/.venv/lib/python3.10/site-packages/ttnn/tt_metal/hw/firmware/src/tt-1xx/brisck.cc,
3,4,4,BRISC,61457,11018335352923,0,2051,,,BRISC-FW,ZONE_END,412,/home/ekaterina_kuzmina1/tenstorrent/.venv/lib/python3.10/site-packages/ttnn/tt_metal/hw/firmware/src/tt-1xx/brisc.cc,
3,4,4,BRISC,61457,11018391680660,0,3075,,,BRISC-FW,ZONE_START,412,/home/ekaterina_kuzmina1/tenstorrent/.venv/lib/python3.10/site-packages/ttnn/tt_metal/hw/firmware/src/tt-1xx/brisc.cc,
3,4,4,BRISC,63326,11018391681359,0,3075,,,BRISC-KERNEL,ZONE_START,64,/home/ekaterina_kuzmina1/tenstorrent/.venv/lib/python3.10/site-packages/ttnn/tt_metal/hw/firmware/src/tt-1xx/brisck.cc,
3,4,4,BRISC,63326,11018392293461,0,3075,,,BRISC-KERNEL,ZONE_END,64,/home/ekaterina_kuzmina1/tenstorrent/.venv/lib/python3.10/site-packages/ttnn/tt_metal/hw/firmware/src/tt-1xx/brisck.cc,
3,4,4,BRISC,61457,11018392293641,0,3075,,,BRISC-FW,ZONE_END,412,/home/ekaterina_kuzmina1/tenstorrent/.venv/lib/python3.10/site-packages/ttnn/tt_metal/hw/firmware/src/tt-1xx/brisc.cc,
3,4,4,BRISC,61457,11019124110287,0,4099,,,BRISC-FW,ZONE_START,412,/home/ekaterina_kuzmina1/tenstorrent/.venv/lib/python3.10/site-packages/ttnn/tt_metal/hw/firmware/src/tt-1xx/brisc.cc,
3,4,4,BRISC,63326,11019124111145,0,4099,,,BRISC-KERNEL,ZONE_START,64,/home/ekaterina_kuzmina1/tenstorrent/.venv/lib/python3.10/site-packages/ttnn/tt_metal/hw/firmware/src/tt-1xx/brisck.cc,
3,4,4,BRISC,63326,11019124275865,0,4099,,,BRISC-KERNEL,ZONE_END,64,/home/ekaterina_kuzmina1/tenstorrent/.venv/lib/python3.10/site-packages/ttnn/tt_metal/hw/firmware/src/tt-1xx/brisck.cc,
3,4,4,BRISC,61457,11019124276047,0,4099,,,BRISC-FW,ZONE_END,412,/home/ekaterina_kuzmina1/tenstorrent/.venv/lib/python3.10/site-packages/ttnn/tt_metal/hw/firmware/src/tt-1xx/brisc.cc,
3,4,4,NCRISC,12030,11018334781898,0,2051,,,NCRISC-FW,ZONE_START,123,/home/ekaterina_kuzmina1/tenstorrent/.venv/lib/python3.10/site-packages/ttnn/tt_metal/hw/firmware/src/tt-1xx/ncrisc.cc,
3,4,4,NCRISC,16513,11018334782527,0,2051,,,NCRISC-KERNEL,ZONE_START,63,/home/ekaterina_kuzmina1/tenstorrent/.venv/lib/python3.10/site-packages/ttnn/tt_metal/hw/firmware/src/tt-1xx/ncrisck.cc,
3,4,4,NCRISC,16513,11018335288642,0,2051,,,NCRISC-KERNEL,ZONE_END,63,/home/ekaterina_kuzmina1/tenstorrent/.venv/lib/python3.10/site-packages/ttnn/tt_metal/hw/firmware/src/tt-1xx/ncrisck.cc,
3,4,4,NCRISC,12030,11018335288758,0,2051,,,NCRISC-FW,ZONE_END,123,/home/ekaterina_kuzmina1/tenstorrent/.venv/lib/python3.10/site-packages/ttnn/tt_metal/hw/firmware/src/tt-1xx/ncrisc.cc,
3,4,4,NCRISC,12030,11018391680807,0,3075,,,NCRISC-FW,ZONE_START,123,/home/ekaterina_kuzmina1/tenstorrent/.venv/lib/python3.10/site-packages/ttnn/tt_metal/hw/firmware/src/tt-1xx/ncrisc.cc,
3,4,4,NCRISC,16513,11018391681331,0,3075,,,NCRISC-KERNEL,ZONE_START,63,/home/ekaterina_kuzmina1/tenstorrent/.venv/lib/python3.10/site-packages/ttnn/tt_metal/hw/firmware/src/tt-1xx/ncrisck.cc,
3,4,4,NCRISC,16513,11018392291021,0,3075,,,NCRISC-KERNEL,ZONE_END,63,/home/ekaterina_kuzmina1/tenstorrent/.venv/lib/python3.10/site-packages/ttnn/tt_metal/hw/firmware/src/tt-1xx/ncrisck.cc,
3,4,4,NCRISC,12030,11018392291138,0,3075,,,NCRISC-FW,ZONE_END,123,/home/ekaterina_kuzmina1/tenstorrent/.venv/lib/python3.10/site-packages/ttnn/tt_metal/hw/firmware/src/tt-1xx/ncrisc.cc,
3,4,4,NCRISC,12030,11019124110437,0,4099,,,NCRISC-FW,ZONE_START,123,/home/ekaterina_kuzmina1/tenstorrent/.venv/lib/python3.10/site-packages/ttnn/tt_metal/hw/firmware/src/tt-1xx/ncrisc.cc,
3,4,4,NCRISC,16513,11019124111127,0,4099,,,NCRISC-KERNEL,ZONE_START,63,/home/ekaterina_kuzmina1/tenstorrent/.venv/lib/python3.10/site-packages/ttnn/tt_metal/hw/firmware/src/tt-1xx/ncrisck.cc,
3,4,4,NCRISC,16513,11019124274969,0,4099,,,NCRISC-KERNEL,ZONE_END,63,/home/ekaterina_kuzmina1/tenstorrent/.venv/lib/python3.10/site-packages/ttnn/tt_metal/hw/firmware/src/tt-1xx/ncrisck.cc,
3,4,4,NCRISC,12030,11019124275103,0,4099,,,NCRISC-FW,ZONE_END,123,/home/ekaterina_kuzmina1/tenstorrent/.venv/lib/python3.10/site-packages/ttnn/tt_metal/hw/firmware/src/tt-1xx/ncrisc.cc,
3,4,4,TRISC_0,8413,11018334781991,0,2051,,,TRISC-FW,ZONE_START,136,/home/ekaterina_kuzmina1/tenstorrent/.venv/lib/python3.10/site-packages/ttnn/tt_metal/hw/firmware/src/tt-1xx/trisc.cc,
3,4,4,TRISC_0,360,11018334782536,0,2051,,,TRISC-KERNEL,ZONE_START,62,/home/ekaterina_kuzmina1/tenstorrent/.venv/lib/python3.10/site-packages/ttnn/tt_metal/hw/firmware/src/tt-1xx/trisck.cc,
3,4,4,TRISC_0,360,11018335293366,0,2051,,,TRISC-KERNEL,ZONE_END,62,/home/ekaterina_kuzmina1/tenstorrent/.venv/lib/python3.10/site-packages/ttnn/tt_metal/hw/firmware/src/tt-1xx/trisck.cc,
3,4,4,TRISC_0,8413,11018335294097,0,2051,,,TRISC-FW,ZONE_END,136,/home/ekaterina_kuzmina1/tenstorrent/.venv/lib/python3.10/site-packages/ttnn/tt_metal/hw/firmware/src/tt-1xx/trisc.cc,
3,4,4,TRISC_0,8413,11019124110534,0,4099,,,TRISC-FW,ZONE_START,136,/home/ekaterina_kuzmina1/tenstorrent/.venv/lib/python3.10/site-packages/ttnn/tt_metal/hw/firmware/src/tt-1xx/trisc.cc,
3,4,4,TRISC_0,360,11019124110875,0,4099,,,TRISC-KERNEL,ZONE_START,62,/home/ekaterina_kuzmina1/tenstorrent/.venv/lib/python3.10/site-packages/ttnn/tt_metal/hw/firmware/src/tt-1xx/trisck.cc,
3,4,4,TRISC_0,360,11019124275000,0,4099,,,TRISC-KERNEL,ZONE_END,62,/home/ekaterina_kuzmina1/tenstorrent/.venv/lib/python3.10/site-packages/ttnn/tt_metal/hw/firmware/src/tt-1xx/trisck.cc,
3,4,4,TRISC_0,8413,11019124275043,0,4099,,,TRISC-FW,ZONE_END,136,/home/ekaterina_kuzmina1/tenstorrent/.venv/lib/python3.10/site-packages/ttnn/tt_metal/hw/firmware/src/tt-1xx/trisc.cc,
3,4,4,TRISC_1,8413,11018334781983,0,2051,,,TRISC-FW,ZONE_START,136,/home/ekaterina_kuzmina1/tenstorrent/.venv/lib/python3.10/site-packages/ttnn/tt_metal/hw/firmware/src/tt-1xx/trisc.cc,
3,4,4,TRISC_1,360,11018334782537,0,2051,,,TRISC-KERNEL,ZONE_START,62,/home/ekaterina_kuzmina1/tenstorrent/.venv/lib/python3.10/site-packages/ttnn/tt_metal/hw/firmware/src/tt-1xx/trisck.cc,
3,4,4,TRISC_1,360,11018335294151,0,2051,,,TRISC-KERNEL,ZONE_END,62,/home/ekaterina_kuzmina1/tenstorrent/.venv/lib/python3.10/site-packages/ttnn/tt_metal/hw/firmware/src/tt-1xx/trisck.cc,
3,4,4,TRISC_1,8413,11018335294211,0,2051,,,TRISC-FW,ZONE_END,136,/home/ekaterina_kuzmina1/tenstorrent/.venv/lib/python3.10/site-packages/ttnn/tt_metal/hw/firmware/src/tt-1xx/trisc.cc,
3,4,4,TRISC_1,8413,11019124110527,0,4099,,,TRISC-FW,ZONE_START,136,/home/ekaterina_kuzmina1/tenstorrent/.venv/lib/python3.10/site-packages/ttnn/tt_metal/hw/firmware/src/tt-1xx/trisc.cc,
3,4,4,TRISC_1,360,11019124110750,0,4099,,,TRISC-KERNEL,ZONE_START,62,/home/ekaterina_kuzmina1/tenstorrent/.venv/lib/python3.10/site-packages/ttnn/tt_metal/hw/firmware/src/tt-1xx/trisck.cc,
3,4,4,TRISC_1,360,11019124273422,0,4099,,,TRISC-KERNEL,ZONE_END,62,/home/ekaterina_kuzmina1/tenstorrent/.venv/lib/python3.10/site-packages/ttnn/tt_metal/hw/firmware/src/tt-1xx/trisck.cc,
3,4,4,TRISC_1,8413,11019124275023,0,4099,,,TRISC-FW,ZONE_END,136,/home/ekaterina_kuzmina1/tenstorrent/.venv/lib/python3.10/site-packages/ttnn/tt_metal/hw/firmware/src/tt-1xx/trisc.cc,
3,4,4,TRISC_2,8413,11018334781996,0,2051,,,TRISC-FW,ZONE_START,136,/home/ekaterina_kuzmina1/tenstorrent/.venv/lib/python3.10/site-packages/ttnn/tt_metal/hw/firmware/src/tt-1xx/trisc.cc,
3,4,4,TRISC_2,360,11018334782538,0,2051,,,TRISC-KERNEL,ZONE_START,62,/home/ekaterina_kuzmina1/tenstorrent/.venv/lib/python3.10/site-packages/ttnn/tt_metal/hw/firmware/src/tt-1xx/trisck.cc,
3,4,4,TRISC_2,360,11018335294268,0,2051,,,TRISC-KERNEL,ZONE_END,62,/home/ekaterina_kuzmina1/tenstorrent/.venv/lib/python3.10/site-packages/ttnn/tt_metal/hw/firmware/src/tt-1xx/trisck.cc,
3,4,4,TRISC_2,8413,11018335294501,0,2051,,,TRISC-FW,ZONE_END,136,/home/ekaterina_kuzmina1/tenstorrent/.venv/lib/python3.10/site-packages/ttnn/tt_metal/hw/firmware/src/tt-1xx/trisc.cc,
3,4,4,TRISC_2,8413,11019124110540,0,4099,,,TRISC-FW,ZONE_START,136,/home/ekaterina_kuzmina1/tenstorrent/.venv/lib/python3.10/site-packages/ttnn/tt_metal/hw/firmware/src/tt-1xx/trisc.cc,
3,4,4,TRISC_2,360,11019124110868,0,4099,,,TRISC-KERNEL,ZONE_START,62,/home/ekaterina_kuzmina1/tenstorrent/.venv/lib/python3.10/site-packages/ttnn/tt_metal/hw/firmware/src/tt-1xx/trisck.cc,
3,4,4,TRISC_2,360,11019124274623,0,4099,,,TRISC-KERNEL,ZONE_END,62,/home/ekaterina_kuzmina1/tenstorrent/.venv/lib/python3.10/site-packages/ttnn/tt_metal/hw/firmware/src/tt-1xx/trisck.cc,
3,4,4,TRISC_2,8413,11019124275131,0,4099,,,TRISC-FW,ZONE_END,136,/home/ekaterina_kuzmina1/tenstorrent/.venv/lib/python3.10/site-packages/ttnn/tt_metal/hw/firmware/src/tt-1xx/trisc.cc,
3,4,5,BRISC,61457,11018334781739,0,2051,,,BRISC-FW,ZONE_START,412,/home/ekaterina_kuzmina1/tenstorrent/.venv/lib/python3.10/site-packages/ttnn/tt_metal/hw/firmware/src/tt-1xx/brisc.cc,
3,4,5,BRISC,63326,11018334782515,0,2051,,,BRISC-KERNEL,ZONE_START,64,/home/ekaterina_kuzmina1/tenstorrent/.venv/lib/python3.10/site-packages/ttnn/tt_metal/hw/firmware/src/tt-1xx/brisck.cc,
3,4,5,BRISC,63326,11018335335275,0,2051,,,BRISC-KERNEL,ZONE_END,64,/home/ekaterina_kuzmina1/tenstorrent/.venv/lib/python3.10/site-packages/ttnn/tt_metal/hw/firmware/src/tt-1xx/brisck.cc,
3,4,5,BRISC,61457,11018335335464,0,2051,,,BRISC-FW,ZONE_END,412,/home/ekaterina_kuzmina1/tenstorrent/.venv/lib/python3.10/site-packages/ttnn/tt_metal/hw/firmware/src/tt-1xx/brisc.cc,
3,4,5,BRISC,61457,11018391680661,0,3075,,,BRISC-FW,ZONE_START,412,/home/ekaterina_kuzmina1/tenstorrent/.venv/lib/python3.10/site-packages/ttnn/tt_metal/hw/firmware/src/tt-1xx/brisc.cc,
3,4,5,BRISC,63326,11018391681375,0,3075,,,BRISC-KERNEL,ZONE_START,64,/home/ekaterina_kuzmina1/tenstorrent/.venv/lib/python3.10/site-packages/ttnn/tt_metal/hw/firmware/src/tt-1xx/brisck.cc,
3,4,5,BRISC,63326,11018392285929,0,3075,,,BRISC-KERNEL,ZONE_END,64,/home/ekaterina_kuzmina1/tenstorrent/.venv/lib/python3.10/site-packages/ttnn/tt_metal/hw/firmware/src/tt-1xx/brisck.cc,
3,4,5,BRISC,61457,11018392286106,0,3075,,,BRISC-FW,ZONE_END,412,/home/ekaterina_kuzmina1/tenstorrent/.venv/lib/python3.10/site-packages/ttnn/tt_metal/hw/firmware/src/tt-1xx/brisc.cc,
3,4,5,BRISC,61457,11019124110251,0,4099,,,BRISC-FW,ZONE_START,412,/home/ekaterina_kuzmina1/tenstorrent/.venv/lib/python3.10/site-packages/ttnn/tt_metal/hw/firmware/src/tt-1xx/brisc.cc,
3,4,5,BRISC,63326,11019124111119,0,4099,,,BRISC-KERNEL,ZONE_START,64,/home/ekaterina_kuzmina1/tenstorrent/.venv/lib/python3.10/site-packages/ttnn/tt_metal/hw/firmware/src/tt-1xx/brisck.cc,
3,4,5,BRISC,63326,11019124273227,0,4099,,,BRISC-KERNEL,ZONE_END,64,/home/ekaterina_kuzmina1/tenstorrent/.venv/lib/python3.10/site-packages/ttnn/tt_metal/hw/firmware/src/tt-1xx/brisck.cc,
3,4,5,BRISC,61457,11019124273406,0,4099,,,BRISC-FW,ZONE_END,412,/home/ekaterina_kuzmina1/tenstorrent/.venv/lib/python3.10/site-packages/ttnn/tt_metal/hw/firmware/src/tt-1xx/brisc.cc,
3,4,5,NCRISC,12030,11018334781892,0,2051,,,NCRISC-FW,ZONE_START,123,/home/ekaterina_kuzmina1/tenstorrent/.venv/lib/python3.10/site-packages/ttnn/tt_metal/hw/firmware/src/tt-1xx/ncrisc.cc,
3,4,5,NCRISC,16513,11018334782520,0,2051,,,NCRISC-KERNEL,ZONE_START,63,/home/ekaterina_kuzmina1/tenstorrent/.venv/lib/python3.10/site-packages/ttnn/tt_metal/hw/firmware/src/tt-1xx/ncrisck.cc,
3,4,5,NCRISC,16513,11018335290614,0,2051,,,NCRISC-KERNEL,ZONE_END,63,/home/ekaterina_kuzmina1/tenstorrent/.venv/lib/python3.10/site-packages/ttnn/tt_metal/hw/firmware/src/tt-1xx/ncrisck.cc,
3,4,5,NCRISC,12030,11018335290729,0,2051,,,NCRISC-FW,ZONE_END,123,/home/ekaterina_kuzmina1/tenstorrent/.venv/lib/python3.10/site-packages/ttnn/tt_metal/hw/firmware/src/tt-1xx/ncrisc.cc,
3,4,5,NCRISC,12030,11018391680810,0,3075,,,NCRISC-FW,ZONE_START,123,/home/ekaterina_kuzmina1/tenstorrent/.venv/lib/python3.10/site-packages/ttnn/tt_metal/hw/firmware/src/tt-1xx/ncrisc.cc,
3,4,5,NCRISC,16513,11018391681348,0,3075,,,NCRISC-KERNEL,ZONE_START,63,/home/ekaterina_kuzmina1/tenstorrent/.venv/lib/python3.10/site-packages/ttnn/tt_metal/hw/firmware/src/tt-1xx/ncrisck.cc,
3,4,5,NCRISC,16513,11018392283482,0,3075,,,NCRISC-KERNEL,ZONE_END,63,/home/ekaterina_kuzmina1/tenstorrent/.venv/lib/python3.10/site-packages/ttnn/tt_metal/hw/firmware/src/tt-1xx/ncrisck.cc,
3,4,5,NCRISC,12030,11018392283599,0,3075,,,NCRISC-FW,ZONE_END,123,/home/ekaterina_kuzmina1/tenstorrent/.venv/lib/python3.10/site-packages/ttnn/tt_metal/hw/firmware/src/tt-1xx/ncrisc.cc,
3,4,5,NCRISC,12030,11019124110398,0,4099,,,NCRISC-FW,ZONE_START,123,/home/ekaterina_kuzmina1/tenstorrent/.venv/lib/python3.10/site-packages/ttnn/tt_metal/hw/firmware/src/tt-1xx/ncrisc.cc,
3,4,5,NCRISC,16513,11019124111102,0,4099,,,NCRISC-KERNEL,ZONE_START,63,/home/ekaterina_kuzmina1/tenstorrent/.venv/lib/python3.10/site-packages/ttnn/tt_metal/hw/firmware/src/tt-1xx/ncrisck.cc,
3,4,5,NCRISC,16513,11019124272059,0,4099,,,NCRISC-KERNEL,ZONE_END,63,/home/ekaterina_kuzmina1/tenstorrent/.venv/lib/python3.10/site-packages/ttnn/tt_metal/hw/firmware/src/tt-1xx/ncrisck.cc,
3,4,5,NCRISC,12030,11019124272190,0,4099,,,NCRISC-FW,ZONE_END,123,/home/ekaterina_kuzmina1/tenstorrent/.venv/lib/python3.10/site-packages/ttnn/tt_metal/hw/firmware/src/tt-1xx/ncrisc.cc,
3,4,5,TRISC_0,8413,11018334781980,0,2051,,,TRISC-FW,ZONE_START,136,/home/ekaterina_kuzmina1/tenstorrent/.venv/lib/python3.10/site-packages/ttnn/tt_metal/hw/firmware/src/tt-1xx/trisc.cc,
3,4,5,TRISC_0,360,11018334782522,0,2051,,,TRISC-KERNEL,ZONE_START,62,/home/ekaterina_kuzmina1/tenstorrent/.venv/lib/python3.10/site-packages/ttnn/tt_metal/hw/firmware/src/tt-1xx/trisck.cc,
3,4,5,TRISC_0,360,11018335295361,0,2051,,,TRISC-KERNEL,ZONE_END,62,/home/ekaterina_kuzmina1/tenstorrent/.venv/lib/python3.10/site-packages/ttnn/tt_metal/hw/firmware/src/tt-1xx/trisck.cc,
3,4,5,TRISC_0,8413,11018335296100,0,2051,,,TRISC-FW,ZONE_END,136,/home/ekaterina_kuzmina1/tenstorrent/.venv/lib/python3.10/site-packages/ttnn/tt_metal/hw/firmware/src/tt-1xx/trisc.cc,
3,4,5,TRISC_0,8413,11019124110503,0,4099,,,TRISC-FW,ZONE_START,136,/home/ekaterina_kuzmina1/tenstorrent/.venv/lib/python3.10/site-packages/ttnn/tt_metal/hw/firmware/src/tt-1xx/trisc.cc,
3,4,5,TRISC_0,360,11019124110842,0,4099,,,TRISC-KERNEL,ZONE_START,62,/home/ekaterina_kuzmina1/tenstorrent/.venv/lib/python3.10/site-packages/ttnn/tt_metal/hw/firmware/src/tt-1xx/trisck.cc,
3,4,5,TRISC_0,360,11019124272097,0,4099,,,TRISC-KERNEL,ZONE_END,62,/home/ekaterina_kuzmina1/tenstorrent/.venv/lib/python3.10/site-packages/ttnn/tt_metal/hw/firmware/src/tt-1xx/trisck.cc,
3,4,5,TRISC_0,8413,11019124272148,0,4099,,,TRISC-FW,ZONE_END,136,/home/ekaterina_kuzmina1/tenstorrent/.venv/lib/python3.10/site-packages/ttnn/tt_metal/hw/firmware/src/tt-1xx/trisc.cc,
3,4,5,TRISC_1,8413,11018334781989,0,2051,,,TRISC-FW,ZONE_START,136,/home/ekaterina_kuzmina1/tenstorrent/.venv/lib/python3.10/site-packages/ttnn/tt_metal/hw/firmware/src/tt-1xx/trisc.cc,
3,4,5,TRISC_1,360,11018334782530,0,2051,,,TRISC-KERNEL,ZONE_START,62,/home/ekaterina_kuzmina1/tenstorrent/.venv/lib/python3.10/site-packages/ttnn/tt_metal/hw/firmware/src/tt-1xx/trisck.cc,
3,4,5,TRISC_1,360,11018335296154,0,2051,,,TRISC-KERNEL,ZONE_END,62,/home/ekaterina_kuzmina1/tenstorrent/.venv/lib/python3.10/site-packages/ttnn/tt_metal/hw/firmware/src/tt-1xx/trisck.cc,
3,4,5,TRISC_1,8413,11018335296212,0,2051,,,TRISC-FW,ZONE_END,136,/home/ekaterina_kuzmina1/tenstorrent/.venv/lib/python3.10/site-packages/ttnn/tt_metal/hw/firmware/src/tt-1xx/trisc.cc,
3,4,5,TRISC_1,8413,11019124110494,0,4099,,,TRISC-FW,ZONE_START,136,/home/ekaterina_kuzmina1/tenstorrent/.venv/lib/python3.10/site-packages/ttnn/tt_metal/hw/firmware/src/tt-1xx/trisc.cc,
3,4,5,TRISC_1,360,11019124110743,0,4099,,,TRISC-KERNEL,ZONE_START,62,/home/ekaterina_kuzmina1/tenstorrent/.venv/lib/python3.10/site-packages/ttnn/tt_metal/hw/firmware/src/tt-1xx/trisck.cc,
3,4,5,TRISC_1,360,11019124269939,0,4099,,,TRISC-KERNEL,ZONE_END,62,/home/ekaterina_kuzmina1/tenstorrent/.venv/lib/python3.10/site-packages/ttnn/tt_metal/hw/firmware/src/tt-1xx/trisck.cc,
3,4,5,TRISC_1,8413,11019124272113,0,4099,,,TRISC-FW,ZONE_END,136,/home/ekaterina_kuzmina1/tenstorrent/.venv/lib/python3.10/site-packages/ttnn/tt_metal/hw/firmware/src/tt-1xx/trisc.cc,
3,4,5,TRISC_2,8413,11018334782000,0,2051,,,TRISC-FW,ZONE_START,136,/home/ekaterina_kuzmina1/tenstorrent/.venv/lib/python3.10/site-packages/ttnn/tt_metal/hw/firmware/src/tt-1xx/trisc.cc,
3,4,5,TRISC_2,360,11018334782526,0,2051,,,TRISC-KERNEL,ZONE_START,62,/home/ekaterina_kuzmina1/tenstorrent/.venv/lib/python3.10/site-packages/ttnn/tt_metal/hw/firmware/src/tt-1xx/trisck.cc,
3,4,5,TRISC_2,360,11018335296273,0,2051,,,TRISC-KERNEL,ZONE_END,62,/home/ekaterina_kuzmina1/tenstorrent/.venv/lib/python3.10/site-packages/ttnn/tt_metal/hw/firmware/src/tt-1xx/trisck.cc,
3,4,5,TRISC_2,8413,11018335296495,0,2051,,,TRISC-FW,ZONE_END,136,/home/ekaterina_kuzmina1/tenstorrent/.venv/lib/python3.10/site-packages/ttnn/tt_metal/hw/firmware/src/tt-1xx/trisc.cc,
3,4,5,TRISC_2,8413,11019124110516,0,4099,,,TRISC-FW,ZONE_START,136,/home/ekaterina_kuzmina1/tenstorrent/.venv/lib/python3.10/site-packages/ttnn/tt_metal/hw/firmware/src/tt-1xx/trisc.cc,
3,4,5,TRISC_2,360,11019124110841,0,4099,,,TRISC-KERNEL,ZONE_START,62,/home/ekaterina_kuzmina1/tenstorrent/.venv/lib/python3.10/site-packages/ttnn/tt_metal/hw/firmware/src/tt-1xx/trisck.cc,
3,4,5,TRISC_2,360,11019124271450,0,4099,,,TRISC-KERNEL,ZONE_END,62,/home/ekaterina_kuzmina1/tenstorrent/.venv/lib/python3.10/site-packages/ttnn/tt_metal/hw/firmware/src/tt-1xx/trisck.cc,
3,4,5,TRISC_2,8413,11019124272221,0,4099,,,TRISC-FW,ZONE_END,136,/home/ekaterina_kuzmina1/tenstorrent/.venv/lib/python3.10/site-packages/ttnn/tt_metal/hw/firmware/src/tt-1xx/trisc.cc,
3,4,7,BRISC,61457,11018334781763,0,2051,,,BRISC-FW,ZONE_START,412,/home/ekaterina_kuzmina1/tenstorrent/.venv/lib/python3.10/site-packages/ttnn/tt_metal/hw/firmware/src/tt-1xx/brisc.cc,
3,4,7,BRISC,63326,11018334782538,0,2051,,,BRISC-KERNEL,ZONE_START,64,/home/ekaterina_kuzmina1/tenstorrent/.venv/lib/python3.10/site-packages/ttnn/tt_metal/hw/firmware/src/tt-1xx/brisck.cc,
3,4,7,BRISC,63326,11018335324157,0,2051,,,BRISC-KERNEL,ZONE_END,64,/home/ekaterina_kuzmina1/tenstorrent/.venv/lib/python3.10/site-packages/ttnn/tt_metal/hw/firmware/src/tt-1xx/brisck.cc,
3,4,7,BRISC,61457,11018335324341,0,2051,,,BRISC-FW,ZONE_END,412,/home/ekaterina_kuzmina1/tenstorrent/.venv/lib/python3.10/site-packages/ttnn/tt_metal/hw/firmware/src/tt-1xx/brisc.cc,
3,4,7,BRISC,61457,11018391680692,0,3075,,,BRISC-FW,ZONE_START,412,/home/ekaterina_kuzmina1/tenstorrent/.venv/lib/python3.10/site-packages/ttnn/tt_metal/hw/firmware/src/tt-1xx/brisc.cc,
3,4,7,BRISC,63326,11018391681401,0,3075,,,BRISC-KERNEL,ZONE_START,64,/home/ekaterina_kuzmina1/tenstorrent/.venv/lib/python3.10/site-packages/ttnn/tt_metal/hw/firmware/src/tt-1xx/brisck.cc,
3,4,7,BRISC,63326,11018392288833,0,3075,,,BRISC-KERNEL,ZONE_END,64,/home/ekaterina_kuzmina1/tenstorrent/.venv/lib/python3.10/site-packages/ttnn/tt_metal/hw/firmware/src/tt-1xx/brisck.cc,
3,4,7,BRISC,61457,11018392289013,0,3075,,,BRISC-FW,ZONE_END,412,/home/ekaterina_kuzmina1/tenstorrent/.venv/lib/python3.10/site-packages/ttnn/tt_metal/hw/firmware/src/tt-1xx/brisc.cc,
3,4,7,BRISC,61457,11019124110305,0,4099,,,BRISC-FW,ZONE_START,412,/home/ekaterina_kuzmina1/tenstorrent/.venv/lib/python3.10/site-packages/ttnn/tt_metal/hw/firmware/src/tt-1xx/brisc.cc,
3,4,7,BRISC,63326,11019124111173,0,4099,,,BRISC-KERNEL,ZONE_START,64,/home/ekaterina_kuzmina1/tenstorrent/.venv/lib/python3.10/site-packages/ttnn/tt_metal/hw/firmware/src/tt-1xx/brisck.cc,
3,4,7,BRISC,63326,11019124276243,0,4099,,,BRISC-KERNEL,ZONE_END,64,/home/ekaterina_kuzmina1/tenstorrent/.venv/lib/python3.10/site-packages/ttnn/tt_metal/hw/firmware/src/tt-1xx/brisck.cc,
3,4,7,BRISC,61457,11019124276421,0,4099,,,BRISC-FW,ZONE_END,412,/home/ekaterina_kuzmina1/tenstorrent/.venv/lib/python3.10/site-packages/ttnn/tt_metal/hw/firmware/src/tt-1xx/brisc.cc,
3,4,7,NCRISC,12030,11018334781910,0,2051,,,NCRISC-FW,ZONE_START,123,/home/ekaterina_kuzmina1/tenstorrent/.venv/lib/python3.10/site-packages/ttnn/tt_metal/hw/firmware/src/tt-1xx/ncrisc.cc,
3,4,7,NCRISC,16513,11018334782503,0,2051,,,NCRISC-KERNEL,ZONE_START,63,/home/ekaterina_kuzmina1/tenstorrent/.venv/lib/python3.10/site-packages/ttnn/tt_metal/hw/firmware/src/tt-1xx/ncrisck.cc,
3,4,7,NCRISC,16513,11018335290347,0,2051,,,NCRISC-KERNEL,ZONE_END,63,/home/ekaterina_kuzmina1/tenstorrent/.venv/lib/python3.10/site-packages/ttnn/tt_metal/hw/firmware/src/tt-1xx/ncrisck.cc,
3,4,7,NCRISC,12030,11018335290463,0,2051,,,NCRISC-FW,ZONE_END,123,/home/ekaterina_kuzmina1/tenstorrent/.venv/lib/python3.10/site-packages/ttnn/tt_metal/hw/firmware/src/tt-1xx/ncrisc.cc,
3,4,7,NCRISC,12030,11018391680842,0,3075,,,NCRISC-FW,ZONE_START,123,/home/ekaterina_kuzmina1/tenstorrent/.venv/lib/python3.10/site-packages/ttnn/tt_metal/hw/firmware/src/tt-1xx/ncrisc.cc,
3,4,7,NCRISC,16513,11018391681374,0,3075,,,NCRISC-KERNEL,ZONE_START,63,/home/ekaterina_kuzmina1/tenstorrent/.venv/lib/python3.10/site-packages/ttnn/tt_metal/hw/firmware/src/tt-1xx/ncrisck.cc,
3,4,7,NCRISC,16513,11018392286404,0,3075,,,NCRISC-KERNEL,ZONE_END,63,/home/ekaterina_kuzmina1/tenstorrent/.venv/lib/python3.10/site-packages/ttnn/tt_metal/hw/firmware/src/tt-1xx/ncrisck.cc,
3,4,7,NCRISC,12030,11018392286526,0,3075,,,NCRISC-FW,ZONE_END,123,/home/ekaterina_kuzmina1/tenstorrent/.venv/lib/python3.10/site-packages/ttnn/tt_metal/hw/firmware/src/tt-1xx/ncrisc.cc,
3,4,7,NCRISC,12030,11019124110452,0,4099,,,NCRISC-FW,ZONE_START,123,/home/ekaterina_kuzmina1/tenstorrent/.venv/lib/python3.10/site-packages/ttnn/tt_metal/hw/firmware/src/tt-1xx/ncrisc.cc,
3,4,7,NCRISC,16513,11019124111156,0,4099,,,NCRISC-KERNEL,ZONE_START,63,/home/ekaterina_kuzmina1/tenstorrent/.venv/lib/python3.10/site-packages/ttnn/tt_metal/hw/firmware/src/tt-1xx/ncrisck.cc,
3,4,7,NCRISC,16513,11019124275317,0,4099,,,NCRISC-KERNEL,ZONE_END,63,/home/ekaterina_kuzmina1/tenstorrent/.venv/lib/python3.10/site-packages/ttnn/tt_metal/hw/firmware/src/tt-1xx/ncrisck.cc,
3,4,7,NCRISC,12030,11019124275450,0,4099,,,NCRISC-FW,ZONE_END,123,/home/ekaterina_kuzmina1/tenstorrent/.venv/lib/python3.10/site-packages/ttnn/tt_metal/hw/firmware/src/tt-1xx/ncrisc.cc,
3,4,7,TRISC_0,8413,11018334782014,0,2051,,,TRISC-FW,ZONE_START,136,/home/ekaterina_kuzmina1/tenstorrent/.venv/lib/python3.10/site-packages/ttnn/tt_metal/hw/firmware/src/tt-1xx/trisc.cc,
3,4,7,TRISC_0,360,11018334782507,0,2051,,,TRISC-KERNEL,ZONE_START,62,/home/ekaterina_kuzmina1/tenstorrent/.venv/lib/python3.10/site-packages/ttnn/tt_metal/hw/firmware/src/tt-1xx/trisck.cc,
3,4,7,TRISC_0,360,11018335295096,0,2051,,,TRISC-KERNEL,ZONE_END,62,/home/ekaterina_kuzmina1/tenstorrent/.venv/lib/python3.10/site-packages/ttnn/tt_metal/hw/firmware/src/tt-1xx/trisck.cc,
3,4,7,TRISC_0,8413,11018335295844,0,2051,,,TRISC-FW,ZONE_END,136,/home/ekaterina_kuzmina1/tenstorrent/.venv/lib/python3.10/site-packages/ttnn/tt_metal/hw/firmware/src/tt-1xx/trisc.cc,
3,4,7,TRISC_0,8413,11019124110557,0,4099,,,TRISC-FW,ZONE_START,136,/home/ekaterina_kuzmina1/tenstorrent/.venv/lib/python3.10/site-packages/ttnn/tt_metal/hw/firmware/src/tt-1xx/trisc.cc,
3,4,7,TRISC_0,360,11019124110899,0,4099,,,TRISC-KERNEL,ZONE_START,62,/home/ekaterina_kuzmina1/tenstorrent/.venv/lib/python3.10/site-packages/ttnn/tt_metal/hw/firmware/src/tt-1xx/trisck.cc,
3,4,7,TRISC_0,360,11019124275348,0,4099,,,TRISC-KERNEL,ZONE_END,62,/home/ekaterina_kuzmina1/tenstorrent/.venv/lib/python3.10/site-packages/ttnn/tt_metal/hw/firmware/src/tt-1xx/trisck.cc,
3,4,7,TRISC_0,8413,11019124275391,0,4099,,,TRISC-FW,ZONE_END,136,/home/ekaterina_kuzmina1/tenstorrent/.venv/lib/python3.10/site-packages/ttnn/tt_metal/hw/firmware/src/tt-1xx/trisc.cc,
3,4,7,TRISC_1,8413,11018334782016,0,2051,,,TRISC-FW,ZONE_START,136,/home/ekaterina_kuzmina1/tenstorrent/.venv/lib/python3.10/site-packages/ttnn/tt_metal/hw/firmware/src/tt-1xx/trisc.cc,
3,4,7,TRISC_1,360,11018334782509,0,2051,,,TRISC-KERNEL,ZONE_START,62,/home/ekaterina_kuzmina1/tenstorrent/.venv/lib/python3.10/site-packages/ttnn/tt_metal/hw/firmware/src/tt-1xx/trisck.cc,
3,4,7,TRISC_1,360,11018335295898,0,2051,,,TRISC-KERNEL,ZONE_END,62,/home/ekaterina_kuzmina1/tenstorrent/.venv/lib/python3.10/site-packages/ttnn/tt_metal/hw/firmware/src/tt-1xx/trisck.cc,
3,4,7,TRISC_1,8413,11018335295954,0,2051,,,TRISC-FW,ZONE_END,136,/home/ekaterina_kuzmina1/tenstorrent/.venv/lib/python3.10/site-packages/ttnn/tt_metal/hw/firmware/src/tt-1xx/trisc.cc,
3,4,7,TRISC_1,8413,11019124110556,0,4099,,,TRISC-FW,ZONE_START,136,/home/ekaterina_kuzmina1/tenstorrent/.venv/lib/python3.10/site-packages/ttnn/tt_metal/hw/firmware/src/tt-1xx/trisc.cc,
3,4,7,TRISC_1,360,11019124110746,0,4099,,,TRISC-KERNEL,ZONE_START,62,/home/ekaterina_kuzmina1/tenstorrent/.venv/lib/python3.10/site-packages/ttnn/tt_metal/hw/firmware/src/tt-1xx/trisck.cc,
3,4,7,TRISC_1,360,11019124274198,0,4099,,,TRISC-KERNEL,ZONE_END,62,/home/ekaterina_kuzmina1/tenstorrent/.venv/lib/python3.10/site-packages/ttnn/tt_metal/hw/firmware/src/tt-1xx/trisck.cc,
3,4,7,TRISC_1,8413,11019124275371,0,4099,,,TRISC-FW,ZONE_END,136,/home/ekaterina_kuzmina1/tenstorrent/.venv/lib/python3.10/site-packages/ttnn/tt_metal/hw/firmware/src/tt-1xx/trisc.cc,
3,4,7,TRISC_2,8413,11018334782019,0,2051,,,TRISC-FW,ZONE_START,136,/home/ekaterina_kuzmina1/tenstorrent/.venv/lib/python3.10/site-packages/ttnn/tt_metal/hw/firmware/src/tt-1xx/trisc.cc,
3,4,7,TRISC_2,360,11018334782508,0,2051,,,TRISC-KERNEL,ZONE_START,62,/home/ekaterina_kuzmina1/tenstorrent/.venv/lib/python3.10/site-packages/ttnn/tt_metal/hw/firmware/src/tt-1xx/trisck.cc,
3,4,7,TRISC_2,360,11018335296013,0,2051,,,TRISC-KERNEL,ZONE_END,62,/home/ekaterina_kuzmina1/tenstorrent/.venv/lib/python3.10/site-packages/ttnn/tt_metal/hw/firmware/src/tt-1xx/trisck.cc,
3,4,7,TRISC_2,8413,11018335296254,0,2051,,,TRISC-FW,ZONE_END,136,/home/ekaterina_kuzmina1/tenstorrent/.venv/lib/python3.10/site-packages/ttnn/tt_metal/hw/firmware/src/tt-1xx/trisc.cc,
3,4,7,TRISC_2,8413,11019124110564,0,4099,,,TRISC-FW,ZONE_START,136,/home/ekaterina_kuzmina1/tenstorrent/.venv/lib/python3.10/site-packages/ttnn/tt_metal/hw/firmware/src/tt-1xx/trisc.cc,
3,4,7,TRISC_2,360,11019124110895,0,4099,,,TRISC-KERNEL,ZONE_START,62,/home/ekaterina_kuzmina1/tenstorrent/.venv/lib/python3.10/site-packages/ttnn/tt_metal/hw/firmware/src/tt-1xx/trisck.cc,
3,4,7,TRISC_2,360,11019124275187,0,4099,,,TRISC-KERNEL,ZONE_END,62,/home/ekaterina_kuzmina1/tenstorrent/.venv/lib/python3.10/site-packages/ttnn/tt_metal/hw/firmware/src/tt-1xx/trisck.cc,
3,4,7,TRISC_2,8413,11019124275484,0,4099,,,TRISC-FW,ZONE_END,136,/home/ekaterina_kuzmina1/tenstorrent/.venv/lib/python3.10/site-packages/ttnn/tt_metal/hw/firmware/src/tt-1xx/trisc.cc,
3,4,8,BRISC,61457,11018334781787,0,2051,,,BRISC-FW,ZONE_START,412,/home/ekaterina_kuzmina1/tenstorrent/.venv/lib/python3.10/site-packages/ttnn/tt_metal/hw/firmware/src/tt-1xx/brisc.cc,
3,4,8,BRISC,63326,11018334782566,0,2051,,,BRISC-KERNEL,ZONE_START,64,/home/ekaterina_kuzmina1/tenstorrent/.venv/lib/python3.10/site-packages/ttnn/tt_metal/hw/firmware/src/tt-1xx/brisck.cc,
3,4,8,BRISC,63326,11018335310230,0,2051,,,BRISC-KERNEL,ZONE_END,64,/home/ekaterina_kuzmina1/tenstorrent/.venv/lib/python3.10/site-packages/ttnn/tt_metal/hw/firmware/src/tt-1xx/brisck.cc,
3,4,8,BRISC,61457,11018335310416,0,2051,,,BRISC-FW,ZONE_END,412,/home/ekaterina_kuzmina1/tenstorrent/.venv/lib/python3.10/site-packages/ttnn/tt_metal/hw/firmware/src/tt-1xx/brisc.cc,
3,4,8,BRISC,61457,11018391680707,0,3075,,,BRISC-FW,ZONE_START,412,/home/ekaterina_kuzmina1/tenstorrent/.venv/lib/python3.10/site-packages/ttnn/tt_metal/hw/firmware/src/tt-1xx/brisc.cc,
3,4,8,BRISC,63326,11018391681422,0,3075,,,BRISC-KERNEL,ZONE_START,64,/home/ekaterina_kuzmina1/tenstorrent/.venv/lib/python3.10/site-packages/ttnn/tt_metal/hw/firmware/src/tt-1xx/brisck.cc,
3,4,8,BRISC,63326,11018392291437,0,3075,,,BRISC-KERNEL,ZONE_END,64,/home/ekaterina_kuzmina1/tenstorrent/.venv/lib/python3.10/site-packages/ttnn/tt_metal/hw/firmware/src/tt-1xx/brisck.cc,
3,4,8,BRISC,61457,11018392291616,0,3075,,,BRISC-FW,ZONE_END,412,/home/ekaterina_kuzmina1/tenstorrent/.venv/lib/python3.10/site-packages/ttnn/tt_metal/hw/firmware/src/tt-1xx/brisc.cc,
3,4,8,BRISC,61457,11019124110319,0,4099,,,BRISC-FW,ZONE_START,412,/home/ekaterina_kuzmina1/tenstorrent/.venv/lib/python3.10/site-packages/ttnn/tt_metal/hw/firmware/src/tt-1xx/brisc.cc,
3,4,8,BRISC,63326,11019124111196,0,4099,,,BRISC-KERNEL,ZONE_START,64,/home/ekaterina_kuzmina1/tenstorrent/.venv/lib/python3.10/site-packages/ttnn/tt_metal/hw/firmware/src/tt-1xx/brisck.cc,
3,4,8,BRISC,63326,11019124278497,0,4099,,,BRISC-KERNEL,ZONE_END,64,/home/ekaterina_kuzmina1/tenstorrent/.venv/lib/python3.10/site-packages/ttnn/tt_metal/hw/firmware/src/tt-1xx/brisck.cc,
3,4,8,BRISC,61457,11019124278678,0,4099,,,BRISC-FW,ZONE_END,412,/home/ekaterina_kuzmina1/tenstorrent/.venv/lib/python3.10/site-packages/ttnn/tt_metal/hw/firmware/src/tt-1xx/brisc.cc,
3,4,8,NCRISC,12030,11018334781933,0,2051,,,NCRISC-FW,ZONE_START,123,/home/ekaterina_kuzmina1/tenstorrent/.venv/lib/python3.10/site-packages/ttnn/tt_metal/hw/firmware/src/tt-1xx/ncrisc.cc,
3,4,8,NCRISC,16513,11018334782537,0,2051,,,NCRISC-KERNEL,ZONE_START,63,/home/ekaterina_kuzmina1/tenstorrent/.venv/lib/python3.10/site-packages/ttnn/tt_metal/hw/firmware/src/tt-1xx/ncrisck.cc,
3,4,8,NCRISC,16513,11018335289263,0,2051,,,NCRISC-KERNEL,ZONE_END,63,/home/ekaterina_kuzmina1/tenstorrent/.venv/lib/python3.10/site-packages/ttnn/tt_metal/hw/firmware/src/tt-1xx/ncrisck.cc,
3,4,8,NCRISC,12030,11018335289378,0,2051,,,NCRISC-FW,ZONE_END,123,/home/ekaterina_kuzmina1/tenstorrent/.venv/lib/python3.10/site-packages/ttnn/tt_metal/hw/firmware/src/tt-1xx/ncrisc.cc,
3,4,8,NCRISC,12030,11018391680854,0,3075,,,NCRISC-FW,ZONE_START,123,/home/ekaterina_kuzmina1/tenstorrent/.venv/lib/python3.10/site-packages/ttnn/tt_metal/hw/firmware/src/tt-1xx/ncrisc.cc,
3,4,8,NCRISC,16513,11018391681395,0,3075,,,NCRISC-KERNEL,ZONE_START,63,/home/ekaterina_kuzmina1/tenstorrent/.venv/lib/python3.10/site-packages/ttnn/tt_metal/hw/firmware/src/tt-1xx/ncrisck.cc,
3,4,8,NCRISC,16513,11018392288882,0,3075,,,NCRISC-KERNEL,ZONE_END,63,/home/ekaterina_kuzmina1/tenstorrent/.venv/lib/python3.10/site-packages/ttnn/tt_metal/hw/firmware/src/tt-1xx/ncrisck.cc,
3,4,8,NCRISC,12030,11018392289002,0,3075,,,NCRISC-FW,ZONE_END,123,/home/ekaterina_kuzmina1/tenstorrent/.venv/lib/python3.10/site-packages/ttnn/tt_metal/hw/firmware/src/tt-1xx/ncrisc.cc,
3,4,8,NCRISC,12030,11019124110466,0,4099,,,NCRISC-FW,ZONE_START,123,/home/ekaterina_kuzmina1/tenstorrent/.venv/lib/python3.10/site-packages/ttnn/tt_metal/hw/firmware/src/tt-1xx/ncrisc.cc,
3,4,8,NCRISC,16513,11019124111179,0,4099,,,NCRISC-KERNEL,ZONE_START,63,/home/ekaterina_kuzmina1/tenstorrent/.venv/lib/python3.10/site-packages/ttnn/tt_metal/hw/firmware/src/tt-1xx/ncrisck.cc,
3,4,8,NCRISC,16513,11019124277522,0,4099,,,NCRISC-KERNEL,ZONE_END,63,/home/ekaterina_kuzmina1/tenstorrent/.venv/lib/python3.10/site-packages/ttnn/tt_metal/hw/firmware/src/tt-1xx/ncrisck.cc,
3,4,8,NCRISC,12030,11019124277649,0,4099,,,NCRISC-FW,ZONE_END,123,/home/ekaterina_kuzmina1/tenstorrent/.venv/lib/python3.10/site-packages/ttnn/tt_metal/hw/firmware/src/tt-1xx/ncrisc.cc,
3,4,8,TRISC_0,8413,11018334782021,0,2051,,,TRISC-FW,ZONE_START,136,/home/ekaterina_kuzmina1/tenstorrent/.venv/lib/python3.10/site-packages/ttnn/tt_metal/hw/firmware/src/tt-1xx/trisc.cc,
3,4,8,TRISC_0,360,11018334782499,0,2051,,,TRISC-KERNEL,ZONE_START,62,/home/ekaterina_kuzmina1/tenstorrent/.venv/lib/python3.10/site-packages/ttnn/tt_metal/hw/firmware/src/tt-1xx/trisck.cc,
3,4,8,TRISC_0,360,11018335294051,0,2051,,,TRISC-KERNEL,ZONE_END,62,/home/ekaterina_kuzmina1/tenstorrent/.venv/lib/python3.10/site-packages/ttnn/tt_metal/hw/firmware/src/tt-1xx/trisck.cc,
3,4,8,TRISC_0,8413,11018335294794,0,2051,,,TRISC-FW,ZONE_END,136,/home/ekaterina_kuzmina1/tenstorrent/.venv/lib/python3.10/site-packages/ttnn/tt_metal/hw/firmware/src/tt-1xx/trisc.cc,
3,4,8,TRISC_0,8413,11019124110572,0,4099,,,TRISC-FW,ZONE_START,136,/home/ekaterina_kuzmina1/tenstorrent/.venv/lib/python3.10/site-packages/ttnn/tt_metal/hw/firmware/src/tt-1xx/trisc.cc,
3,4,8,TRISC_0,360,11019124110922,0,4099,,,TRISC-KERNEL,ZONE_START,62,/home/ekaterina_kuzmina1/tenstorrent/.venv/lib/python3.10/site-packages/ttnn/tt_metal/hw/firmware/src/tt-1xx/trisck.cc,
3,4,8,TRISC_0,360,11019124277560,0,4099,,,TRISC-KERNEL,ZONE_END,62,/home/ekaterina_kuzmina1/tenstorrent/.venv/lib/python3.10/site-packages/ttnn/tt_metal/hw/firmware/src/tt-1xx/trisck.cc,
3,4,8,TRISC_0,8413,11019124277604,0,4099,,,TRISC-FW,ZONE_END,136,/home/ekaterina_kuzmina1/tenstorrent/.venv/lib/python3.10/site-packages/ttnn/tt_metal/hw/firmware/src/tt-1xx/trisc.cc,
3,4,8,TRISC_1,8413,11018334782037,0,2051,,,TRISC-FW,ZONE_START,136,/home/ekaterina_kuzmina1/tenstorrent/.venv/lib/python3.10/site-packages/ttnn/tt_metal/hw/firmware/src/tt-1xx/trisc.cc,
3,4,8,TRISC_1,360,11018334782500,0,2051,,,TRISC-KERNEL,ZONE_START,62,/home/ekaterina_kuzmina1/tenstorrent/.venv/lib/python3.10/site-packages/ttnn/tt_metal/hw/firmware/src/tt-1xx/trisck.cc,
3,4,8,TRISC_1,360,11018335294848,0,2051,,,TRISC-KERNEL,ZONE_END,62,/home/ekaterina_kuzmina1/tenstorrent/.venv/lib/python3.10/site-packages/ttnn/tt_metal/hw/firmware/src/tt-1xx/trisck.cc,
3,4,8,TRISC_1,8413,11018335294904,0,2051,,,TRISC-FW,ZONE_END,136,/home/ekaterina_kuzmina1/tenstorrent/.venv/lib/python3.10/site-packages/ttnn/tt_metal/hw/firmware/src/tt-1xx/trisc.cc,
3,4,8,TRISC_1,8413,11019124110563,0,4099,,,TRISC-FW,ZONE_START,136,/home/ekaterina_kuzmina1/tenstorrent/.venv/lib/python3.10/site-packages/ttnn/tt_metal/hw/firmware/src/tt-1xx/trisc.cc,
3,4,8,TRISC_1,360,11019124110753,0,4099,,,TRISC-KERNEL,ZONE_START,62,/home/ekaterina_kuzmina1/tenstorrent/.venv/lib/python3.10/site-packages/ttnn/tt_metal/hw/firmware/src/tt-1xx/trisck.cc,
3,4,8,TRISC_1,360,11019124276485,0,4099,,,TRISC-KERNEL,ZONE_END,62,/home/ekaterina_kuzmina1/tenstorrent/.venv/lib/python3.10/site-packages/ttnn/tt_metal/hw/firmware/src/tt-1xx/trisck.cc,
3,4,8,TRISC_1,8413,11019124277585,0,4099,,,TRISC-FW,ZONE_END,136,/home/ekaterina_kuzmina1/tenstorrent/.venv/lib/python3.10/site-packages/ttnn/tt_metal/hw/firmware/src/tt-1xx/trisc.cc,
3,4,8,TRISC_2,8413,11018334782039,0,2051,,,TRISC-FW,ZONE_START,136,/home/ekaterina_kuzmina1/tenstorrent/.venv/lib/python3.10/site-packages/ttnn/tt_metal/hw/firmware/src/tt-1xx/trisc.cc,
3,4,8,TRISC_2,360,11018334782501,0,2051,,,TRISC-KERNEL,ZONE_START,62,/home/ekaterina_kuzmina1/tenstorrent/.venv/lib/python3.10/site-packages/ttnn/tt_metal/hw/firmware/src/tt-1xx/trisck.cc,
3,4,8,TRISC_2,360,11018335294963,0,2051,,,TRISC-KERNEL,ZONE_END,62,/home/ekaterina_kuzmina1/tenstorrent/.venv/lib/python3.10/site-packages/ttnn/tt_metal/hw/firmware/src/tt-1xx/trisck.cc,
3,4,8,TRISC_2,8413,11018335295203,0,2051,,,TRISC-FW,ZONE_END,136,/home/ekaterina_kuzmina1/tenstorrent/.venv/lib/python3.10/site-packages/ttnn/tt_metal/hw/firmware/src/tt-1xx/trisc.cc,
3,4,8,TRISC_2,8413,11019124110576,0,4099,,,TRISC-FW,ZONE_START,136,/home/ekaterina_kuzmina1/tenstorrent/.venv/lib/python3.10/site-packages/ttnn/tt_metal/hw/firmware/src/tt-1xx/trisc.cc,
3,4,8,TRISC_2,360,11019124110905,0,4099,,,TRISC-KERNEL,ZONE_START,62,/home/ekaterina_kuzmina1/tenstorrent/.venv/lib/python3.10/site-packages/ttnn/tt_metal/hw/firmware/src/tt-1xx/trisck.cc,
3,4,8,TRISC_2,360,11019124277424,0,4099,,,TRISC-KERNEL,ZONE_END,62,/home/ekaterina_kuzmina1/tenstorrent/.venv/lib/python3.10/site-packages/ttnn/tt_metal/hw/firmware/src/tt-1xx/trisck.cc,
3,4,8,TRISC_2,8413,11019124277711,0,4099,,,TRISC-FW,ZONE_END,136,/home/ekaterina_kuzmina1/tenstorrent/.venv/lib/python3.10/site-packages/ttnn/tt_metal/hw/firmware/src/tt-1xx/trisc.cc,
3,6,1,BRISC,61457,11018334782188,0,2051,,,BRISC-FW,ZONE_START,412,/home/ekaterina_kuzmina1/tenstorrent/.venv/lib/python3.10/site-packages/ttnn/tt_metal/hw/firmware/src/tt-1xx/brisc.cc,
3,6,1,BRISC,63326,11018334782973,0,2051,,,BRISC-KERNEL,ZONE_START,64,/home/ekaterina_kuzmina1/tenstorrent/.venv/lib/python3.10/site-packages/ttnn/tt_metal/hw/firmware/src/tt-1xx/brisck.cc,
3,6,1,BRISC,63326,11018335382686,0,2051,,,BRISC-KERNEL,ZONE_END,64,/home/ekaterina_kuzmina1/tenstorrent/.venv/lib/python3.10/site-packages/ttnn/tt_metal/hw/firmware/src/tt-1xx/brisck.cc,
3,6,1,BRISC,61457,11018335382876,0,2051,,,BRISC-FW,ZONE_END,412,/home/ekaterina_kuzmina1/tenstorrent/.venv/lib/python3.10/site-packages/ttnn/tt_metal/hw/firmware/src/tt-1xx/brisc.cc,
3,6,1,BRISC,61457,11018391680663,0,3075,,,BRISC-FW,ZONE_START,412,/home/ekaterina_kuzmina1/tenstorrent/.venv/lib/python3.10/site-packages/ttnn/tt_metal/hw/firmware/src/tt-1xx/brisc.cc,
3,6,1,BRISC,63326,11018391681374,0,3075,,,BRISC-KERNEL,ZONE_START,64,/home/ekaterina_kuzmina1/tenstorrent/.venv/lib/python3.10/site-packages/ttnn/tt_metal/hw/firmware/src/tt-1xx/brisck.cc,
3,6,1,BRISC,63326,11018392288558,0,3075,,,BRISC-KERNEL,ZONE_END,64,/home/ekaterina_kuzmina1/tenstorrent/.venv/lib/python3.10/site-packages/ttnn/tt_metal/hw/firmware/src/tt-1xx/brisck.cc,
3,6,1,BRISC,61457,11018392288738,0,3075,,,BRISC-FW,ZONE_END,412,/home/ekaterina_kuzmina1/tenstorrent/.venv/lib/python3.10/site-packages/ttnn/tt_metal/hw/firmware/src/tt-1xx/brisc.cc,
3,6,1,BRISC,61457,11019124110280,0,4099,,,BRISC-FW,ZONE_START,412,/home/ekaterina_kuzmina1/tenstorrent/.venv/lib/python3.10/site-packages/ttnn/tt_metal/hw/firmware/src/tt-1xx/brisc.cc,
3,6,1,BRISC,63326,11019124111144,0,4099,,,BRISC-KERNEL,ZONE_START,64,/home/ekaterina_kuzmina1/tenstorrent/.venv/lib/python3.10/site-packages/ttnn/tt_metal/hw/firmware/src/tt-1xx/brisck.cc,
3,6,1,BRISC,63326,11019124272102,0,4099,,,BRISC-KERNEL,ZONE_END,64,/home/ekaterina_kuzmina1/tenstorrent/.venv/lib/python3.10/site-packages/ttnn/tt_metal/hw/firmware/src/tt-1xx/brisck.cc,
3,6,1,BRISC,61457,11019124272280,0,4099,,,BRISC-FW,ZONE_END,412,/home/ekaterina_kuzmina1/tenstorrent/.venv/lib/python3.10/site-packages/ttnn/tt_metal/hw/firmware/src/tt-1xx/brisc.cc,
3,6,1,NCRISC,12030,11018334782340,0,2051,,,NCRISC-FW,ZONE_START,123,/home/ekaterina_kuzmina1/tenstorrent/.venv/lib/python3.10/site-packages/ttnn/tt_metal/hw/firmware/src/tt-1xx/ncrisc.cc,
3,6,1,NCRISC,16513,11018334782944,0,2051,,,NCRISC-KERNEL,ZONE_START,63,/home/ekaterina_kuzmina1/tenstorrent/.venv/lib/python3.10/site-packages/ttnn/tt_metal/hw/firmware/src/tt-1xx/ncrisck.cc,
3,6,1,NCRISC,16513,11018335247157,0,2051,,,NCRISC-KERNEL,ZONE_END,63,/home/ekaterina_kuzmina1/tenstorrent/.venv/lib/python3.10/site-packages/ttnn/tt_metal/hw/firmware/src/tt-1xx/ncrisck.cc,
3,6,1,NCRISC,12030,11018335247273,0,2051,,,NCRISC-FW,ZONE_END,123,/home/ekaterina_kuzmina1/tenstorrent/.venv/lib/python3.10/site-packages/ttnn/tt_metal/hw/firmware/src/tt-1xx/ncrisc.cc,
3,6,1,NCRISC,12030,11018391680807,0,3075,,,NCRISC-FW,ZONE_START,123,/home/ekaterina_kuzmina1/tenstorrent/.venv/lib/python3.10/site-packages/ttnn/tt_metal/hw/firmware/src/tt-1xx/ncrisc.cc,
3,6,1,NCRISC,16513,11018391681345,0,3075,,,NCRISC-KERNEL,ZONE_START,63,/home/ekaterina_kuzmina1/tenstorrent/.venv/lib/python3.10/site-packages/ttnn/tt_metal/hw/firmware/src/tt-1xx/ncrisck.cc,
3,6,1,NCRISC,16513,11018392286243,0,3075,,,NCRISC-KERNEL,ZONE_END,63,/home/ekaterina_kuzmina1/tenstorrent/.venv/lib/python3.10/site-packages/ttnn/tt_metal/hw/firmware/src/tt-1xx/ncrisck.cc,
3,6,1,NCRISC,12030,11018392286359,0,3075,,,NCRISC-FW,ZONE_END,123,/home/ekaterina_kuzmina1/tenstorrent/.venv/lib/python3.10/site-packages/ttnn/tt_metal/hw/firmware/src/tt-1xx/ncrisc.cc,
3,6,1,NCRISC,12030,11019124110427,0,4099,,,NCRISC-FW,ZONE_START,123,/home/ekaterina_kuzmina1/tenstorrent/.venv/lib/python3.10/site-packages/ttnn/tt_metal/hw/firmware/src/tt-1xx/ncrisc.cc,
3,6,1,NCRISC,16513,11019124111127,0,4099,,,NCRISC-KERNEL,ZONE_START,63,/home/ekaterina_kuzmina1/tenstorrent/.venv/lib/python3.10/site-packages/ttnn/tt_metal/hw/firmware/src/tt-1xx/ncrisck.cc,
3,6,1,NCRISC,16513,11019124270572,0,4099,,,NCRISC-KERNEL,ZONE_END,63,/home/ekaterina_kuzmina1/tenstorrent/.venv/lib/python3.10/site-packages/ttnn/tt_metal/hw/firmware/src/tt-1xx/ncrisck.cc,
3,6,1,NCRISC,12030,11019124270698,0,4099,,,NCRISC-FW,ZONE_END,123,/home/ekaterina_kuzmina1/tenstorrent/.venv/lib/python3.10/site-packages/ttnn/tt_metal/hw/firmware/src/tt-1xx/ncrisc.cc,
3,6,1,TRISC_0,8413,11018334782434,0,2051,,,TRISC-FW,ZONE_START,136,/home/ekaterina_kuzmina1/tenstorrent/.venv/lib/python3.10/site-packages/ttnn/tt_metal/hw/firmware/src/tt-1xx/trisc.cc,
3,6,1,TRISC_0,360,11018334782819,0,2051,,,TRISC-KERNEL,ZONE_START,62,/home/ekaterina_kuzmina1/tenstorrent/.venv/lib/python3.10/site-packages/ttnn/tt_metal/hw/firmware/src/tt-1xx/trisck.cc,
3,6,1,TRISC_0,360,11018335285947,0,2051,,,TRISC-KERNEL,ZONE_END,62,/home/ekaterina_kuzmina1/tenstorrent/.venv/lib/python3.10/site-packages/ttnn/tt_metal/hw/firmware/src/tt-1xx/trisck.cc,
3,6,1,TRISC_0,8413,11018335286678,0,2051,,,TRISC-FW,ZONE_END,136,/home/ekaterina_kuzmina1/tenstorrent/.venv/lib/python3.10/site-packages/ttnn/tt_metal/hw/firmware/src/tt-1xx/trisc.cc,
3,6,1,TRISC_0,8413,11019124110532,0,4099,,,TRISC-FW,ZONE_START,136,/home/ekaterina_kuzmina1/tenstorrent/.venv/lib/python3.10/site-packages/ttnn/tt_metal/hw/firmware/src/tt-1xx/trisc.cc,
3,6,1,TRISC_0,360,11019124110871,0,4099,,,TRISC-KERNEL,ZONE_START,62,/home/ekaterina_kuzmina1/tenstorrent/.venv/lib/python3.10/site-packages/ttnn/tt_metal/hw/firmware/src/tt-1xx/trisck.cc,
3,6,1,TRISC_0,360,11019124270603,0,4099,,,TRISC-KERNEL,ZONE_END,62,/home/ekaterina_kuzmina1/tenstorrent/.venv/lib/python3.10/site-packages/ttnn/tt_metal/hw/firmware/src/tt-1xx/trisck.cc,
3,6,1,TRISC_0,8413,11019124270646,0,4099,,,TRISC-FW,ZONE_END,136,/home/ekaterina_kuzmina1/tenstorrent/.venv/lib/python3.10/site-packages/ttnn/tt_metal/hw/firmware/src/tt-1xx/trisc.cc,
3,6,1,TRISC_1,8413,11018334782425,0,2051,,,TRISC-FW,ZONE_START,136,/home/ekaterina_kuzmina1/tenstorrent/.venv/lib/python3.10/site-packages/ttnn/tt_metal/hw/firmware/src/tt-1xx/trisc.cc,
3,6,1,TRISC_1,360,11018334782629,0,2051,,,TRISC-KERNEL,ZONE_START,62,/home/ekaterina_kuzmina1/tenstorrent/.venv/lib/python3.10/site-packages/ttnn/tt_metal/hw/firmware/src/tt-1xx/trisck.cc,
3,6,1,TRISC_1,360,11018335286732,0,2051,,,TRISC-KERNEL,ZONE_END,62,/home/ekaterina_kuzmina1/tenstorrent/.venv/lib/python3.10/site-packages/ttnn/tt_metal/hw/firmware/src/tt-1xx/trisck.cc,
3,6,1,TRISC_1,8413,11018335286790,0,2051,,,TRISC-FW,ZONE_END,136,/home/ekaterina_kuzmina1/tenstorrent/.venv/lib/python3.10/site-packages/ttnn/tt_metal/hw/firmware/src/tt-1xx/trisc.cc,
3,6,1,TRISC_1,8413,11019124110523,0,4099,,,TRISC-FW,ZONE_START,136,/home/ekaterina_kuzmina1/tenstorrent/.venv/lib/python3.10/site-packages/ttnn/tt_metal/hw/firmware/src/tt-1xx/trisc.cc,
3,6,1,TRISC_1,360,11019124110765,0,4099,,,TRISC-KERNEL,ZONE_START,62,/home/ekaterina_kuzmina1/tenstorrent/.venv/lib/python3.10/site-packages/ttnn/tt_metal/hw/firmware/src/tt-1xx/trisck.cc,
3,6,1,TRISC_1,360,11019124268776,0,4099,,,TRISC-KERNEL,ZONE_END,62,/home/ekaterina_kuzmina1/tenstorrent/.venv/lib/python3.10/site-packages/ttnn/tt_metal/hw/firmware/src/tt-1xx/trisck.cc,
3,6,1,TRISC_1,8413,11019124270635,0,4099,,,TRISC-FW,ZONE_END,136,/home/ekaterina_kuzmina1/tenstorrent/.venv/lib/python3.10/site-packages/ttnn/tt_metal/hw/firmware/src/tt-1xx/trisc.cc,
3,6,1,TRISC_2,8413,11018334782438,0,2051,,,TRISC-FW,ZONE_START,136,/home/ekaterina_kuzmina1/tenstorrent/.venv/lib/python3.10/site-packages/ttnn/tt_metal/hw/firmware/src/tt-1xx/trisc.cc,
3,6,1,TRISC_2,360,11018334782826,0,2051,,,TRISC-KERNEL,ZONE_START,62,/home/ekaterina_kuzmina1/tenstorrent/.venv/lib/python3.10/site-packages/ttnn/tt_metal/hw/firmware/src/tt-1xx/trisck.cc,
3,6,1,TRISC_2,360,11018335286850,0,2051,,,TRISC-KERNEL,ZONE_END,62,/home/ekaterina_kuzmina1/tenstorrent/.venv/lib/python3.10/site-packages/ttnn/tt_metal/hw/firmware/src/tt-1xx/trisck.cc,
3,6,1,TRISC_2,8413,11018335287070,0,2051,,,TRISC-FW,ZONE_END,136,/home/ekaterina_kuzmina1/tenstorrent/.venv/lib/python3.10/site-packages/ttnn/tt_metal/hw/firmware/src/tt-1xx/trisc.cc,
3,6,1,TRISC_2,8413,11019124110545,0,4099,,,TRISC-FW,ZONE_START,136,/home/ekaterina_kuzmina1/tenstorrent/.venv/lib/python3.10/site-packages/ttnn/tt_metal/hw/firmware/src/tt-1xx/trisc.cc,
3,6,1,TRISC_2,360,11019124110865,0,4099,,,TRISC-KERNEL,ZONE_START,62,/home/ekaterina_kuzmina1/tenstorrent/.venv/lib/python3.10/site-packages/ttnn/tt_metal/hw/firmware/src/tt-1xx/trisck.cc,
3,6,1,TRISC_2,360,11019124270468,0,4099,,,TRISC-KERNEL,ZONE_END,62,/home/ekaterina_kuzmina1/tenstorrent/.venv/lib/python3.10/site-packages/ttnn/tt_metal/hw/firmware/src/tt-1xx/trisck.cc,
3,6,1,TRISC_2,8413,11019124270752,0,4099,,,TRISC-FW,ZONE_END,136,/home/ekaterina_kuzmina1/tenstorrent/.venv/lib/python3.10/site-packages/ttnn/tt_metal/hw/firmware/src/tt-1xx/trisc.cc,
3,6,2,BRISC,61457,11018334781735,0,2051,,,BRISC-FW,ZONE_START,412,/home/ekaterina_kuzmina1/tenstorrent/.venv/lib/python3.10/site-packages/ttnn/tt_metal/hw/firmware/src/tt-1xx/brisc.cc,
3,6,2,BRISC,63326,11018334782539,0,2051,,,BRISC-KERNEL,ZONE_START,64,/home/ekaterina_kuzmina1/tenstorrent/.venv/lib/python3.10/site-packages/ttnn/tt_metal/hw/firmware/src/tt-1xx/brisck.cc,
3,6,2,BRISC,63326,11018335379075,0,2051,,,BRISC-KERNEL,ZONE_END,64,/home/ekaterina_kuzmina1/tenstorrent/.venv/lib/python3.10/site-packages/ttnn/tt_metal/hw/firmware/src/tt-1xx/brisck.cc,
3,6,2,BRISC,61457,11018335379264,0,2051,,,BRISC-FW,ZONE_END,412,/home/ekaterina_kuzmina1/tenstorrent/.venv/lib/python3.10/site-packages/ttnn/tt_metal/hw/firmware/src/tt-1xx/brisc.cc,
3,6,2,BRISC,61457,11018391680667,0,3075,,,BRISC-FW,ZONE_START,412,/home/ekaterina_kuzmina1/tenstorrent/.venv/lib/python3.10/site-packages/ttnn/tt_metal/hw/firmware/src/tt-1xx/brisc.cc,
3,6,2,BRISC,63326,11018391681366,0,3075,,,BRISC-KERNEL,ZONE_START,64,/home/ekaterina_kuzmina1/tenstorrent/.venv/lib/python3.10/site-packages/ttnn/tt_metal/hw/firmware/src/tt-1xx/brisck.cc,
3,6,2,BRISC,63326,11018392291429,0,3075,,,BRISC-KERNEL,ZONE_END,64,/home/ekaterina_kuzmina1/tenstorrent/.venv/lib/python3.10/site-packages/ttnn/tt_metal/hw/firmware/src/tt-1xx/brisck.cc,
3,6,2,BRISC,61457,11018392291606,0,3075,,,BRISC-FW,ZONE_END,412,/home/ekaterina_kuzmina1/tenstorrent/.venv/lib/python3.10/site-packages/ttnn/tt_metal/hw/firmware/src/tt-1xx/brisc.cc,
3,6,2,BRISC,61457,11019124110271,0,4099,,,BRISC-FW,ZONE_START,412,/home/ekaterina_kuzmina1/tenstorrent/.venv/lib/python3.10/site-packages/ttnn/tt_metal/hw/firmware/src/tt-1xx/brisc.cc,
3,6,2,BRISC,63326,11019124111136,0,4099,,,BRISC-KERNEL,ZONE_START,64,/home/ekaterina_kuzmina1/tenstorrent/.venv/lib/python3.10/site-packages/ttnn/tt_metal/hw/firmware/src/tt-1xx/brisck.cc,
3,6,2,BRISC,63326,11019124273172,0,4099,,,BRISC-KERNEL,ZONE_END,64,/home/ekaterina_kuzmina1/tenstorrent/.venv/lib/python3.10/site-packages/ttnn/tt_metal/hw/firmware/src/tt-1xx/brisck.cc,
3,6,2,BRISC,61457,11019124273354,0,4099,,,BRISC-FW,ZONE_END,412,/home/ekaterina_kuzmina1/tenstorrent/.venv/lib/python3.10/site-packages/ttnn/tt_metal/hw/firmware/src/tt-1xx/brisc.cc,
3,6,2,NCRISC,12030,11018334781887,0,2051,,,NCRISC-FW,ZONE_START,123,/home/ekaterina_kuzmina1/tenstorrent/.venv/lib/python3.10/site-packages/ttnn/tt_metal/hw/firmware/src/tt-1xx/ncrisc.cc,
3,6,2,NCRISC,16513,11018334782542,0,2051,,,NCRISC-KERNEL,ZONE_START,63,/home/ekaterina_kuzmina1/tenstorrent/.venv/lib/python3.10/site-packages/ttnn/tt_metal/hw/firmware/src/tt-1xx/ncrisck.cc,
3,6,2,NCRISC,16513,11018335255955,0,2051,,,NCRISC-KERNEL,ZONE_END,63,/home/ekaterina_kuzmina1/tenstorrent/.venv/lib/python3.10/site-packages/ttnn/tt_metal/hw/firmware/src/tt-1xx/ncrisck.cc,
3,6,2,NCRISC,12030,11018335256072,0,2051,,,NCRISC-FW,ZONE_END,123,/home/ekaterina_kuzmina1/tenstorrent/.venv/lib/python3.10/site-packages/ttnn/tt_metal/hw/firmware/src/tt-1xx/ncrisc.cc,
3,6,2,NCRISC,12030,11018391680814,0,3075,,,NCRISC-FW,ZONE_START,123,/home/ekaterina_kuzmina1/tenstorrent/.venv/lib/python3.10/site-packages/ttnn/tt_metal/hw/firmware/src/tt-1xx/ncrisc.cc,
3,6,2,NCRISC,16513,11018391681338,0,3075,,,NCRISC-KERNEL,ZONE_START,63,/home/ekaterina_kuzmina1/tenstorrent/.venv/lib/python3.10/site-packages/ttnn/tt_metal/hw/firmware/src/tt-1xx/ncrisck.cc,
3,6,2,NCRISC,16513,11018392289013,0,3075,,,NCRISC-KERNEL,ZONE_END,63,/home/ekaterina_kuzmina1/tenstorrent/.venv/lib/python3.10/site-packages/ttnn/tt_metal/hw/firmware/src/tt-1xx/ncrisck.cc,
3,6,2,NCRISC,12030,11018392289132,0,3075,,,NCRISC-FW,ZONE_END,123,/home/ekaterina_kuzmina1/tenstorrent/.venv/lib/python3.10/site-packages/ttnn/tt_metal/hw/firmware/src/tt-1xx/ncrisc.cc,
3,6,2,NCRISC,12030,11019124110418,0,4099,,,NCRISC-FW,ZONE_START,123,/home/ekaterina_kuzmina1/tenstorrent/.venv/lib/python3.10/site-packages/ttnn/tt_metal/hw/firmware/src/tt-1xx/ncrisc.cc,
3,6,2,NCRISC,16513,11019124111119,0,4099,,,NCRISC-KERNEL,ZONE_START,63,/home/ekaterina_kuzmina1/tenstorrent/.venv/lib/python3.10/site-packages/ttnn/tt_metal/hw/firmware/src/tt-1xx/ncrisck.cc,
3,6,2,NCRISC,16513,11019124271471,0,4099,,,NCRISC-KERNEL,ZONE_END,63,/home/ekaterina_kuzmina1/tenstorrent/.venv/lib/python3.10/site-packages/ttnn/tt_metal/hw/firmware/src/tt-1xx/ncrisck.cc,
3,6,2,NCRISC,12030,11019124271620,0,4099,,,NCRISC-FW,ZONE_END,123,/home/ekaterina_kuzmina1/tenstorrent/.venv/lib/python3.10/site-packages/ttnn/tt_metal/hw/firmware/src/tt-1xx/ncrisc.cc,
3,6,2,TRISC_0,8413,11018334781980,0,2051,,,TRISC-FW,ZONE_START,136,/home/ekaterina_kuzmina1/tenstorrent/.venv/lib/python3.10/site-packages/ttnn/tt_metal/hw/firmware/src/tt-1xx/trisc.cc,
3,6,2,TRISC_0,360,11018334782559,0,2051,,,TRISC-KERNEL,ZONE_START,62,/home/ekaterina_kuzmina1/tenstorrent/.venv/lib/python3.10/site-packages/ttnn/tt_metal/hw/firmware/src/tt-1xx/trisck.cc,
3,6,2,TRISC_0,360,11018335285958,0,2051,,,TRISC-KERNEL,ZONE_END,62,/home/ekaterina_kuzmina1/tenstorrent/.venv/lib/python3.10/site-packages/ttnn/tt_metal/hw/firmware/src/tt-1xx/trisck.cc,
3,6,2,TRISC_0,8413,11018335286699,0,2051,,,TRISC-FW,ZONE_END,136,/home/ekaterina_kuzmina1/tenstorrent/.venv/lib/python3.10/site-packages/ttnn/tt_metal/hw/firmware/src/tt-1xx/trisc.cc,
3,6,2,TRISC_0,8413,11019124110522,0,4099,,,TRISC-FW,ZONE_START,136,/home/ekaterina_kuzmina1/tenstorrent/.venv/lib/python3.10/site-packages/ttnn/tt_metal/hw/firmware/src/tt-1xx/trisc.cc,
3,6,2,TRISC_0,360,11019124110864,0,4099,,,TRISC-KERNEL,ZONE_START,62,/home/ekaterina_kuzmina1/tenstorrent/.venv/lib/python3.10/site-packages/ttnn/tt_metal/hw/firmware/src/tt-1xx/trisck.cc,
3,6,2,TRISC_0,360,11019124271502,0,4099,,,TRISC-KERNEL,ZONE_END,62,/home/ekaterina_kuzmina1/tenstorrent/.venv/lib/python3.10/site-packages/ttnn/tt_metal/hw/firmware/src/tt-1xx/trisck.cc,
3,6,2,TRISC_0,8413,11019124271546,0,4099,,,TRISC-FW,ZONE_END,136,/home/ekaterina_kuzmina1/tenstorrent/.venv/lib/python3.10/site-packages/ttnn/tt_metal/hw/firmware/src/tt-1xx/trisc.cc,
3,6,2,TRISC_1,8413,11018334781979,0,2051,,,TRISC-FW,ZONE_START,136,/home/ekaterina_kuzmina1/tenstorrent/.venv/lib/python3.10/site-packages/ttnn/tt_metal/hw/firmware/src/tt-1xx/trisc.cc,
3,6,2,TRISC_1,360,11018334782546,0,2051,,,TRISC-KERNEL,ZONE_START,62,/home/ekaterina_kuzmina1/tenstorrent/.venv/lib/python3.10/site-packages/ttnn/tt_metal/hw/firmware/src/tt-1xx/trisck.cc,
3,6,2,TRISC_1,360,11018335286753,0,2051,,,TRISC-KERNEL,ZONE_END,62,/home/ekaterina_kuzmina1/tenstorrent/.venv/lib/python3.10/site-packages/ttnn/tt_metal/hw/firmware/src/tt-1xx/trisck.cc,
3,6,2,TRISC_1,8413,11018335286811,0,2051,,,TRISC-FW,ZONE_END,136,/home/ekaterina_kuzmina1/tenstorrent/.venv/lib/python3.10/site-packages/ttnn/tt_metal/hw/firmware/src/tt-1xx/trisc.cc,
3,6,2,TRISC_1,8413,11019124110523,0,4099,,,TRISC-FW,ZONE_START,136,/home/ekaterina_kuzmina1/tenstorrent/.venv/lib/python3.10/site-packages/ttnn/tt_metal/hw/firmware/src/tt-1xx/trisc.cc,
3,6,2,TRISC_1,360,11019124110759,0,4099,,,TRISC-KERNEL,ZONE_START,62,/home/ekaterina_kuzmina1/tenstorrent/.venv/lib/python3.10/site-packages/ttnn/tt_metal/hw/firmware/src/tt-1xx/trisck.cc,
3,6,2,TRISC_1,360,11019124269737,0,4099,,,TRISC-KERNEL,ZONE_END,62,/home/ekaterina_kuzmina1/tenstorrent/.venv/lib/python3.10/site-packages/ttnn/tt_metal/hw/firmware/src/tt-1xx/trisck.cc,
3,6,2,TRISC_1,8413,11019124271525,0,4099,,,TRISC-FW,ZONE_END,136,/home/ekaterina_kuzmina1/tenstorrent/.venv/lib/python3.10/site-packages/ttnn/tt_metal/hw/firmware/src/tt-1xx/trisc.cc,
3,6,2,TRISC_2,8413,11018334781987,0,2051,,,TRISC-FW,ZONE_START,136,/home/ekaterina_kuzmina1/tenstorrent/.venv/lib/python3.10/site-packages/ttnn/tt_metal/hw/firmware/src/tt-1xx/trisc.cc,
3,6,2,TRISC_2,360,11018334782543,0,2051,,,TRISC-KERNEL,ZONE_START,62,/home/ekaterina_kuzmina1/tenstorrent/.venv/lib/python3.10/site-packages/ttnn/tt_metal/hw/firmware/src/tt-1xx/trisck.cc,
3,6,2,TRISC_2,360,11018335286872,0,2051,,,TRISC-KERNEL,ZONE_END,62,/home/ekaterina_kuzmina1/tenstorrent/.venv/lib/python3.10/site-packages/ttnn/tt_metal/hw/firmware/src/tt-1xx/trisck.cc,
3,6,2,TRISC_2,8413,11018335287094,0,2051,,,TRISC-FW,ZONE_END,136,/home/ekaterina_kuzmina1/tenstorrent/.venv/lib/python3.10/site-packages/ttnn/tt_metal/hw/firmware/src/tt-1xx/trisc.cc,
3,6,2,TRISC_2,8413,11019124110536,0,4099,,,TRISC-FW,ZONE_START,136,/home/ekaterina_kuzmina1/tenstorrent/.venv/lib/python3.10/site-packages/ttnn/tt_metal/hw/firmware/src/tt-1xx/trisc.cc,
3,6,2,TRISC_2,360,11019124110860,0,4099,,,TRISC-KERNEL,ZONE_START,62,/home/ekaterina_kuzmina1/tenstorrent/.venv/lib/python3.10/site-packages/ttnn/tt_metal/hw/firmware/src/tt-1xx/trisck.cc,
3,6,2,TRISC_2,360,11019124271495,0,4099,,,TRISC-KERNEL,ZONE_END,62,/home/ekaterina_kuzmina1/tenstorrent/.venv/lib/python3.10/site-packages/ttnn/tt_metal/hw/firmware/src/tt-1xx/trisck.cc,
3,6,2,TRISC_2,8413,11019124271638,0,4099,,,TRISC-FW,ZONE_END,136,/home/ekaterina_kuzmina1/tenstorrent/.venv/lib/python3.10/site-packages/ttnn/tt_metal/hw/firmware/src/tt-1xx/trisc.cc,
3,6,3,BRISC,61457,11018334781744,0,2051,,,BRISC-FW,ZONE_START,412,/home/ekaterina_kuzmina1/tenstorrent/.venv/lib/python3.10/site-packages/ttnn/tt_metal/hw/firmware/src/tt-1xx/brisc.cc,
3,6,3,BRISC,63326,11018334782530,0,2051,,,BRISC-KERNEL,ZONE_START,64,/home/ekaterina_kuzmina1/tenstorrent/.venv/lib/python3.10/site-packages/ttnn/tt_metal/hw/firmware/src/tt-1xx/brisck.cc,
3,6,3,BRISC,63326,11018335364801,0,2051,,,BRISC-KERNEL,ZONE_END,64,/home/ekaterina_kuzmina1/tenstorrent/.venv/lib/python3.10/site-packages/ttnn/tt_metal/hw/firmware/src/tt-1xx/brisck.cc,
3,6,3,BRISC,61457,11018335364986,0,2051,,,BRISC-FW,ZONE_END,412,/home/ekaterina_kuzmina1/tenstorrent/.venv/lib/python3.10/site-packages/ttnn/tt_metal/hw/firmware/src/tt-1xx/brisc.cc,
3,6,3,BRISC,61457,11018391680657,0,3075,,,BRISC-FW,ZONE_START,412,/home/ekaterina_kuzmina1/tenstorrent/.venv/lib/python3.10/site-packages/ttnn/tt_metal/hw/firmware/src/tt-1xx/brisc.cc,
3,6,3,BRISC,63326,11018391681361,0,3075,,,BRISC-KERNEL,ZONE_START,64,/home/ekaterina_kuzmina1/tenstorrent/.venv/lib/python3.10/site-packages/ttnn/tt_metal/hw/firmware/src/tt-1xx/brisck.cc,
3,6,3,BRISC,63326,11018392292362,0,3075,,,BRISC-KERNEL,ZONE_END,64,/home/ekaterina_kuzmina1/tenstorrent/.venv/lib/python3.10/site-packages/ttnn/tt_metal/hw/firmware/src/tt-1xx/brisck.cc,
3,6,3,BRISC,61457,11018392292543,0,3075,,,BRISC-FW,ZONE_END,412,/home/ekaterina_kuzmina1/tenstorrent/.venv/lib/python3.10/site-packages/ttnn/tt_metal/hw/firmware/src/tt-1xx/brisc.cc,
3,6,3,BRISC,61457,11019124110246,0,4099,,,BRISC-FW,ZONE_START,412,/home/ekaterina_kuzmina1/tenstorrent/.venv/lib/python3.10/site-packages/ttnn/tt_metal/hw/firmware/src/tt-1xx/brisc.cc,
3,6,3,BRISC,63326,11019124111110,0,4099,,,BRISC-KERNEL,ZONE_START,64,/home/ekaterina_kuzmina1/tenstorrent/.venv/lib/python3.10/site-packages/ttnn/tt_metal/hw/firmware/src/tt-1xx/brisck.cc,
3,6,3,BRISC,63326,11019124270582,0,4099,,,BRISC-KERNEL,ZONE_END,64,/home/ekaterina_kuzmina1/tenstorrent/.venv/lib/python3.10/site-packages/ttnn/tt_metal/hw/firmware/src/tt-1xx/brisck.cc,
3,6,3,BRISC,61457,11019124270761,0,4099,,,BRISC-FW,ZONE_END,412,/home/ekaterina_kuzmina1/tenstorrent/.venv/lib/python3.10/site-packages/ttnn/tt_metal/hw/firmware/src/tt-1xx/brisc.cc,
3,6,3,NCRISC,12030,11018334781901,0,2051,,,NCRISC-FW,ZONE_START,123,/home/ekaterina_kuzmina1/tenstorrent/.venv/lib/python3.10/site-packages/ttnn/tt_metal/hw/firmware/src/tt-1xx/ncrisc.cc,
3,6,3,NCRISC,16513,11018334782518,0,2051,,,NCRISC-KERNEL,ZONE_START,63,/home/ekaterina_kuzmina1/tenstorrent/.venv/lib/python3.10/site-packages/ttnn/tt_metal/hw/firmware/src/tt-1xx/ncrisck.cc,
3,6,3,NCRISC,16513,11018335257259,0,2051,,,NCRISC-KERNEL,ZONE_END,63,/home/ekaterina_kuzmina1/tenstorrent/.venv/lib/python3.10/site-packages/ttnn/tt_metal/hw/firmware/src/tt-1xx/ncrisck.cc,
3,6,3,NCRISC,12030,11018335257376,0,2051,,,NCRISC-FW,ZONE_END,123,/home/ekaterina_kuzmina1/tenstorrent/.venv/lib/python3.10/site-packages/ttnn/tt_metal/hw/firmware/src/tt-1xx/ncrisc.cc,
3,6,3,NCRISC,12030,11018391680800,0,3075,,,NCRISC-FW,ZONE_START,123,/home/ekaterina_kuzmina1/tenstorrent/.venv/lib/python3.10/site-packages/ttnn/tt_metal/hw/firmware/src/tt-1xx/ncrisc.cc,
3,6,3,NCRISC,16513,11018391681332,0,3075,,,NCRISC-KERNEL,ZONE_START,63,/home/ekaterina_kuzmina1/tenstorrent/.venv/lib/python3.10/site-packages/ttnn/tt_metal/hw/firmware/src/tt-1xx/ncrisck.cc,
3,6,3,NCRISC,16513,11018392289922,0,3075,,,NCRISC-KERNEL,ZONE_END,63,/home/ekaterina_kuzmina1/tenstorrent/.venv/lib/python3.10/site-packages/ttnn/tt_metal/hw/firmware/src/tt-1xx/ncrisck.cc,
3,6,3,NCRISC,12030,11018392290039,0,3075,,,NCRISC-FW,ZONE_END,123,/home/ekaterina_kuzmina1/tenstorrent/.venv/lib/python3.10/site-packages/ttnn/tt_metal/hw/firmware/src/tt-1xx/ncrisc.cc,
3,6,3,NCRISC,12030,11019124110390,0,4099,,,NCRISC-FW,ZONE_START,123,/home/ekaterina_kuzmina1/tenstorrent/.venv/lib/python3.10/site-packages/ttnn/tt_metal/hw/firmware/src/tt-1xx/ncrisc.cc,
3,6,3,NCRISC,16513,11019124111095,0,4099,,,NCRISC-KERNEL,ZONE_START,63,/home/ekaterina_kuzmina1/tenstorrent/.venv/lib/python3.10/site-packages/ttnn/tt_metal/hw/firmware/src/tt-1xx/ncrisck.cc,
3,6,3,NCRISC,16513,11019124269658,0,4099,,,NCRISC-KERNEL,ZONE_END,63,/home/ekaterina_kuzmina1/tenstorrent/.venv/lib/python3.10/site-packages/ttnn/tt_metal/hw/firmware/src/tt-1xx/ncrisck.cc,
3,6,3,NCRISC,12030,11019124269787,0,4099,,,NCRISC-FW,ZONE_END,123,/home/ekaterina_kuzmina1/tenstorrent/.venv/lib/python3.10/site-packages/ttnn/tt_metal/hw/firmware/src/tt-1xx/ncrisc.cc,
3,6,3,TRISC_0,8413,11018334781992,0,2051,,,TRISC-FW,ZONE_START,136,/home/ekaterina_kuzmina1/tenstorrent/.venv/lib/python3.10/site-packages/ttnn/tt_metal/hw/firmware/src/tt-1xx/trisc.cc,
3,6,3,TRISC_0,360,11018334782527,0,2051,,,TRISC-KERNEL,ZONE_START,62,/home/ekaterina_kuzmina1/tenstorrent/.venv/lib/python3.10/site-packages/ttnn/tt_metal/hw/firmware/src/tt-1xx/trisck.cc,
3,6,3,TRISC_0,360,11018335285958,0,2051,,,TRISC-KERNEL,ZONE_END,62,/home/ekaterina_kuzmina1/tenstorrent/.venv/lib/python3.10/site-packages/ttnn/tt_metal/hw/firmware/src/tt-1xx/trisck.cc,
3,6,3,TRISC_0,8413,11018335286701,0,2051,,,TRISC-FW,ZONE_END,136,/home/ekaterina_kuzmina1/tenstorrent/.venv/lib/python3.10/site-packages/ttnn/tt_metal/hw/firmware/src/tt-1xx/trisc.cc,
3,6,3,TRISC_0,8413,11019124110491,0,4099,,,TRISC-FW,ZONE_START,136,/home/ekaterina_kuzmina1/tenstorrent/.venv/lib/python3.10/site-packages/ttnn/tt_metal/hw/firmware/src/tt-1xx/trisc.cc,
3,6,3,TRISC_0,360,11019124110830,0,4099,,,TRISC-KERNEL,ZONE_START,62,/home/ekaterina_kuzmina1/tenstorrent/.venv/lib/python3.10/site-packages/ttnn/tt_metal/hw/firmware/src/tt-1xx/trisck.cc,
3,6,3,TRISC_0,360,11019124269696,0,4099,,,TRISC-KERNEL,ZONE_END,62,/home/ekaterina_kuzmina1/tenstorrent/.venv/lib/python3.10/site-packages/ttnn/tt_metal/hw/firmware/src/tt-1xx/trisck.cc,
3,6,3,TRISC_0,8413,11019124269747,0,4099,,,TRISC-FW,ZONE_END,136,/home/ekaterina_kuzmina1/tenstorrent/.venv/lib/python3.10/site-packages/ttnn/tt_metal/hw/firmware/src/tt-1xx/trisc.cc,
3,6,3,TRISC_1,8413,11018334781994,0,2051,,,TRISC-FW,ZONE_START,136,/home/ekaterina_kuzmina1/tenstorrent/.venv/lib/python3.10/site-packages/ttnn/tt_metal/hw/firmware/src/tt-1xx/trisc.cc,
3,6,3,TRISC_1,360,11018334782528,0,2051,,,TRISC-KERNEL,ZONE_START,62,/home/ekaterina_kuzmina1/tenstorrent/.venv/lib/python3.10/site-packages/ttnn/tt_metal/hw/firmware/src/tt-1xx/trisck.cc,
3,6,3,TRISC_1,360,11018335286755,0,2051,,,TRISC-KERNEL,ZONE_END,62,/home/ekaterina_kuzmina1/tenstorrent/.venv/lib/python3.10/site-packages/ttnn/tt_metal/hw/firmware/src/tt-1xx/trisck.cc,
3,6,3,TRISC_1,8413,11018335286810,0,2051,,,TRISC-FW,ZONE_END,136,/home/ekaterina_kuzmina1/tenstorrent/.venv/lib/python3.10/site-packages/ttnn/tt_metal/hw/firmware/src/tt-1xx/trisc.cc,
3,6,3,TRISC_1,8413,11019124110492,0,4099,,,TRISC-FW,ZONE_START,136,/home/ekaterina_kuzmina1/tenstorrent/.venv/lib/python3.10/site-packages/ttnn/tt_metal/hw/firmware/src/tt-1xx/trisc.cc,
3,6,3,TRISC_1,360,11019124110742,0,4099,,,TRISC-KERNEL,ZONE_START,62,/home/ekaterina_kuzmina1/tenstorrent/.venv/lib/python3.10/site-packages/ttnn/tt_metal/hw/firmware/src/tt-1xx/trisck.cc,
3,6,3,TRISC_1,360,11019124265916,0,4099,,,TRISC-KERNEL,ZONE_END,62,/home/ekaterina_kuzmina1/tenstorrent/.venv/lib/python3.10/site-packages/ttnn/tt_metal/hw/firmware/src/tt-1xx/trisck.cc,
3,6,3,TRISC_1,8413,11019124269712,0,4099,,,TRISC-FW,ZONE_END,136,/home/ekaterina_kuzmina1/tenstorrent/.venv/lib/python3.10/site-packages/ttnn/tt_metal/hw/firmware/src/tt-1xx/trisc.cc,
3,6,3,TRISC_2,8413,11018334782007,0,2051,,,TRISC-FW,ZONE_START,136,/home/ekaterina_kuzmina1/tenstorrent/.venv/lib/python3.10/site-packages/ttnn/tt_metal/hw/firmware/src/tt-1xx/trisc.cc,
3,6,3,TRISC_2,360,11018334782529,0,2051,,,TRISC-KERNEL,ZONE_START,62,/home/ekaterina_kuzmina1/tenstorrent/.venv/lib/python3.10/site-packages/ttnn/tt_metal/hw/firmware/src/tt-1xx/trisck.cc,
3,6,3,TRISC_2,360,11018335286871,0,2051,,,TRISC-KERNEL,ZONE_END,62,/home/ekaterina_kuzmina1/tenstorrent/.venv/lib/python3.10/site-packages/ttnn/tt_metal/hw/firmware/src/tt-1xx/trisck.cc,
3,6,3,TRISC_2,8413,11018335287114,0,2051,,,TRISC-FW,ZONE_END,136,/home/ekaterina_kuzmina1/tenstorrent/.venv/lib/python3.10/site-packages/ttnn/tt_metal/hw/firmware/src/tt-1xx/trisc.cc,
3,6,3,TRISC_2,8413,11019124110500,0,4099,,,TRISC-FW,ZONE_START,136,/home/ekaterina_kuzmina1/tenstorrent/.venv/lib/python3.10/site-packages/ttnn/tt_metal/hw/firmware/src/tt-1xx/trisc.cc,
3,6,3,TRISC_2,360,11019124110824,0,4099,,,TRISC-KERNEL,ZONE_START,62,/home/ekaterina_kuzmina1/tenstorrent/.venv/lib/python3.10/site-packages/ttnn/tt_metal/hw/firmware/src/tt-1xx/trisck.cc,
3,6,3,TRISC_2,360,11019124268198,0,4099,,,TRISC-KERNEL,ZONE_END,62,/home/ekaterina_kuzmina1/tenstorrent/.venv/lib/python3.10/site-packages/ttnn/tt_metal/hw/firmware/src/tt-1xx/trisck.cc,
3,6,3,TRISC_2,8413,11019124269813,0,4099,,,TRISC-FW,ZONE_END,136,/home/ekaterina_kuzmina1/tenstorrent/.venv/lib/python3.10/site-packages/ttnn/tt_metal/hw/firmware/src/tt-1xx/trisc.cc,
3,6,4,BRISC,61457,11018334781756,0,2051,,,BRISC-FW,ZONE_START,412,/home/ekaterina_kuzmina1/tenstorrent/.venv/lib/python3.10/site-packages/ttnn/tt_metal/hw/firmware/src/tt-1xx/brisc.cc,
3,6,4,BRISC,63326,11018334782547,0,2051,,,BRISC-KERNEL,ZONE_START,64,/home/ekaterina_kuzmina1/tenstorrent/.venv/lib/python3.10/site-packages/ttnn/tt_metal/hw/firmware/src/tt-1xx/brisck.cc,
3,6,4,BRISC,63326,11018335349650,0,2051,,,BRISC-KERNEL,ZONE_END,64,/home/ekaterina_kuzmina1/tenstorrent/.venv/lib/python3.10/site-packages/ttnn/tt_metal/hw/firmware/src/tt-1xx/brisck.cc,
3,6,4,BRISC,61457,11018335349839,0,2051,,,BRISC-FW,ZONE_END,412,/home/ekaterina_kuzmina1/tenstorrent/.venv/lib/python3.10/site-packages/ttnn/tt_metal/hw/firmware/src/tt-1xx/brisc.cc,
3,6,4,BRISC,61457,11018391680674,0,3075,,,BRISC-FW,ZONE_START,412,/home/ekaterina_kuzmina1/tenstorrent/.venv/lib/python3.10/site-packages/ttnn/tt_metal/hw/firmware/src/tt-1xx/brisc.cc,
3,6,4,BRISC,63326,11018391681373,0,3075,,,BRISC-KERNEL,ZONE_START,64,/home/ekaterina_kuzmina1/tenstorrent/.venv/lib/python3.10/site-packages/ttnn/tt_metal/hw/firmware/src/tt-1xx/brisck.cc,
3,6,4,BRISC,63326,11018392297408,0,3075,,,BRISC-KERNEL,ZONE_END,64,/home/ekaterina_kuzmina1/tenstorrent/.venv/lib/python3.10/site-packages/ttnn/tt_metal/hw/firmware/src/tt-1xx/brisck.cc,
3,6,4,BRISC,61457,11018392297585,0,3075,,,BRISC-FW,ZONE_END,412,/home/ekaterina_kuzmina1/tenstorrent/.venv/lib/python3.10/site-packages/ttnn/tt_metal/hw/firmware/src/tt-1xx/brisc.cc,
3,6,4,BRISC,61457,11019124110288,0,4099,,,BRISC-FW,ZONE_START,412,/home/ekaterina_kuzmina1/tenstorrent/.venv/lib/python3.10/site-packages/ttnn/tt_metal/hw/firmware/src/tt-1xx/brisc.cc,
3,6,4,BRISC,63326,11019124111149,0,4099,,,BRISC-KERNEL,ZONE_START,64,/home/ekaterina_kuzmina1/tenstorrent/.venv/lib/python3.10/site-packages/ttnn/tt_metal/hw/firmware/src/tt-1xx/brisck.cc,
3,6,4,BRISC,63326,11019124278404,0,4099,,,BRISC-KERNEL,ZONE_END,64,/home/ekaterina_kuzmina1/tenstorrent/.venv/lib/python3.10/site-packages/ttnn/tt_metal/hw/firmware/src/tt-1xx/brisck.cc,
3,6,4,BRISC,61457,11019124278586,0,4099,,,BRISC-FW,ZONE_END,412,/home/ekaterina_kuzmina1/tenstorrent/.venv/lib/python3.10/site-packages/ttnn/tt_metal/hw/firmware/src/tt-1xx/brisc.cc,
3,6,4,NCRISC,12030,11018334781913,0,2051,,,NCRISC-FW,ZONE_START,123,/home/ekaterina_kuzmina1/tenstorrent/.venv/lib/python3.10/site-packages/ttnn/tt_metal/hw/firmware/src/tt-1xx/ncrisc.cc,
3,6,4,NCRISC,16513,11018334782512,0,2051,,,NCRISC-KERNEL,ZONE_START,63,/home/ekaterina_kuzmina1/tenstorrent/.venv/lib/python3.10/site-packages/ttnn/tt_metal/hw/firmware/src/tt-1xx/ncrisck.cc,
3,6,4,NCRISC,16513,11018335256910,0,2051,,,NCRISC-KERNEL,ZONE_END,63,/home/ekaterina_kuzmina1/tenstorrent/.venv/lib/python3.10/site-packages/ttnn/tt_metal/hw/firmware/src/tt-1xx/ncrisck.cc,
3,6,4,NCRISC,12030,11018335257027,0,2051,,,NCRISC-FW,ZONE_END,123,/home/ekaterina_kuzmina1/tenstorrent/.venv/lib/python3.10/site-packages/ttnn/tt_metal/hw/firmware/src/tt-1xx/ncrisc.cc,
3,6,4,NCRISC,12030,11018391680817,0,3075,,,NCRISC-FW,ZONE_START,123,/home/ekaterina_kuzmina1/tenstorrent/.venv/lib/python3.10/site-packages/ttnn/tt_metal/hw/firmware/src/tt-1xx/ncrisc.cc,
3,6,4,NCRISC,16513,11018391681344,0,3075,,,NCRISC-KERNEL,ZONE_START,63,/home/ekaterina_kuzmina1/tenstorrent/.venv/lib/python3.10/site-packages/ttnn/tt_metal/hw/firmware/src/tt-1xx/ncrisck.cc,
3,6,4,NCRISC,16513,11018392294983,0,3075,,,NCRISC-KERNEL,ZONE_END,63,/home/ekaterina_kuzmina1/tenstorrent/.venv/lib/python3.10/site-packages/ttnn/tt_metal/hw/firmware/src/tt-1xx/ncrisck.cc,
3,6,4,NCRISC,12030,11018392295099,0,3075,,,NCRISC-FW,ZONE_END,123,/home/ekaterina_kuzmina1/tenstorrent/.venv/lib/python3.10/site-packages/ttnn/tt_metal/hw/firmware/src/tt-1xx/ncrisc.cc,
3,6,4,NCRISC,12030,11019124110435,0,4099,,,NCRISC-FW,ZONE_START,123,/home/ekaterina_kuzmina1/tenstorrent/.venv/lib/python3.10/site-packages/ttnn/tt_metal/hw/firmware/src/tt-1xx/ncrisc.cc,
3,6,4,NCRISC,16513,11019124111131,0,4099,,,NCRISC-KERNEL,ZONE_START,63,/home/ekaterina_kuzmina1/tenstorrent/.venv/lib/python3.10/site-packages/ttnn/tt_metal/hw/firmware/src/tt-1xx/ncrisck.cc,
3,6,4,NCRISC,16513,11019124276959,0,4099,,,NCRISC-KERNEL,ZONE_END,63,/home/ekaterina_kuzmina1/tenstorrent/.venv/lib/python3.10/site-packages/ttnn/tt_metal/hw/firmware/src/tt-1xx/ncrisck.cc,
3,6,4,NCRISC,12030,11019124277080,0,4099,,,NCRISC-FW,ZONE_END,123,/home/ekaterina_kuzmina1/tenstorrent/.venv/lib/python3.10/site-packages/ttnn/tt_metal/hw/firmware/src/tt-1xx/ncrisc.cc,
3,6,4,TRISC_0,8413,11018334782022,0,2051,,,TRISC-FW,ZONE_START,136,/home/ekaterina_kuzmina1/tenstorrent/.venv/lib/python3.10/site-packages/ttnn/tt_metal/hw/firmware/src/tt-1xx/trisc.cc,
3,6,4,TRISC_0,360,11018334782516,0,2051,,,TRISC-KERNEL,ZONE_START,62,/home/ekaterina_kuzmina1/tenstorrent/.venv/lib/python3.10/site-packages/ttnn/tt_metal/hw/firmware/src/tt-1xx/trisck.cc,
3,6,4,TRISC_0,360,11018335285946,0,2051,,,TRISC-KERNEL,ZONE_END,62,/home/ekaterina_kuzmina1/tenstorrent/.venv/lib/python3.10/site-packages/ttnn/tt_metal/hw/firmware/src/tt-1xx/trisck.cc,
3,6,4,TRISC_0,8413,11018335286689,0,2051,,,TRISC-FW,ZONE_END,136,/home/ekaterina_kuzmina1/tenstorrent/.venv/lib/python3.10/site-packages/ttnn/tt_metal/hw/firmware/src/tt-1xx/trisc.cc,
3,6,4,TRISC_0,8413,11019124110539,0,4099,,,TRISC-FW,ZONE_START,136,/home/ekaterina_kuzmina1/tenstorrent/.venv/lib/python3.10/site-packages/ttnn/tt_metal/hw/firmware/src/tt-1xx/trisc.cc,
3,6,4,TRISC_0,360,11019124110882,0,4099,,,TRISC-KERNEL,ZONE_START,62,/home/ekaterina_kuzmina1/tenstorrent/.venv/lib/python3.10/site-packages/ttnn/tt_metal/hw/firmware/src/tt-1xx/trisck.cc,
3,6,4,TRISC_0,360,11019124276991,0,4099,,,TRISC-KERNEL,ZONE_END,62,/home/ekaterina_kuzmina1/tenstorrent/.venv/lib/python3.10/site-packages/ttnn/tt_metal/hw/firmware/src/tt-1xx/trisck.cc,
3,6,4,TRISC_0,8413,11019124277035,0,4099,,,TRISC-FW,ZONE_END,136,/home/ekaterina_kuzmina1/tenstorrent/.venv/lib/python3.10/site-packages/ttnn/tt_metal/hw/firmware/src/tt-1xx/trisc.cc,
3,6,4,TRISC_1,8413,11018334782005,0,2051,,,TRISC-FW,ZONE_START,136,/home/ekaterina_kuzmina1/tenstorrent/.venv/lib/python3.10/site-packages/ttnn/tt_metal/hw/firmware/src/tt-1xx/trisc.cc,
3,6,4,TRISC_1,360,11018334782518,0,2051,,,TRISC-KERNEL,ZONE_START,62,/home/ekaterina_kuzmina1/tenstorrent/.venv/lib/python3.10/site-packages/ttnn/tt_metal/hw/firmware/src/tt-1xx/trisck.cc,
3,6,4,TRISC_1,360,11018335286743,0,2051,,,TRISC-KERNEL,ZONE_END,62,/home/ekaterina_kuzmina1/tenstorrent/.venv/lib/python3.10/site-packages/ttnn/tt_metal/hw/firmware/src/tt-1xx/trisck.cc,
3,6,4,TRISC_1,8413,11018335286801,0,2051,,,TRISC-FW,ZONE_END,136,/home/ekaterina_kuzmina1/tenstorrent/.venv/lib/python3.10/site-packages/ttnn/tt_metal/hw/firmware/src/tt-1xx/trisc.cc,
3,6,4,TRISC_1,8413,11019124110540,0,4099,,,TRISC-FW,ZONE_START,136,/home/ekaterina_kuzmina1/tenstorrent/.venv/lib/python3.10/site-packages/ttnn/tt_metal/hw/firmware/src/tt-1xx/trisc.cc,
3,6,4,TRISC_1,360,11019124110724,0,4099,,,TRISC-KERNEL,ZONE_START,62,/home/ekaterina_kuzmina1/tenstorrent/.venv/lib/python3.10/site-packages/ttnn/tt_metal/hw/firmware/src/tt-1xx/trisck.cc,
3,6,4,TRISC_1,360,11019124275856,0,4099,,,TRISC-KERNEL,ZONE_END,62,/home/ekaterina_kuzmina1/tenstorrent/.venv/lib/python3.10/site-packages/ttnn/tt_metal/hw/firmware/src/tt-1xx/trisck.cc,
3,6,4,TRISC_1,8413,11019124277013,0,4099,,,TRISC-FW,ZONE_END,136,/home/ekaterina_kuzmina1/tenstorrent/.venv/lib/python3.10/site-packages/ttnn/tt_metal/hw/firmware/src/tt-1xx/trisc.cc,
3,6,4,TRISC_2,8413,11018334782015,0,2051,,,TRISC-FW,ZONE_START,136,/home/ekaterina_kuzmina1/tenstorrent/.venv/lib/python3.10/site-packages/ttnn/tt_metal/hw/firmware/src/tt-1xx/trisc.cc,
3,6,4,TRISC_2,360,11018334782517,0,2051,,,TRISC-KERNEL,ZONE_START,62,/home/ekaterina_kuzmina1/tenstorrent/.venv/lib/python3.10/site-packages/ttnn/tt_metal/hw/firmware/src/tt-1xx/trisck.cc,
3,6,4,TRISC_2,360,11018335286861,0,2051,,,TRISC-KERNEL,ZONE_END,62,/home/ekaterina_kuzmina1/tenstorrent/.venv/lib/python3.10/site-packages/ttnn/tt_metal/hw/firmware/src/tt-1xx/trisck.cc,
3,6,4,TRISC_2,8413,11018335287095,0,2051,,,TRISC-FW,ZONE_END,136,/home/ekaterina_kuzmina1/tenstorrent/.venv/lib/python3.10/site-packages/ttnn/tt_metal/hw/firmware/src/tt-1xx/trisc.cc,
3,6,4,TRISC_2,8413,11019124110553,0,4099,,,TRISC-FW,ZONE_START,136,/home/ekaterina_kuzmina1/tenstorrent/.venv/lib/python3.10/site-packages/ttnn/tt_metal/hw/firmware/src/tt-1xx/trisc.cc,
3,6,4,TRISC_2,360,11019124110884,0,4099,,,TRISC-KERNEL,ZONE_START,62,/home/ekaterina_kuzmina1/tenstorrent/.venv/lib/python3.10/site-packages/ttnn/tt_metal/hw/firmware/src/tt-1xx/trisck.cc,
3,6,4,TRISC_2,360,11019124277191,0,4099,,,TRISC-KERNEL,ZONE_END,62,/home/ekaterina_kuzmina1/tenstorrent/.venv/lib/python3.10/site-packages/ttnn/tt_metal/hw/firmware/src/tt-1xx/trisck.cc,
3,6,4,TRISC_2,8413,11019124277226,0,4099,,,TRISC-FW,ZONE_END,136,/home/ekaterina_kuzmina1/tenstorrent/.venv/lib/python3.10/site-packages/ttnn/tt_metal/hw/firmware/src/tt-1xx/trisc.cc,
3,6,5,BRISC,61457,11018334781795,0,2051,,,BRISC-FW,ZONE_START,412,/home/ekaterina_kuzmina1/tenstorrent/.venv/lib/python3.10/site-packages/ttnn/tt_metal/hw/firmware/src/tt-1xx/brisc.cc,
3,6,5,BRISC,63326,11018334782575,0,2051,,,BRISC-KERNEL,ZONE_START,64,/home/ekaterina_kuzmina1/tenstorrent/.venv/lib/python3.10/site-packages/ttnn/tt_metal/hw/firmware/src/tt-1xx/brisck.cc,
3,6,5,BRISC,63326,11018335331843,0,2051,,,BRISC-KERNEL,ZONE_END,64,/home/ekaterina_kuzmina1/tenstorrent/.venv/lib/python3.10/site-packages/ttnn/tt_metal/hw/firmware/src/tt-1xx/brisck.cc,
3,6,5,BRISC,61457,11018335332028,0,2051,,,BRISC-FW,ZONE_END,412,/home/ekaterina_kuzmina1/tenstorrent/.venv/lib/python3.10/site-packages/ttnn/tt_metal/hw/firmware/src/tt-1xx/brisc.cc,
3,6,5,BRISC,61457,11018391680710,0,3075,,,BRISC-FW,ZONE_START,412,/home/ekaterina_kuzmina1/tenstorrent/.venv/lib/python3.10/site-packages/ttnn/tt_metal/hw/firmware/src/tt-1xx/brisc.cc,
3,6,5,BRISC,63326,11018391681409,0,3075,,,BRISC-KERNEL,ZONE_START,64,/home/ekaterina_kuzmina1/tenstorrent/.venv/lib/python3.10/site-packages/ttnn/tt_metal/hw/firmware/src/tt-1xx/brisck.cc,
3,6,5,BRISC,63326,11018392287769,0,3075,,,BRISC-KERNEL,ZONE_END,64,/home/ekaterina_kuzmina1/tenstorrent/.venv/lib/python3.10/site-packages/ttnn/tt_metal/hw/firmware/src/tt-1xx/brisck.cc,
3,6,5,BRISC,61457,11018392287949,0,3075,,,BRISC-FW,ZONE_END,412,/home/ekaterina_kuzmina1/tenstorrent/.venv/lib/python3.10/site-packages/ttnn/tt_metal/hw/firmware/src/tt-1xx/brisc.cc,
3,6,5,BRISC,61457,11019124110270,0,4099,,,BRISC-FW,ZONE_START,412,/home/ekaterina_kuzmina1/tenstorrent/.venv/lib/python3.10/site-packages/ttnn/tt_metal/hw/firmware/src/tt-1xx/brisc.cc,
3,6,5,BRISC,63326,11019124111133,0,4099,,,BRISC-KERNEL,ZONE_START,64,/home/ekaterina_kuzmina1/tenstorrent/.venv/lib/python3.10/site-packages/ttnn/tt_metal/hw/firmware/src/tt-1xx/brisck.cc,
3,6,5,BRISC,63326,11019124272888,0,4099,,,BRISC-KERNEL,ZONE_END,64,/home/ekaterina_kuzmina1/tenstorrent/.venv/lib/python3.10/site-packages/ttnn/tt_metal/hw/firmware/src/tt-1xx/brisck.cc,
3,6,5,BRISC,61457,11019124273070,0,4099,,,BRISC-FW,ZONE_END,412,/home/ekaterina_kuzmina1/tenstorrent/.venv/lib/python3.10/site-packages/ttnn/tt_metal/hw/firmware/src/tt-1xx/brisc.cc,
3,6,5,NCRISC,12030,11018334781945,0,2051,,,NCRISC-FW,ZONE_START,123,/home/ekaterina_kuzmina1/tenstorrent/.venv/lib/python3.10/site-packages/ttnn/tt_metal/hw/firmware/src/tt-1xx/ncrisc.cc,
3,6,5,NCRISC,16513,11018334782545,0,2051,,,NCRISC-KERNEL,ZONE_START,63,/home/ekaterina_kuzmina1/tenstorrent/.venv/lib/python3.10/site-packages/ttnn/tt_metal/hw/firmware/src/tt-1xx/ncrisck.cc,
3,6,5,NCRISC,16513,11018335256153,0,2051,,,NCRISC-KERNEL,ZONE_END,63,/home/ekaterina_kuzmina1/tenstorrent/.venv/lib/python3.10/site-packages/ttnn/tt_metal/hw/firmware/src/tt-1xx/ncrisck.cc,
3,6,5,NCRISC,12030,11018335256269,0,2051,,,NCRISC-FW,ZONE_END,123,/home/ekaterina_kuzmina1/tenstorrent/.venv/lib/python3.10/site-packages/ttnn/tt_metal/hw/firmware/src/tt-1xx/ncrisc.cc,
3,6,5,NCRISC,12030,11018391680857,0,3075,,,NCRISC-FW,ZONE_START,123,/home/ekaterina_kuzmina1/tenstorrent/.venv/lib/python3.10/site-packages/ttnn/tt_metal/hw/firmware/src/tt-1xx/ncrisc.cc,
3,6,5,NCRISC,16513,11018391681381,0,3075,,,NCRISC-KERNEL,ZONE_START,63,/home/ekaterina_kuzmina1/tenstorrent/.venv/lib/python3.10/site-packages/ttnn/tt_metal/hw/firmware/src/tt-1xx/ncrisck.cc,
3,6,5,NCRISC,16513,11018392285354,0,3075,,,NCRISC-KERNEL,ZONE_END,63,/home/ekaterina_kuzmina1/tenstorrent/.venv/lib/python3.10/site-packages/ttnn/tt_metal/hw/firmware/src/tt-1xx/ncrisck.cc,
3,6,5,NCRISC,12030,11018392285468,0,3075,,,NCRISC-FW,ZONE_END,123,/home/ekaterina_kuzmina1/tenstorrent/.venv/lib/python3.10/site-packages/ttnn/tt_metal/hw/firmware/src/tt-1xx/ncrisc.cc,
3,6,5,NCRISC,12030,11019124110420,0,4099,,,NCRISC-FW,ZONE_START,123,/home/ekaterina_kuzmina1/tenstorrent/.venv/lib/python3.10/site-packages/ttnn/tt_metal/hw/firmware/src/tt-1xx/ncrisc.cc,
3,6,5,NCRISC,16513,11019124111116,0,4099,,,NCRISC-KERNEL,ZONE_START,63,/home/ekaterina_kuzmina1/tenstorrent/.venv/lib/python3.10/site-packages/ttnn/tt_metal/hw/firmware/src/tt-1xx/ncrisck.cc,
3,6,5,NCRISC,16513,11019124271611,0,4099,,,NCRISC-KERNEL,ZONE_END,63,/home/ekaterina_kuzmina1/tenstorrent/.venv/lib/python3.10/site-packages/ttnn/tt_metal/hw/firmware/src/tt-1xx/ncrisck.cc,
3,6,5,NCRISC,12030,11019124271745,0,4099,,,NCRISC-FW,ZONE_END,123,/home/ekaterina_kuzmina1/tenstorrent/.venv/lib/python3.10/site-packages/ttnn/tt_metal/hw/firmware/src/tt-1xx/ncrisc.cc,
3,6,5,TRISC_0,8413,11018334782033,0,2051,,,TRISC-FW,ZONE_START,136,/home/ekaterina_kuzmina1/tenstorrent/.venv/lib/python3.10/site-packages/ttnn/tt_metal/hw/firmware/src/tt-1xx/trisc.cc,
3,6,5,TRISC_0,360,11018334782509,0,2051,,,TRISC-KERNEL,ZONE_START,62,/home/ekaterina_kuzmina1/tenstorrent/.venv/lib/python3.10/site-packages/ttnn/tt_metal/hw/firmware/src/tt-1xx/trisck.cc,
3,6,5,TRISC_0,360,11018335285985,0,2051,,,TRISC-KERNEL,ZONE_END,62,/home/ekaterina_kuzmina1/tenstorrent/.venv/lib/python3.10/site-packages/ttnn/tt_metal/hw/firmware/src/tt-1xx/trisck.cc,
3,6,5,TRISC_0,8413,11018335286732,0,2051,,,TRISC-FW,ZONE_END,136,/home/ekaterina_kuzmina1/tenstorrent/.venv/lib/python3.10/site-packages/ttnn/tt_metal/hw/firmware/src/tt-1xx/trisc.cc,
3,6,5,TRISC_0,8413,11019124110517,0,4099,,,TRISC-FW,ZONE_START,136,/home/ekaterina_kuzmina1/tenstorrent/.venv/lib/python3.10/site-packages/ttnn/tt_metal/hw/firmware/src/tt-1xx/trisc.cc,
3,6,5,TRISC_0,360,11019124110847,0,4099,,,TRISC-KERNEL,ZONE_START,62,/home/ekaterina_kuzmina1/tenstorrent/.venv/lib/python3.10/site-packages/ttnn/tt_metal/hw/firmware/src/tt-1xx/trisck.cc,
3,6,5,TRISC_0,360,11019124271642,0,4099,,,TRISC-KERNEL,ZONE_END,62,/home/ekaterina_kuzmina1/tenstorrent/.venv/lib/python3.10/site-packages/ttnn/tt_metal/hw/firmware/src/tt-1xx/trisck.cc,
3,6,5,TRISC_0,8413,11019124271685,0,4099,,,TRISC-FW,ZONE_END,136,/home/ekaterina_kuzmina1/tenstorrent/.venv/lib/python3.10/site-packages/ttnn/tt_metal/hw/firmware/src/tt-1xx/trisc.cc,
3,6,5,TRISC_1,8413,11018334782040,0,2051,,,TRISC-FW,ZONE_START,136,/home/ekaterina_kuzmina1/tenstorrent/.venv/lib/python3.10/site-packages/ttnn/tt_metal/hw/firmware/src/tt-1xx/trisc.cc,
3,6,5,TRISC_1,360,11018334782510,0,2051,,,TRISC-KERNEL,ZONE_START,62,/home/ekaterina_kuzmina1/tenstorrent/.venv/lib/python3.10/site-packages/ttnn/tt_metal/hw/firmware/src/tt-1xx/trisck.cc,
3,6,5,TRISC_1,360,11018335286786,0,2051,,,TRISC-KERNEL,ZONE_END,62,/home/ekaterina_kuzmina1/tenstorrent/.venv/lib/python3.10/site-packages/ttnn/tt_metal/hw/firmware/src/tt-1xx/trisck.cc,
3,6,5,TRISC_1,8413,11018335286844,0,2051,,,TRISC-FW,ZONE_END,136,/home/ekaterina_kuzmina1/tenstorrent/.venv/lib/python3.10/site-packages/ttnn/tt_metal/hw/firmware/src/tt-1xx/trisc.cc,
3,6,5,TRISC_1,8413,11019124110511,0,4099,,,TRISC-FW,ZONE_START,136,/home/ekaterina_kuzmina1/tenstorrent/.venv/lib/python3.10/site-packages/ttnn/tt_metal/hw/firmware/src/tt-1xx/trisc.cc,
3,6,5,TRISC_1,360,11019124110722,0,4099,,,TRISC-KERNEL,ZONE_START,62,/home/ekaterina_kuzmina1/tenstorrent/.venv/lib/python3.10/site-packages/ttnn/tt_metal/hw/firmware/src/tt-1xx/trisck.cc,
3,6,5,TRISC_1,360,11019124269717,0,4099,,,TRISC-KERNEL,ZONE_END,62,/home/ekaterina_kuzmina1/tenstorrent/.venv/lib/python3.10/site-packages/ttnn/tt_metal/hw/firmware/src/tt-1xx/trisck.cc,
3,6,5,TRISC_1,8413,11019124271665,0,4099,,,TRISC-FW,ZONE_END,136,/home/ekaterina_kuzmina1/tenstorrent/.venv/lib/python3.10/site-packages/ttnn/tt_metal/hw/firmware/src/tt-1xx/trisc.cc,
3,6,5,TRISC_2,8413,11018334782056,0,2051,,,TRISC-FW,ZONE_START,136,/home/ekaterina_kuzmina1/tenstorrent/.venv/lib/python3.10/site-packages/ttnn/tt_metal/hw/firmware/src/tt-1xx/trisc.cc,
3,6,5,TRISC_2,360,11018334782508,0,2051,,,TRISC-KERNEL,ZONE_START,62,/home/ekaterina_kuzmina1/tenstorrent/.venv/lib/python3.10/site-packages/ttnn/tt_metal/hw/firmware/src/tt-1xx/trisck.cc,
3,6,5,TRISC_2,360,11018335286904,0,2051,,,TRISC-KERNEL,ZONE_END,62,/home/ekaterina_kuzmina1/tenstorrent/.venv/lib/python3.10/site-packages/ttnn/tt_metal/hw/firmware/src/tt-1xx/trisck.cc,
3,6,5,TRISC_2,8413,11018335287144,0,2051,,,TRISC-FW,ZONE_END,136,/home/ekaterina_kuzmina1/tenstorrent/.venv/lib/python3.10/site-packages/ttnn/tt_metal/hw/firmware/src/tt-1xx/trisc.cc,
3,6,5,TRISC_2,8413,11019124110522,0,4099,,,TRISC-FW,ZONE_START,136,/home/ekaterina_kuzmina1/tenstorrent/.venv/lib/python3.10/site-packages/ttnn/tt_metal/hw/firmware/src/tt-1xx/trisc.cc,
3,6,5,TRISC_2,360,11019124110850,0,4099,,,TRISC-KERNEL,ZONE_START,62,/home/ekaterina_kuzmina1/tenstorrent/.venv/lib/python3.10/site-packages/ttnn/tt_metal/hw/firmware/src/tt-1xx/trisck.cc,
3,6,5,TRISC_2,360,11019124270734,0,4099,,,TRISC-KERNEL,ZONE_END,62,/home/ekaterina_kuzmina1/tenstorrent/.venv/lib/python3.10/site-packages/ttnn/tt_metal/hw/firmware/src/tt-1xx/trisck.cc,
3,6,5,TRISC_2,8413,11019124271775,0,4099,,,TRISC-FW,ZONE_END,136,/home/ekaterina_kuzmina1/tenstorrent/.venv/lib/python3.10/site-packages/ttnn/tt_metal/hw/firmware/src/tt-1xx/trisc.cc,
3,6,7,BRISC,61457,11018334781799,0,2051,,,BRISC-FW,ZONE_START,412,/home/ekaterina_kuzmina1/tenstorrent/.venv/lib/python3.10/site-packages/ttnn/tt_metal/hw/firmware/src/tt-1xx/brisc.cc,
3,6,7,BRISC,63326,11018334782590,0,2051,,,BRISC-KERNEL,ZONE_START,64,/home/ekaterina_kuzmina1/tenstorrent/.venv/lib/python3.10/site-packages/ttnn/tt_metal/hw/firmware/src/tt-1xx/brisck.cc,
3,6,7,BRISC,63326,11018335320186,0,2051,,,BRISC-KERNEL,ZONE_END,64,/home/ekaterina_kuzmina1/tenstorrent/.venv/lib/python3.10/site-packages/ttnn/tt_metal/hw/firmware/src/tt-1xx/brisck.cc,
3,6,7,BRISC,61457,11018335320371,0,2051,,,BRISC-FW,ZONE_END,412,/home/ekaterina_kuzmina1/tenstorrent/.venv/lib/python3.10/site-packages/ttnn/tt_metal/hw/firmware/src/tt-1xx/brisc.cc,
3,6,7,BRISC,61457,11018391680688,0,3075,,,BRISC-FW,ZONE_START,412,/home/ekaterina_kuzmina1/tenstorrent/.venv/lib/python3.10/site-packages/ttnn/tt_metal/hw/firmware/src/tt-1xx/brisc.cc,
3,6,7,BRISC,63326,11018391681387,0,3075,,,BRISC-KERNEL,ZONE_START,64,/home/ekaterina_kuzmina1/tenstorrent/.venv/lib/python3.10/site-packages/ttnn/tt_metal/hw/firmware/src/tt-1xx/brisck.cc,
3,6,7,BRISC,63326,11018392288647,0,3075,,,BRISC-KERNEL,ZONE_END,64,/home/ekaterina_kuzmina1/tenstorrent/.venv/lib/python3.10/site-packages/ttnn/tt_metal/hw/firmware/src/tt-1xx/brisck.cc,
3,6,7,BRISC,61457,11018392288824,0,3075,,,BRISC-FW,ZONE_END,412,/home/ekaterina_kuzmina1/tenstorrent/.venv/lib/python3.10/site-packages/ttnn/tt_metal/hw/firmware/src/tt-1xx/brisc.cc,
3,6,7,BRISC,61457,11019124110332,0,4099,,,BRISC-FW,ZONE_START,412,/home/ekaterina_kuzmina1/tenstorrent/.venv/lib/python3.10/site-packages/ttnn/tt_metal/hw/firmware/src/tt-1xx/brisc.cc,
3,6,7,BRISC,63326,11019124111192,0,4099,,,BRISC-KERNEL,ZONE_START,64,/home/ekaterina_kuzmina1/tenstorrent/.venv/lib/python3.10/site-packages/ttnn/tt_metal/hw/firmware/src/tt-1xx/brisck.cc,
3,6,7,BRISC,63326,11019124277851,0,4099,,,BRISC-KERNEL,ZONE_END,64,/home/ekaterina_kuzmina1/tenstorrent/.venv/lib/python3.10/site-packages/ttnn/tt_metal/hw/firmware/src/tt-1xx/brisck.cc,
3,6,7,BRISC,61457,11019124278032,0,4099,,,BRISC-FW,ZONE_END,412,/home/ekaterina_kuzmina1/tenstorrent/.venv/lib/python3.10/site-packages/ttnn/tt_metal/hw/firmware/src/tt-1xx/brisc.cc,
3,6,7,NCRISC,12030,11018334781949,0,2051,,,NCRISC-FW,ZONE_START,123,/home/ekaterina_kuzmina1/tenstorrent/.venv/lib/python3.10/site-packages/ttnn/tt_metal/hw/firmware/src/tt-1xx/ncrisc.cc,
3,6,7,NCRISC,16513,11018334782568,0,2051,,,NCRISC-KERNEL,ZONE_START,63,/home/ekaterina_kuzmina1/tenstorrent/.venv/lib/python3.10/site-packages/ttnn/tt_metal/hw/firmware/src/tt-1xx/ncrisck.cc,
3,6,7,NCRISC,16513,11018335229882,0,2051,,,NCRISC-KERNEL,ZONE_END,63,/home/ekaterina_kuzmina1/tenstorrent/.venv/lib/python3.10/site-packages/ttnn/tt_metal/hw/firmware/src/tt-1xx/ncrisck.cc,
3,6,7,NCRISC,12030,11018335229999,0,2051,,,NCRISC-FW,ZONE_END,123,/home/ekaterina_kuzmina1/tenstorrent/.venv/lib/python3.10/site-packages/ttnn/tt_metal/hw/firmware/src/tt-1xx/ncrisc.cc,
3,6,7,NCRISC,12030,11018391680835,0,3075,,,NCRISC-FW,ZONE_START,123,/home/ekaterina_kuzmina1/tenstorrent/.venv/lib/python3.10/site-packages/ttnn/tt_metal/hw/firmware/src/tt-1xx/ncrisc.cc,
3,6,7,NCRISC,16513,11018391681359,0,3075,,,NCRISC-KERNEL,ZONE_START,63,/home/ekaterina_kuzmina1/tenstorrent/.venv/lib/python3.10/site-packages/ttnn/tt_metal/hw/firmware/src/tt-1xx/ncrisck.cc,
3,6,7,NCRISC,16513,11018392286303,0,3075,,,NCRISC-KERNEL,ZONE_END,63,/home/ekaterina_kuzmina1/tenstorrent/.venv/lib/python3.10/site-packages/ttnn/tt_metal/hw/firmware/src/tt-1xx/ncrisck.cc,
3,6,7,NCRISC,12030,11018392286420,0,3075,,,NCRISC-FW,ZONE_END,123,/home/ekaterina_kuzmina1/tenstorrent/.venv/lib/python3.10/site-packages/ttnn/tt_metal/hw/firmware/src/tt-1xx/ncrisc.cc,
3,6,7,NCRISC,12030,11019124110476,0,4099,,,NCRISC-FW,ZONE_START,123,/home/ekaterina_kuzmina1/tenstorrent/.venv/lib/python3.10/site-packages/ttnn/tt_metal/hw/firmware/src/tt-1xx/ncrisc.cc,
3,6,7,NCRISC,16513,11019124111174,0,4099,,,NCRISC-KERNEL,ZONE_START,63,/home/ekaterina_kuzmina1/tenstorrent/.venv/lib/python3.10/site-packages/ttnn/tt_metal/hw/firmware/src/tt-1xx/ncrisck.cc,
3,6,7,NCRISC,16513,11019124277018,0,4099,,,NCRISC-KERNEL,ZONE_END,63,/home/ekaterina_kuzmina1/tenstorrent/.venv/lib/python3.10/site-packages/ttnn/tt_metal/hw/firmware/src/tt-1xx/ncrisck.cc,
3,6,7,NCRISC,12030,11019124277144,0,4099,,,NCRISC-FW,ZONE_END,123,/home/ekaterina_kuzmina1/tenstorrent/.venv/lib/python3.10/site-packages/ttnn/tt_metal/hw/firmware/src/tt-1xx/ncrisc.cc,
3,6,7,TRISC_0,8413,11018334782053,0,2051,,,TRISC-FW,ZONE_START,136,/home/ekaterina_kuzmina1/tenstorrent/.venv/lib/python3.10/site-packages/ttnn/tt_metal/hw/firmware/src/tt-1xx/trisc.cc,
3,6,7,TRISC_0,360,11018334782489,0,2051,,,TRISC-KERNEL,ZONE_START,62,/home/ekaterina_kuzmina1/tenstorrent/.venv/lib/python3.10/site-packages/ttnn/tt_metal/hw/firmware/src/tt-1xx/trisck.cc,
3,6,7,TRISC_0,360,11018335285998,0,2051,,,TRISC-KERNEL,ZONE_END,62,/home/ekaterina_kuzmina1/tenstorrent/.venv/lib/python3.10/site-packages/ttnn/tt_metal/hw/firmware/src/tt-1xx/trisck.cc,
3,6,7,TRISC_0,8413,11018335286729,0,2051,,,TRISC-FW,ZONE_END,136,/home/ekaterina_kuzmina1/tenstorrent/.venv/lib/python3.10/site-packages/ttnn/tt_metal/hw/firmware/src/tt-1xx/trisc.cc,
3,6,7,TRISC_0,8413,11019124110583,0,4099,,,TRISC-FW,ZONE_START,136,/home/ekaterina_kuzmina1/tenstorrent/.venv/lib/python3.10/site-packages/ttnn/tt_metal/hw/firmware/src/tt-1xx/trisc.cc,
3,6,7,TRISC_0,360,11019124110922,0,4099,,,TRISC-KERNEL,ZONE_START,62,/home/ekaterina_kuzmina1/tenstorrent/.venv/lib/python3.10/site-packages/ttnn/tt_metal/hw/firmware/src/tt-1xx/trisck.cc,
3,6,7,TRISC_0,360,11019124277056,0,4099,,,TRISC-KERNEL,ZONE_END,62,/home/ekaterina_kuzmina1/tenstorrent/.venv/lib/python3.10/site-packages/ttnn/tt_metal/hw/firmware/src/tt-1xx/trisck.cc,
3,6,7,TRISC_0,8413,11019124277107,0,4099,,,TRISC-FW,ZONE_END,136,/home/ekaterina_kuzmina1/tenstorrent/.venv/lib/python3.10/site-packages/ttnn/tt_metal/hw/firmware/src/tt-1xx/trisc.cc,
3,6,7,TRISC_1,8413,11018334782046,0,2051,,,TRISC-FW,ZONE_START,136,/home/ekaterina_kuzmina1/tenstorrent/.venv/lib/python3.10/site-packages/ttnn/tt_metal/hw/firmware/src/tt-1xx/trisc.cc,
3,6,7,TRISC_1,360,11018334782490,0,2051,,,TRISC-KERNEL,ZONE_START,62,/home/ekaterina_kuzmina1/tenstorrent/.venv/lib/python3.10/site-packages/ttnn/tt_metal/hw/firmware/src/tt-1xx/trisck.cc,
3,6,7,TRISC_1,360,11018335286783,0,2051,,,TRISC-KERNEL,ZONE_END,62,/home/ekaterina_kuzmina1/tenstorrent/.venv/lib/python3.10/site-packages/ttnn/tt_metal/hw/firmware/src/tt-1xx/trisck.cc,
3,6,7,TRISC_1,8413,11018335286844,0,2051,,,TRISC-FW,ZONE_END,136,/home/ekaterina_kuzmina1/tenstorrent/.venv/lib/python3.10/site-packages/ttnn/tt_metal/hw/firmware/src/tt-1xx/trisc.cc,
3,6,7,TRISC_1,8413,11019124110581,0,4099,,,TRISC-FW,ZONE_START,136,/home/ekaterina_kuzmina1/tenstorrent/.venv/lib/python3.10/site-packages/ttnn/tt_metal/hw/firmware/src/tt-1xx/trisc.cc,
3,6,7,TRISC_1,360,11019124110767,0,4099,,,TRISC-KERNEL,ZONE_START,62,/home/ekaterina_kuzmina1/tenstorrent/.venv/lib/python3.10/site-packages/ttnn/tt_metal/hw/firmware/src/tt-1xx/trisck.cc,
3,6,7,TRISC_1,360,11019124275868,0,4099,,,TRISC-KERNEL,ZONE_END,62,/home/ekaterina_kuzmina1/tenstorrent/.venv/lib/python3.10/site-packages/ttnn/tt_metal/hw/firmware/src/tt-1xx/trisck.cc,
3,6,7,TRISC_1,8413,11019124277072,0,4099,,,TRISC-FW,ZONE_END,136,/home/ekaterina_kuzmina1/tenstorrent/.venv/lib/python3.10/site-packages/ttnn/tt_metal/hw/firmware/src/tt-1xx/trisc.cc,
3,6,7,TRISC_2,8413,11018334782049,0,2051,,,TRISC-FW,ZONE_START,136,/home/ekaterina_kuzmina1/tenstorrent/.venv/lib/python3.10/site-packages/ttnn/tt_metal/hw/firmware/src/tt-1xx/trisc.cc,
3,6,7,TRISC_2,360,11018334782502,0,2051,,,TRISC-KERNEL,ZONE_START,62,/home/ekaterina_kuzmina1/tenstorrent/.venv/lib/python3.10/site-packages/ttnn/tt_metal/hw/firmware/src/tt-1xx/trisck.cc,
3,6,7,TRISC_2,360,11018335286898,0,2051,,,TRISC-KERNEL,ZONE_END,62,/home/ekaterina_kuzmina1/tenstorrent/.venv/lib/python3.10/site-packages/ttnn/tt_metal/hw/firmware/src/tt-1xx/trisck.cc,
3,6,7,TRISC_2,8413,11018335287137,0,2051,,,TRISC-FW,ZONE_END,136,/home/ekaterina_kuzmina1/tenstorrent/.venv/lib/python3.10/site-packages/ttnn/tt_metal/hw/firmware/src/tt-1xx/trisc.cc,
3,6,7,TRISC_2,8413,11019124110591,0,4099,,,TRISC-FW,ZONE_START,136,/home/ekaterina_kuzmina1/tenstorrent/.venv/lib/python3.10/site-packages/ttnn/tt_metal/hw/firmware/src/tt-1xx/trisc.cc,
3,6,7,TRISC_2,360,11019124110921,0,4099,,,TRISC-KERNEL,ZONE_START,62,/home/ekaterina_kuzmina1/tenstorrent/.venv/lib/python3.10/site-packages/ttnn/tt_metal/hw/firmware/src/tt-1xx/trisck.cc,
3,6,7,TRISC_2,360,11019124276789,0,4099,,,TRISC-KERNEL,ZONE_END,62,/home/ekaterina_kuzmina1/tenstorrent/.venv/lib/python3.10/site-packages/ttnn/tt_metal/hw/firmware/src/tt-1xx/trisck.cc,
3,6,7,TRISC_2,8413,11019124277181,0,4099,,,TRISC-FW,ZONE_END,136,/home/ekaterina_kuzmina1/tenstorrent/.venv/lib/python3.10/site-packages/ttnn/tt_metal/hw/firmware/src/tt-1xx/trisc.cc,
3,6,8,BRISC,61457,11018334781805,0,2051,,,BRISC-FW,ZONE_START,412,/home/ekaterina_kuzmina1/tenstorrent/.venv/lib/python3.10/site-packages/ttnn/tt_metal/hw/firmware/src/tt-1xx/brisc.cc,
3,6,8,BRISC,63326,11018334782621,0,2051,,,BRISC-KERNEL,ZONE_START,64,/home/ekaterina_kuzmina1/tenstorrent/.venv/lib/python3.10/site-packages/ttnn/tt_metal/hw/firmware/src/tt-1xx/brisck.cc,
3,6,8,BRISC,63326,11018335304527,0,2051,,,BRISC-KERNEL,ZONE_END,64,/home/ekaterina_kuzmina1/tenstorrent/.venv/lib/python3.10/site-packages/ttnn/tt_metal/hw/firmware/src/tt-1xx/brisck.cc,
3,6,8,BRISC,61457,11018335304713,0,2051,,,BRISC-FW,ZONE_END,412,/home/ekaterina_kuzmina1/tenstorrent/.venv/lib/python3.10/site-packages/ttnn/tt_metal/hw/firmware/src/tt-1xx/brisc.cc,
3,6,8,BRISC,61457,11018391680725,0,3075,,,BRISC-FW,ZONE_START,412,/home/ekaterina_kuzmina1/tenstorrent/.venv/lib/python3.10/site-packages/ttnn/tt_metal/hw/firmware/src/tt-1xx/brisc.cc,
3,6,8,BRISC,63326,11018391681439,0,3075,,,BRISC-KERNEL,ZONE_START,64,/home/ekaterina_kuzmina1/tenstorrent/.venv/lib/python3.10/site-packages/ttnn/tt_metal/hw/firmware/src/tt-1xx/brisck.cc,
3,6,8,BRISC,63326,11018392296200,0,3075,,,BRISC-KERNEL,ZONE_END,64,/home/ekaterina_kuzmina1/tenstorrent/.venv/lib/python3.10/site-packages/ttnn/tt_metal/hw/firmware/src/tt-1xx/brisck.cc,
3,6,8,BRISC,61457,11018392296377,0,3075,,,BRISC-FW,ZONE_END,412,/home/ekaterina_kuzmina1/tenstorrent/.venv/lib/python3.10/site-packages/ttnn/tt_metal/hw/firmware/src/tt-1xx/brisc.cc,
3,6,8,BRISC,61457,11019124110334,0,4099,,,BRISC-FW,ZONE_START,412,/home/ekaterina_kuzmina1/tenstorrent/.venv/lib/python3.10/site-packages/ttnn/tt_metal/hw/firmware/src/tt-1xx/brisc.cc,
3,6,8,BRISC,63326,11019124111201,0,4099,,,BRISC-KERNEL,ZONE_START,64,/home/ekaterina_kuzmina1/tenstorrent/.venv/lib/python3.10/site-packages/ttnn/tt_metal/hw/firmware/src/tt-1xx/brisck.cc,
3,6,8,BRISC,63326,11019124279201,0,4099,,,BRISC-KERNEL,ZONE_END,64,/home/ekaterina_kuzmina1/tenstorrent/.venv/lib/python3.10/site-packages/ttnn/tt_metal/hw/firmware/src/tt-1xx/brisck.cc,
3,6,8,BRISC,61457,11019124279380,0,4099,,,BRISC-FW,ZONE_END,412,/home/ekaterina_kuzmina1/tenstorrent/.venv/lib/python3.10/site-packages/ttnn/tt_metal/hw/firmware/src/tt-1xx/brisc.cc,
3,6,8,NCRISC,12030,11018334781962,0,2051,,,NCRISC-FW,ZONE_START,123,/home/ekaterina_kuzmina1/tenstorrent/.venv/lib/python3.10/site-packages/ttnn/tt_metal/hw/firmware/src/tt-1xx/ncrisc.cc,
3,6,8,NCRISC,16513,11018334782586,0,2051,,,NCRISC-KERNEL,ZONE_START,63,/home/ekaterina_kuzmina1/tenstorrent/.venv/lib/python3.10/site-packages/ttnn/tt_metal/hw/firmware/src/tt-1xx/ncrisck.cc,
3,6,8,NCRISC,16513,11018335230885,0,2051,,,NCRISC-KERNEL,ZONE_END,63,/home/ekaterina_kuzmina1/tenstorrent/.venv/lib/python3.10/site-packages/ttnn/tt_metal/hw/firmware/src/tt-1xx/ncrisck.cc,
3,6,8,NCRISC,12030,11018335231002,0,2051,,,NCRISC-FW,ZONE_END,123,/home/ekaterina_kuzmina1/tenstorrent/.venv/lib/python3.10/site-packages/ttnn/tt_metal/hw/firmware/src/tt-1xx/ncrisc.cc,
3,6,8,NCRISC,12030,11018391680874,0,3075,,,NCRISC-FW,ZONE_START,123,/home/ekaterina_kuzmina1/tenstorrent/.venv/lib/python3.10/site-packages/ttnn/tt_metal/hw/firmware/src/tt-1xx/ncrisc.cc,
3,6,8,NCRISC,16513,11018391681412,0,3075,,,NCRISC-KERNEL,ZONE_START,63,/home/ekaterina_kuzmina1/tenstorrent/.venv/lib/python3.10/site-packages/ttnn/tt_metal/hw/firmware/src/tt-1xx/ncrisck.cc,
3,6,8,NCRISC,16513,11018392293761,0,3075,,,NCRISC-KERNEL,ZONE_END,63,/home/ekaterina_kuzmina1/tenstorrent/.venv/lib/python3.10/site-packages/ttnn/tt_metal/hw/firmware/src/tt-1xx/ncrisck.cc,
3,6,8,NCRISC,12030,11018392293880,0,3075,,,NCRISC-FW,ZONE_END,123,/home/ekaterina_kuzmina1/tenstorrent/.venv/lib/python3.10/site-packages/ttnn/tt_metal/hw/firmware/src/tt-1xx/ncrisc.cc,
3,6,8,NCRISC,12030,11019124110481,0,4099,,,NCRISC-FW,ZONE_START,123,/home/ekaterina_kuzmina1/tenstorrent/.venv/lib/python3.10/site-packages/ttnn/tt_metal/hw/firmware/src/tt-1xx/ncrisc.cc,
3,6,8,NCRISC,16513,11019124111184,0,4099,,,NCRISC-KERNEL,ZONE_START,63,/home/ekaterina_kuzmina1/tenstorrent/.venv/lib/python3.10/site-packages/ttnn/tt_metal/hw/firmware/src/tt-1xx/ncrisck.cc,
3,6,8,NCRISC,16513,11019124278288,0,4099,,,NCRISC-KERNEL,ZONE_END,63,/home/ekaterina_kuzmina1/tenstorrent/.venv/lib/python3.10/site-packages/ttnn/tt_metal/hw/firmware/src/tt-1xx/ncrisck.cc,
3,6,8,NCRISC,12030,11019124278415,0,4099,,,NCRISC-FW,ZONE_END,123,/home/ekaterina_kuzmina1/tenstorrent/.venv/lib/python3.10/site-packages/ttnn/tt_metal/hw/firmware/src/tt-1xx/ncrisc.cc,
3,6,8,TRISC_0,8413,11018334782061,0,2051,,,TRISC-FW,ZONE_START,136,/home/ekaterina_kuzmina1/tenstorrent/.venv/lib/python3.10/site-packages/ttnn/tt_metal/hw/firmware/src/tt-1xx/trisc.cc,
3,6,8,TRISC_0,360,11018334782481,0,2051,,,TRISC-KERNEL,ZONE_START,62,/home/ekaterina_kuzmina1/tenstorrent/.venv/lib/python3.10/site-packages/ttnn/tt_metal/hw/firmware/src/tt-1xx/trisck.cc,
3,6,8,TRISC_0,360,11018335286011,0,2051,,,TRISC-KERNEL,ZONE_END,62,/home/ekaterina_kuzmina1/tenstorrent/.venv/lib/python3.10/site-packages/ttnn/tt_metal/hw/firmware/src/tt-1xx/trisck.cc,
3,6,8,TRISC_0,8413,11018335286766,0,2051,,,TRISC-FW,ZONE_END,136,/home/ekaterina_kuzmina1/tenstorrent/.venv/lib/python3.10/site-packages/ttnn/tt_metal/hw/firmware/src/tt-1xx/trisc.cc,
3,6,8,TRISC_0,8413,11019124110586,0,4099,,,TRISC-FW,ZONE_START,136,/home/ekaterina_kuzmina1/tenstorrent/.venv/lib/python3.10/site-packages/ttnn/tt_metal/hw/firmware/src/tt-1xx/trisc.cc,
3,6,8,TRISC_0,360,11019124110931,0,4099,,,TRISC-KERNEL,ZONE_START,62,/home/ekaterina_kuzmina1/tenstorrent/.venv/lib/python3.10/site-packages/ttnn/tt_metal/hw/firmware/src/tt-1xx/trisck.cc,
3,6,8,TRISC_0,360,11019124278326,0,4099,,,TRISC-KERNEL,ZONE_END,62,/home/ekaterina_kuzmina1/tenstorrent/.venv/lib/python3.10/site-packages/ttnn/tt_metal/hw/firmware/src/tt-1xx/trisck.cc,
3,6,8,TRISC_0,8413,11019124278377,0,4099,,,TRISC-FW,ZONE_END,136,/home/ekaterina_kuzmina1/tenstorrent/.venv/lib/python3.10/site-packages/ttnn/tt_metal/hw/firmware/src/tt-1xx/trisc.cc,
3,6,8,TRISC_1,8413,11018334782048,0,2051,,,TRISC-FW,ZONE_START,136,/home/ekaterina_kuzmina1/tenstorrent/.venv/lib/python3.10/site-packages/ttnn/tt_metal/hw/firmware/src/tt-1xx/trisc.cc,
3,6,8,TRISC_1,360,11018334782482,0,2051,,,TRISC-KERNEL,ZONE_START,62,/home/ekaterina_kuzmina1/tenstorrent/.venv/lib/python3.10/site-packages/ttnn/tt_metal/hw/firmware/src/tt-1xx/trisck.cc,
3,6,8,TRISC_1,360,11018335286820,0,2051,,,TRISC-KERNEL,ZONE_END,62,/home/ekaterina_kuzmina1/tenstorrent/.venv/lib/python3.10/site-packages/ttnn/tt_metal/hw/firmware/src/tt-1xx/trisck.cc,
3,6,8,TRISC_1,8413,11018335286881,0,2051,,,TRISC-FW,ZONE_END,136,/home/ekaterina_kuzmina1/tenstorrent/.venv/lib/python3.10/site-packages/ttnn/tt_metal/hw/firmware/src/tt-1xx/trisc.cc,
3,6,8,TRISC_1,8413,11019124110578,0,4099,,,TRISC-FW,ZONE_START,136,/home/ekaterina_kuzmina1/tenstorrent/.venv/lib/python3.10/site-packages/ttnn/tt_metal/hw/firmware/src/tt-1xx/trisc.cc,
3,6,8,TRISC_1,360,11019124110756,0,4099,,,TRISC-KERNEL,ZONE_START,62,/home/ekaterina_kuzmina1/tenstorrent/.venv/lib/python3.10/site-packages/ttnn/tt_metal/hw/firmware/src/tt-1xx/trisck.cc,
3,6,8,TRISC_1,360,11019124277259,0,4099,,,TRISC-KERNEL,ZONE_END,62,/home/ekaterina_kuzmina1/tenstorrent/.venv/lib/python3.10/site-packages/ttnn/tt_metal/hw/firmware/src/tt-1xx/trisck.cc,
3,6,8,TRISC_1,8413,11019124278342,0,4099,,,TRISC-FW,ZONE_END,136,/home/ekaterina_kuzmina1/tenstorrent/.venv/lib/python3.10/site-packages/ttnn/tt_metal/hw/firmware/src/tt-1xx/trisc.cc,
3,6,8,TRISC_2,8413,11018334782063,0,2051,,,TRISC-FW,ZONE_START,136,/home/ekaterina_kuzmina1/tenstorrent/.venv/lib/python3.10/site-packages/ttnn/tt_metal/hw/firmware/src/tt-1xx/trisc.cc,
3,6,8,TRISC_2,360,11018334782483,0,2051,,,TRISC-KERNEL,ZONE_START,62,/home/ekaterina_kuzmina1/tenstorrent/.venv/lib/python3.10/site-packages/ttnn/tt_metal/hw/firmware/src/tt-1xx/trisck.cc,
3,6,8,TRISC_2,360,11018335286934,0,2051,,,TRISC-KERNEL,ZONE_END,62,/home/ekaterina_kuzmina1/tenstorrent/.venv/lib/python3.10/site-packages/ttnn/tt_metal/hw/firmware/src/tt-1xx/trisck.cc,
3,6,8,TRISC_2,8413,11018335287161,0,2051,,,TRISC-FW,ZONE_END,136,/home/ekaterina_kuzmina1/tenstorrent/.venv/lib/python3.10/site-packages/ttnn/tt_metal/hw/firmware/src/tt-1xx/trisc.cc,
3,6,8,TRISC_2,8413,11019124110599,0,4099,,,TRISC-FW,ZONE_START,136,/home/ekaterina_kuzmina1/tenstorrent/.venv/lib/python3.10/site-packages/ttnn/tt_metal/hw/firmware/src/tt-1xx/trisc.cc,
3,6,8,TRISC_2,360,11019124110915,0,4099,,,TRISC-KERNEL,ZONE_START,62,/home/ekaterina_kuzmina1/tenstorrent/.venv/lib/python3.10/site-packages/ttnn/tt_metal/hw/firmware/src/tt-1xx/trisck.cc,
3,6,8,TRISC_2,360,11019124278054,0,4099,,,TRISC-KERNEL,ZONE_END,62,/home/ekaterina_kuzmina1/tenstorrent/.venv/lib/python3.10/site-packages/ttnn/tt_metal/hw/firmware/src/tt-1xx/trisck.cc,
3,6,8,TRISC_2,8413,11019124278441,0,4099,,,TRISC-FW,ZONE_END,136,/home/ekaterina_kuzmina1/tenstorrent/.venv/lib/python3.10/site-packages/ttnn/tt_metal/hw/firmware/src/tt-1xx/trisc.cc,
3,7,1,BRISC,61457,11018334782217,0,2051,,,BRISC-FW,ZONE_START,412,/home/ekaterina_kuzmina1/tenstorrent/.venv/lib/python3.10/site-packages/ttnn/tt_metal/hw/firmware/src/tt-1xx/brisc.cc,
3,7,1,BRISC,63326,11018334783013,0,2051,,,BRISC-KERNEL,ZONE_START,64,/home/ekaterina_kuzmina1/tenstorrent/.venv/lib/python3.10/site-packages/ttnn/tt_metal/hw/firmware/src/tt-1xx/brisck.cc,
3,7,1,BRISC,63326,11018335379937,0,2051,,,BRISC-KERNEL,ZONE_END,64,/home/ekaterina_kuzmina1/tenstorrent/.venv/lib/python3.10/site-packages/ttnn/tt_metal/hw/firmware/src/tt-1xx/brisck.cc,
3,7,1,BRISC,61457,11018335380121,0,2051,,,BRISC-FW,ZONE_END,412,/home/ekaterina_kuzmina1/tenstorrent/.venv/lib/python3.10/site-packages/ttnn/tt_metal/hw/firmware/src/tt-1xx/brisc.cc,
3,7,1,BRISC,61457,11018391680662,0,3075,,,BRISC-FW,ZONE_START,412,/home/ekaterina_kuzmina1/tenstorrent/.venv/lib/python3.10/site-packages/ttnn/tt_metal/hw/firmware/src/tt-1xx/brisc.cc,
3,7,1,BRISC,63326,11018391681361,0,3075,,,BRISC-KERNEL,ZONE_START,64,/home/ekaterina_kuzmina1/tenstorrent/.venv/lib/python3.10/site-packages/ttnn/tt_metal/hw/firmware/src/tt-1xx/brisck.cc,
3,7,1,BRISC,63326,11018392289185,0,3075,,,BRISC-KERNEL,ZONE_END,64,/home/ekaterina_kuzmina1/tenstorrent/.venv/lib/python3.10/site-packages/ttnn/tt_metal/hw/firmware/src/tt-1xx/brisck.cc,
3,7,1,BRISC,61457,11018392289367,0,3075,,,BRISC-FW,ZONE_END,412,/home/ekaterina_kuzmina1/tenstorrent/.venv/lib/python3.10/site-packages/ttnn/tt_metal/hw/firmware/src/tt-1xx/brisc.cc,
3,7,1,BRISC,61457,11019124110291,0,4099,,,BRISC-FW,ZONE_START,412,/home/ekaterina_kuzmina1/tenstorrent/.venv/lib/python3.10/site-packages/ttnn/tt_metal/hw/firmware/src/tt-1xx/brisc.cc,
3,7,1,BRISC,63326,11019124111160,0,4099,,,BRISC-KERNEL,ZONE_START,64,/home/ekaterina_kuzmina1/tenstorrent/.venv/lib/python3.10/site-packages/ttnn/tt_metal/hw/firmware/src/tt-1xx/brisck.cc,
3,7,1,BRISC,63326,11019124273425,0,4099,,,BRISC-KERNEL,ZONE_END,64,/home/ekaterina_kuzmina1/tenstorrent/.venv/lib/python3.10/site-packages/ttnn/tt_metal/hw/firmware/src/tt-1xx/brisck.cc,
3,7,1,BRISC,61457,11019124273604,0,4099,,,BRISC-FW,ZONE_END,412,/home/ekaterina_kuzmina1/tenstorrent/.venv/lib/python3.10/site-packages/ttnn/tt_metal/hw/firmware/src/tt-1xx/brisc.cc,
3,7,1,NCRISC,12030,11018334782366,0,2051,,,NCRISC-FW,ZONE_START,123,/home/ekaterina_kuzmina1/tenstorrent/.venv/lib/python3.10/site-packages/ttnn/tt_metal/hw/firmware/src/tt-1xx/ncrisc.cc,
3,7,1,NCRISC,16513,11018334782984,0,2051,,,NCRISC-KERNEL,ZONE_START,63,/home/ekaterina_kuzmina1/tenstorrent/.venv/lib/python3.10/site-packages/ttnn/tt_metal/hw/firmware/src/tt-1xx/ncrisck.cc,
3,7,1,NCRISC,16513,11018335258501,0,2051,,,NCRISC-KERNEL,ZONE_END,63,/home/ekaterina_kuzmina1/tenstorrent/.venv/lib/python3.10/site-packages/ttnn/tt_metal/hw/firmware/src/tt-1xx/ncrisck.cc,
3,7,1,NCRISC,12030,11018335258619,0,2051,,,NCRISC-FW,ZONE_END,123,/home/ekaterina_kuzmina1/tenstorrent/.venv/lib/python3.10/site-packages/ttnn/tt_metal/hw/firmware/src/tt-1xx/ncrisc.cc,
3,7,1,NCRISC,12030,11018391680805,0,3075,,,NCRISC-FW,ZONE_START,123,/home/ekaterina_kuzmina1/tenstorrent/.venv/lib/python3.10/site-packages/ttnn/tt_metal/hw/firmware/src/tt-1xx/ncrisc.cc,
3,7,1,NCRISC,16513,11018391681332,0,3075,,,NCRISC-KERNEL,ZONE_START,63,/home/ekaterina_kuzmina1/tenstorrent/.venv/lib/python3.10/site-packages/ttnn/tt_metal/hw/firmware/src/tt-1xx/ncrisck.cc,
3,7,1,NCRISC,16513,11018392286719,0,3075,,,NCRISC-KERNEL,ZONE_END,63,/home/ekaterina_kuzmina1/tenstorrent/.venv/lib/python3.10/site-packages/ttnn/tt_metal/hw/firmware/src/tt-1xx/ncrisck.cc,
3,7,1,NCRISC,12030,11018392286837,0,3075,,,NCRISC-FW,ZONE_END,123,/home/ekaterina_kuzmina1/tenstorrent/.venv/lib/python3.10/site-packages/ttnn/tt_metal/hw/firmware/src/tt-1xx/ncrisc.cc,
3,7,1,NCRISC,12030,11019124110441,0,4099,,,NCRISC-FW,ZONE_START,123,/home/ekaterina_kuzmina1/tenstorrent/.venv/lib/python3.10/site-packages/ttnn/tt_metal/hw/firmware/src/tt-1xx/ncrisc.cc,
3,7,1,NCRISC,16513,11019124111141,0,4099,,,NCRISC-KERNEL,ZONE_START,63,/home/ekaterina_kuzmina1/tenstorrent/.venv/lib/python3.10/site-packages/ttnn/tt_metal/hw/firmware/src/tt-1xx/ncrisck.cc,
3,7,1,NCRISC,16513,11019124272317,0,4099,,,NCRISC-KERNEL,ZONE_END,63,/home/ekaterina_kuzmina1/tenstorrent/.venv/lib/python3.10/site-packages/ttnn/tt_metal/hw/firmware/src/tt-1xx/ncrisck.cc,
3,7,1,NCRISC,12030,11019124272452,0,4099,,,NCRISC-FW,ZONE_END,123,/home/ekaterina_kuzmina1/tenstorrent/.venv/lib/python3.10/site-packages/ttnn/tt_metal/hw/firmware/src/tt-1xx/ncrisc.cc,
3,7,1,TRISC_0,8413,11018334782477,0,2051,,,TRISC-FW,ZONE_START,136,/home/ekaterina_kuzmina1/tenstorrent/.venv/lib/python3.10/site-packages/ttnn/tt_metal/hw/firmware/src/tt-1xx/trisc.cc,
3,7,1,TRISC_0,360,11018334782861,0,2051,,,TRISC-KERNEL,ZONE_START,62,/home/ekaterina_kuzmina1/tenstorrent/.venv/lib/python3.10/site-packages/ttnn/tt_metal/hw/firmware/src/tt-1xx/trisck.cc,
3,7,1,TRISC_0,360,11018335285908,0,2051,,,TRISC-KERNEL,ZONE_END,62,/home/ekaterina_kuzmina1/tenstorrent/.venv/lib/python3.10/site-packages/ttnn/tt_metal/hw/firmware/src/tt-1xx/trisck.cc,
3,7,1,TRISC_0,8413,11018335286639,0,2051,,,TRISC-FW,ZONE_END,136,/home/ekaterina_kuzmina1/tenstorrent/.venv/lib/python3.10/site-packages/ttnn/tt_metal/hw/firmware/src/tt-1xx/trisc.cc,
3,7,1,TRISC_0,8413,11019124110538,0,4099,,,TRISC-FW,ZONE_START,136,/home/ekaterina_kuzmina1/tenstorrent/.venv/lib/python3.10/site-packages/ttnn/tt_metal/hw/firmware/src/tt-1xx/trisc.cc,
3,7,1,TRISC_0,360,11019124110884,0,4099,,,TRISC-KERNEL,ZONE_START,62,/home/ekaterina_kuzmina1/tenstorrent/.venv/lib/python3.10/site-packages/ttnn/tt_metal/hw/firmware/src/tt-1xx/trisck.cc,
3,7,1,TRISC_0,360,11019124272345,0,4099,,,TRISC-KERNEL,ZONE_END,62,/home/ekaterina_kuzmina1/tenstorrent/.venv/lib/python3.10/site-packages/ttnn/tt_metal/hw/firmware/src/tt-1xx/trisck.cc,
3,7,1,TRISC_0,8413,11019124272391,0,4099,,,TRISC-FW,ZONE_END,136,/home/ekaterina_kuzmina1/tenstorrent/.venv/lib/python3.10/site-packages/ttnn/tt_metal/hw/firmware/src/tt-1xx/trisc.cc,
3,7,1,TRISC_1,8413,11018334782461,0,2051,,,TRISC-FW,ZONE_START,136,/home/ekaterina_kuzmina1/tenstorrent/.venv/lib/python3.10/site-packages/ttnn/tt_metal/hw/firmware/src/tt-1xx/trisc.cc,
3,7,1,TRISC_1,360,11018334782677,0,2051,,,TRISC-KERNEL,ZONE_START,62,/home/ekaterina_kuzmina1/tenstorrent/.venv/lib/python3.10/site-packages/ttnn/tt_metal/hw/firmware/src/tt-1xx/trisck.cc,
3,7,1,TRISC_1,360,11018335286693,0,2051,,,TRISC-KERNEL,ZONE_END,62,/home/ekaterina_kuzmina1/tenstorrent/.venv/lib/python3.10/site-packages/ttnn/tt_metal/hw/firmware/src/tt-1xx/trisck.cc,
3,7,1,TRISC_1,8413,11018335286751,0,2051,,,TRISC-FW,ZONE_END,136,/home/ekaterina_kuzmina1/tenstorrent/.venv/lib/python3.10/site-packages/ttnn/tt_metal/hw/firmware/src/tt-1xx/trisc.cc,
3,7,1,TRISC_1,8413,11019124110539,0,4099,,,TRISC-FW,ZONE_START,136,/home/ekaterina_kuzmina1/tenstorrent/.venv/lib/python3.10/site-packages/ttnn/tt_metal/hw/firmware/src/tt-1xx/trisc.cc,
3,7,1,TRISC_1,360,11019124110758,0,4099,,,TRISC-KERNEL,ZONE_START,62,/home/ekaterina_kuzmina1/tenstorrent/.venv/lib/python3.10/site-packages/ttnn/tt_metal/hw/firmware/src/tt-1xx/trisck.cc,
3,7,1,TRISC_1,360,11019124270329,0,4099,,,TRISC-KERNEL,ZONE_END,62,/home/ekaterina_kuzmina1/tenstorrent/.venv/lib/python3.10/site-packages/ttnn/tt_metal/hw/firmware/src/tt-1xx/trisck.cc,
3,7,1,TRISC_1,8413,11019124272371,0,4099,,,TRISC-FW,ZONE_END,136,/home/ekaterina_kuzmina1/tenstorrent/.venv/lib/python3.10/site-packages/ttnn/tt_metal/hw/firmware/src/tt-1xx/trisc.cc,
3,7,1,TRISC_2,8413,11018334782472,0,2051,,,TRISC-FW,ZONE_START,136,/home/ekaterina_kuzmina1/tenstorrent/.venv/lib/python3.10/site-packages/ttnn/tt_metal/hw/firmware/src/tt-1xx/trisc.cc,
3,7,1,TRISC_2,360,11018334782872,0,2051,,,TRISC-KERNEL,ZONE_START,62,/home/ekaterina_kuzmina1/tenstorrent/.venv/lib/python3.10/site-packages/ttnn/tt_metal/hw/firmware/src/tt-1xx/trisck.cc,
3,7,1,TRISC_2,360,11018335286811,0,2051,,,TRISC-KERNEL,ZONE_END,62,/home/ekaterina_kuzmina1/tenstorrent/.venv/lib/python3.10/site-packages/ttnn/tt_metal/hw/firmware/src/tt-1xx/trisck.cc,
3,7,1,TRISC_2,8413,11018335287034,0,2051,,,TRISC-FW,ZONE_END,136,/home/ekaterina_kuzmina1/tenstorrent/.venv/lib/python3.10/site-packages/ttnn/tt_metal/hw/firmware/src/tt-1xx/trisc.cc,
3,7,1,TRISC_2,8413,11019124110552,0,4099,,,TRISC-FW,ZONE_START,136,/home/ekaterina_kuzmina1/tenstorrent/.venv/lib/python3.10/site-packages/ttnn/tt_metal/hw/firmware/src/tt-1xx/trisc.cc,
3,7,1,TRISC_2,360,11019124110876,0,4099,,,TRISC-KERNEL,ZONE_START,62,/home/ekaterina_kuzmina1/tenstorrent/.venv/lib/python3.10/site-packages/ttnn/tt_metal/hw/firmware/src/tt-1xx/trisck.cc,
3,7,1,TRISC_2,360,11019124271575,0,4099,,,TRISC-KERNEL,ZONE_END,62,/home/ekaterina_kuzmina1/tenstorrent/.venv/lib/python3.10/site-packages/ttnn/tt_metal/hw/firmware/src/tt-1xx/trisck.cc,
3,7,1,TRISC_2,8413,11019124272482,0,4099,,,TRISC-FW,ZONE_END,136,/home/ekaterina_kuzmina1/tenstorrent/.venv/lib/python3.10/site-packages/ttnn/tt_metal/hw/firmware/src/tt-1xx/trisc.cc,
3,7,2,BRISC,61457,11018334781784,0,2051,,,BRISC-FW,ZONE_START,412,/home/ekaterina_kuzmina1/tenstorrent/.venv/lib/python3.10/site-packages/ttnn/tt_metal/hw/firmware/src/tt-1xx/brisc.cc,
3,7,2,BRISC,63326,11018334782563,0,2051,,,BRISC-KERNEL,ZONE_START,64,/home/ekaterina_kuzmina1/tenstorrent/.venv/lib/python3.10/site-packages/ttnn/tt_metal/hw/firmware/src/tt-1xx/brisck.cc,
3,7,2,BRISC,63326,11018335374807,0,2051,,,BRISC-KERNEL,ZONE_END,64,/home/ekaterina_kuzmina1/tenstorrent/.venv/lib/python3.10/site-packages/ttnn/tt_metal/hw/firmware/src/tt-1xx/brisck.cc,
3,7,2,BRISC,61457,11018335374991,0,2051,,,BRISC-FW,ZONE_END,412,/home/ekaterina_kuzmina1/tenstorrent/.venv/lib/python3.10/site-packages/ttnn/tt_metal/hw/firmware/src/tt-1xx/brisc.cc,
3,7,2,BRISC,61457,11018391680692,0,3075,,,BRISC-FW,ZONE_START,412,/home/ekaterina_kuzmina1/tenstorrent/.venv/lib/python3.10/site-packages/ttnn/tt_metal/hw/firmware/src/tt-1xx/brisc.cc,
3,7,2,BRISC,63326,11018391681411,0,3075,,,BRISC-KERNEL,ZONE_START,64,/home/ekaterina_kuzmina1/tenstorrent/.venv/lib/python3.10/site-packages/ttnn/tt_metal/hw/firmware/src/tt-1xx/brisck.cc,
3,7,2,BRISC,63326,11018392294238,0,3075,,,BRISC-KERNEL,ZONE_END,64,/home/ekaterina_kuzmina1/tenstorrent/.venv/lib/python3.10/site-packages/ttnn/tt_metal/hw/firmware/src/tt-1xx/brisck.cc,
3,7,2,BRISC,61457,11018392294415,0,3075,,,BRISC-FW,ZONE_END,412,/home/ekaterina_kuzmina1/tenstorrent/.venv/lib/python3.10/site-packages/ttnn/tt_metal/hw/firmware/src/tt-1xx/brisc.cc,
3,7,2,BRISC,61457,11019124110296,0,4099,,,BRISC-FW,ZONE_START,412,/home/ekaterina_kuzmina1/tenstorrent/.venv/lib/python3.10/site-packages/ttnn/tt_metal/hw/firmware/src/tt-1xx/brisc.cc,
3,7,2,BRISC,63326,11019124111165,0,4099,,,BRISC-KERNEL,ZONE_START,64,/home/ekaterina_kuzmina1/tenstorrent/.venv/lib/python3.10/site-packages/ttnn/tt_metal/hw/firmware/src/tt-1xx/brisck.cc,
3,7,2,BRISC,63326,11019124277409,0,4099,,,BRISC-KERNEL,ZONE_END,64,/home/ekaterina_kuzmina1/tenstorrent/.venv/lib/python3.10/site-packages/ttnn/tt_metal/hw/firmware/src/tt-1xx/brisck.cc,
3,7,2,BRISC,61457,11019124277587,0,4099,,,BRISC-FW,ZONE_END,412,/home/ekaterina_kuzmina1/tenstorrent/.venv/lib/python3.10/site-packages/ttnn/tt_metal/hw/firmware/src/tt-1xx/brisc.cc,
3,7,2,NCRISC,12030,11018334781937,0,2051,,,NCRISC-FW,ZONE_START,123,/home/ekaterina_kuzmina1/tenstorrent/.venv/lib/python3.10/site-packages/ttnn/tt_metal/hw/firmware/src/tt-1xx/ncrisc.cc,
3,7,2,NCRISC,16513,11018334782534,0,2051,,,NCRISC-KERNEL,ZONE_START,63,/home/ekaterina_kuzmina1/tenstorrent/.venv/lib/python3.10/site-packages/ttnn/tt_metal/hw/firmware/src/tt-1xx/ncrisck.cc,
3,7,2,NCRISC,16513,11018335258249,0,2051,,,NCRISC-KERNEL,ZONE_END,63,/home/ekaterina_kuzmina1/tenstorrent/.venv/lib/python3.10/site-packages/ttnn/tt_metal/hw/firmware/src/tt-1xx/ncrisck.cc,
3,7,2,NCRISC,12030,11018335258366,0,2051,,,NCRISC-FW,ZONE_END,123,/home/ekaterina_kuzmina1/tenstorrent/.venv/lib/python3.10/site-packages/ttnn/tt_metal/hw/firmware/src/tt-1xx/ncrisc.cc,
3,7,2,NCRISC,12030,11018391680839,0,3075,,,NCRISC-FW,ZONE_START,123,/home/ekaterina_kuzmina1/tenstorrent/.venv/lib/python3.10/site-packages/ttnn/tt_metal/hw/firmware/src/tt-1xx/ncrisc.cc,
3,7,2,NCRISC,16513,11018391681382,0,3075,,,NCRISC-KERNEL,ZONE_START,63,/home/ekaterina_kuzmina1/tenstorrent/.venv/lib/python3.10/site-packages/ttnn/tt_metal/hw/firmware/src/tt-1xx/ncrisck.cc,
3,7,2,NCRISC,16513,11018392291829,0,3075,,,NCRISC-KERNEL,ZONE_END,63,/home/ekaterina_kuzmina1/tenstorrent/.venv/lib/python3.10/site-packages/ttnn/tt_metal/hw/firmware/src/tt-1xx/ncrisck.cc,
3,7,2,NCRISC,12030,11018392291957,0,3075,,,NCRISC-FW,ZONE_END,123,/home/ekaterina_kuzmina1/tenstorrent/.venv/lib/python3.10/site-packages/ttnn/tt_metal/hw/firmware/src/tt-1xx/ncrisc.cc,
3,7,2,NCRISC,12030,11019124110443,0,4099,,,NCRISC-FW,ZONE_START,123,/home/ekaterina_kuzmina1/tenstorrent/.venv/lib/python3.10/site-packages/ttnn/tt_metal/hw/firmware/src/tt-1xx/ncrisc.cc,
3,7,2,NCRISC,16513,11019124111148,0,4099,,,NCRISC-KERNEL,ZONE_START,63,/home/ekaterina_kuzmina1/tenstorrent/.venv/lib/python3.10/site-packages/ttnn/tt_metal/hw/firmware/src/tt-1xx/ncrisck.cc,
3,7,2,NCRISC,16513,11019124275789,0,4099,,,NCRISC-KERNEL,ZONE_END,63,/home/ekaterina_kuzmina1/tenstorrent/.venv/lib/python3.10/site-packages/ttnn/tt_metal/hw/firmware/src/tt-1xx/ncrisck.cc,
3,7,2,NCRISC,12030,11019124275922,0,4099,,,NCRISC-FW,ZONE_END,123,/home/ekaterina_kuzmina1/tenstorrent/.venv/lib/python3.10/site-packages/ttnn/tt_metal/hw/firmware/src/tt-1xx/ncrisc.cc,
3,7,2,TRISC_0,8413,11018334782025,0,2051,,,TRISC-FW,ZONE_START,136,/home/ekaterina_kuzmina1/tenstorrent/.venv/lib/python3.10/site-packages/ttnn/tt_metal/hw/firmware/src/tt-1xx/trisc.cc,
3,7,2,TRISC_0,360,11018334782532,0,2051,,,TRISC-KERNEL,ZONE_START,62,/home/ekaterina_kuzmina1/tenstorrent/.venv/lib/python3.10/site-packages/ttnn/tt_metal/hw/firmware/src/tt-1xx/trisck.cc,
3,7,2,TRISC_0,360,11018335285932,0,2051,,,TRISC-KERNEL,ZONE_END,62,/home/ekaterina_kuzmina1/tenstorrent/.venv/lib/python3.10/site-packages/ttnn/tt_metal/hw/firmware/src/tt-1xx/trisck.cc,
3,7,2,TRISC_0,8413,11018335286675,0,2051,,,TRISC-FW,ZONE_END,136,/home/ekaterina_kuzmina1/tenstorrent/.venv/lib/python3.10/site-packages/ttnn/tt_metal/hw/firmware/src/tt-1xx/trisc.cc,
3,7,2,TRISC_0,8413,11019124110549,0,4099,,,TRISC-FW,ZONE_START,136,/home/ekaterina_kuzmina1/tenstorrent/.venv/lib/python3.10/site-packages/ttnn/tt_metal/hw/firmware/src/tt-1xx/trisc.cc,
3,7,2,TRISC_0,360,11019124110887,0,4099,,,TRISC-KERNEL,ZONE_START,62,/home/ekaterina_kuzmina1/tenstorrent/.venv/lib/python3.10/site-packages/ttnn/tt_metal/hw/firmware/src/tt-1xx/trisck.cc,
3,7,2,TRISC_0,360,11019124275822,0,4099,,,TRISC-KERNEL,ZONE_END,62,/home/ekaterina_kuzmina1/tenstorrent/.venv/lib/python3.10/site-packages/ttnn/tt_metal/hw/firmware/src/tt-1xx/trisck.cc,
3,7,2,TRISC_0,8413,11019124275867,0,4099,,,TRISC-FW,ZONE_END,136,/home/ekaterina_kuzmina1/tenstorrent/.venv/lib/python3.10/site-packages/ttnn/tt_metal/hw/firmware/src/tt-1xx/trisc.cc,
3,7,2,TRISC_1,8413,11018334782034,0,2051,,,TRISC-FW,ZONE_START,136,/home/ekaterina_kuzmina1/tenstorrent/.venv/lib/python3.10/site-packages/ttnn/tt_metal/hw/firmware/src/tt-1xx/trisc.cc,
3,7,2,TRISC_1,360,11018334782535,0,2051,,,TRISC-KERNEL,ZONE_START,62,/home/ekaterina_kuzmina1/tenstorrent/.venv/lib/python3.10/site-packages/ttnn/tt_metal/hw/firmware/src/tt-1xx/trisck.cc,
3,7,2,TRISC_1,360,11018335286729,0,2051,,,TRISC-KERNEL,ZONE_END,62,/home/ekaterina_kuzmina1/tenstorrent/.venv/lib/python3.10/site-packages/ttnn/tt_metal/hw/firmware/src/tt-1xx/trisck.cc,
3,7,2,TRISC_1,8413,11018335286787,0,2051,,,TRISC-FW,ZONE_END,136,/home/ekaterina_kuzmina1/tenstorrent/.venv/lib/python3.10/site-packages/ttnn/tt_metal/hw/firmware/src/tt-1xx/trisc.cc,
3,7,2,TRISC_1,8413,11019124110540,0,4099,,,TRISC-FW,ZONE_START,136,/home/ekaterina_kuzmina1/tenstorrent/.venv/lib/python3.10/site-packages/ttnn/tt_metal/hw/firmware/src/tt-1xx/trisc.cc,
3,7,2,TRISC_1,360,11019124110750,0,4099,,,TRISC-KERNEL,ZONE_START,62,/home/ekaterina_kuzmina1/tenstorrent/.venv/lib/python3.10/site-packages/ttnn/tt_metal/hw/firmware/src/tt-1xx/trisck.cc,
3,7,2,TRISC_1,360,11019124274623,0,4099,,,TRISC-KERNEL,ZONE_END,62,/home/ekaterina_kuzmina1/tenstorrent/.venv/lib/python3.10/site-packages/ttnn/tt_metal/hw/firmware/src/tt-1xx/trisck.cc,
3,7,2,TRISC_1,8413,11019124275868,0,4099,,,TRISC-FW,ZONE_END,136,/home/ekaterina_kuzmina1/tenstorrent/.venv/lib/python3.10/site-packages/ttnn/tt_metal/hw/firmware/src/tt-1xx/trisc.cc,
3,7,2,TRISC_2,8413,11018334782045,0,2051,,,TRISC-FW,ZONE_START,136,/home/ekaterina_kuzmina1/tenstorrent/.venv/lib/python3.10/site-packages/ttnn/tt_metal/hw/firmware/src/tt-1xx/trisc.cc,
3,7,2,TRISC_2,360,11018334782533,0,2051,,,TRISC-KERNEL,ZONE_START,62,/home/ekaterina_kuzmina1/tenstorrent/.venv/lib/python3.10/site-packages/ttnn/tt_metal/hw/firmware/src/tt-1xx/trisck.cc,
3,7,2,TRISC_2,360,11018335286847,0,2051,,,TRISC-KERNEL,ZONE_END,62,/home/ekaterina_kuzmina1/tenstorrent/.venv/lib/python3.10/site-packages/ttnn/tt_metal/hw/firmware/src/tt-1xx/trisck.cc,
3,7,2,TRISC_2,8413,11018335287087,0,2051,,,TRISC-FW,ZONE_END,136,/home/ekaterina_kuzmina1/tenstorrent/.venv/lib/python3.10/site-packages/ttnn/tt_metal/hw/firmware/src/tt-1xx/trisc.cc,
3,7,2,TRISC_2,8413,11019124110551,0,4099,,,TRISC-FW,ZONE_START,136,/home/ekaterina_kuzmina1/tenstorrent/.venv/lib/python3.10/site-packages/ttnn/tt_metal/hw/firmware/src/tt-1xx/trisc.cc,
3,7,2,TRISC_2,360,11019124110884,0,4099,,,TRISC-KERNEL,ZONE_START,62,/home/ekaterina_kuzmina1/tenstorrent/.venv/lib/python3.10/site-packages/ttnn/tt_metal/hw/firmware/src/tt-1xx/trisck.cc,
3,7,2,TRISC_2,360,11019124276346,0,4099,,,TRISC-KERNEL,ZONE_END,62,/home/ekaterina_kuzmina1/tenstorrent/.venv/lib/python3.10/site-packages/ttnn/tt_metal/hw/firmware/src/tt-1xx/trisck.cc,
3,7,2,TRISC_2,8413,11019124276380,0,4099,,,TRISC-FW,ZONE_END,136,/home/ekaterina_kuzmina1/tenstorrent/.venv/lib/python3.10/site-packages/ttnn/tt_metal/hw/firmware/src/tt-1xx/trisc.cc,
3,7,3,BRISC,61457,11018334781747,0,2051,,,BRISC-FW,ZONE_START,412,/home/ekaterina_kuzmina1/tenstorrent/.venv/lib/python3.10/site-packages/ttnn/tt_metal/hw/firmware/src/tt-1xx/brisc.cc,
3,7,3,BRISC,63326,11018334782528,0,2051,,,BRISC-KERNEL,ZONE_START,64,/home/ekaterina_kuzmina1/tenstorrent/.venv/lib/python3.10/site-packages/ttnn/tt_metal/hw/firmware/src/tt-1xx/brisck.cc,
3,7,3,BRISC,63326,11018335362280,0,2051,,,BRISC-KERNEL,ZONE_END,64,/home/ekaterina_kuzmina1/tenstorrent/.venv/lib/python3.10/site-packages/ttnn/tt_metal/hw/firmware/src/tt-1xx/brisck.cc,
3,7,3,BRISC,61457,11018335362464,0,2051,,,BRISC-FW,ZONE_END,412,/home/ekaterina_kuzmina1/tenstorrent/.venv/lib/python3.10/site-packages/ttnn/tt_metal/hw/firmware/src/tt-1xx/brisc.cc,
3,7,3,BRISC,61457,11018391680699,0,3075,,,BRISC-FW,ZONE_START,412,/home/ekaterina_kuzmina1/tenstorrent/.venv/lib/python3.10/site-packages/ttnn/tt_metal/hw/firmware/src/tt-1xx/brisc.cc,
3,7,3,BRISC,63326,11018391681408,0,3075,,,BRISC-KERNEL,ZONE_START,64,/home/ekaterina_kuzmina1/tenstorrent/.venv/lib/python3.10/site-packages/ttnn/tt_metal/hw/firmware/src/tt-1xx/brisck.cc,
3,7,3,BRISC,63326,11018392294773,0,3075,,,BRISC-KERNEL,ZONE_END,64,/home/ekaterina_kuzmina1/tenstorrent/.venv/lib/python3.10/site-packages/ttnn/tt_metal/hw/firmware/src/tt-1xx/brisck.cc,
3,7,3,BRISC,61457,11018392294954,0,3075,,,BRISC-FW,ZONE_END,412,/home/ekaterina_kuzmina1/tenstorrent/.venv/lib/python3.10/site-packages/ttnn/tt_metal/hw/firmware/src/tt-1xx/brisc.cc,
3,7,3,BRISC,61457,11019124110290,0,4099,,,BRISC-FW,ZONE_START,412,/home/ekaterina_kuzmina1/tenstorrent/.venv/lib/python3.10/site-packages/ttnn/tt_metal/hw/firmware/src/tt-1xx/brisc.cc,
3,7,3,BRISC,63326,11019124111146,0,4099,,,BRISC-KERNEL,ZONE_START,64,/home/ekaterina_kuzmina1/tenstorrent/.venv/lib/python3.10/site-packages/ttnn/tt_metal/hw/firmware/src/tt-1xx/brisck.cc,
3,7,3,BRISC,63326,11019124273387,0,4099,,,BRISC-KERNEL,ZONE_END,64,/home/ekaterina_kuzmina1/tenstorrent/.venv/lib/python3.10/site-packages/ttnn/tt_metal/hw/firmware/src/tt-1xx/brisck.cc,
3,7,3,BRISC,61457,11019124273566,0,4099,,,BRISC-FW,ZONE_END,412,/home/ekaterina_kuzmina1/tenstorrent/.venv/lib/python3.10/site-packages/ttnn/tt_metal/hw/firmware/src/tt-1xx/brisc.cc,
3,7,3,NCRISC,12030,11018334781897,0,2051,,,NCRISC-FW,ZONE_START,123,/home/ekaterina_kuzmina1/tenstorrent/.venv/lib/python3.10/site-packages/ttnn/tt_metal/hw/firmware/src/tt-1xx/ncrisc.cc,
3,7,3,NCRISC,16513,11018334782516,0,2051,,,NCRISC-KERNEL,ZONE_START,63,/home/ekaterina_kuzmina1/tenstorrent/.venv/lib/python3.10/site-packages/ttnn/tt_metal/hw/firmware/src/tt-1xx/ncrisck.cc,
3,7,3,NCRISC,16513,11018335269230,0,2051,,,NCRISC-KERNEL,ZONE_END,63,/home/ekaterina_kuzmina1/tenstorrent/.venv/lib/python3.10/site-packages/ttnn/tt_metal/hw/firmware/src/tt-1xx/ncrisck.cc,
3,7,3,NCRISC,12030,11018335269347,0,2051,,,NCRISC-FW,ZONE_END,123,/home/ekaterina_kuzmina1/tenstorrent/.venv/lib/python3.10/site-packages/ttnn/tt_metal/hw/firmware/src/tt-1xx/ncrisc.cc,
3,7,3,NCRISC,12030,11018391680849,0,3075,,,NCRISC-FW,ZONE_START,123,/home/ekaterina_kuzmina1/tenstorrent/.venv/lib/python3.10/site-packages/ttnn/tt_metal/hw/firmware/src/tt-1xx/ncrisc.cc,
3,7,3,NCRISC,16513,11018391681381,0,3075,,,NCRISC-KERNEL,ZONE_START,63,/home/ekaterina_kuzmina1/tenstorrent/.venv/lib/python3.10/site-packages/ttnn/tt_metal/hw/firmware/src/tt-1xx/ncrisck.cc,
3,7,3,NCRISC,16513,11018392292356,0,3075,,,NCRISC-KERNEL,ZONE_END,63,/home/ekaterina_kuzmina1/tenstorrent/.venv/lib/python3.10/site-packages/ttnn/tt_metal/hw/firmware/src/tt-1xx/ncrisck.cc,
3,7,3,NCRISC,12030,11018392292476,0,3075,,,NCRISC-FW,ZONE_END,123,/home/ekaterina_kuzmina1/tenstorrent/.venv/lib/python3.10/site-packages/ttnn/tt_metal/hw/firmware/src/tt-1xx/ncrisc.cc,
3,7,3,NCRISC,12030,11019124110433,0,4099,,,NCRISC-FW,ZONE_START,123,/home/ekaterina_kuzmina1/tenstorrent/.venv/lib/python3.10/site-packages/ttnn/tt_metal/hw/firmware/src/tt-1xx/ncrisc.cc,
3,7,3,NCRISC,16513,11019124111129,0,4099,,,NCRISC-KERNEL,ZONE_START,63,/home/ekaterina_kuzmina1/tenstorrent/.venv/lib/python3.10/site-packages/ttnn/tt_metal/hw/firmware/src/tt-1xx/ncrisck.cc,
3,7,3,NCRISC,16513,11019124271897,0,4099,,,NCRISC-KERNEL,ZONE_END,63,/home/ekaterina_kuzmina1/tenstorrent/.venv/lib/python3.10/site-packages/ttnn/tt_metal/hw/firmware/src/tt-1xx/ncrisck.cc,
3,7,3,NCRISC,12030,11019124272028,0,4099,,,NCRISC-FW,ZONE_END,123,/home/ekaterina_kuzmina1/tenstorrent/.venv/lib/python3.10/site-packages/ttnn/tt_metal/hw/firmware/src/tt-1xx/ncrisc.cc,
3,7,3,TRISC_0,8413,11018334781994,0,2051,,,TRISC-FW,ZONE_START,136,/home/ekaterina_kuzmina1/tenstorrent/.venv/lib/python3.10/site-packages/ttnn/tt_metal/hw/firmware/src/tt-1xx/trisc.cc,
3,7,3,TRISC_0,360,11018334782525,0,2051,,,TRISC-KERNEL,ZONE_START,62,/home/ekaterina_kuzmina1/tenstorrent/.venv/lib/python3.10/site-packages/ttnn/tt_metal/hw/firmware/src/tt-1xx/trisck.cc,
3,7,3,TRISC_0,360,11018335285962,0,2051,,,TRISC-KERNEL,ZONE_END,62,/home/ekaterina_kuzmina1/tenstorrent/.venv/lib/python3.10/site-packages/ttnn/tt_metal/hw/firmware/src/tt-1xx/trisck.cc,
3,7,3,TRISC_0,8413,11018335286698,0,2051,,,TRISC-FW,ZONE_END,136,/home/ekaterina_kuzmina1/tenstorrent/.venv/lib/python3.10/site-packages/ttnn/tt_metal/hw/firmware/src/tt-1xx/trisc.cc,
3,7,3,TRISC_0,8413,11019124110544,0,4099,,,TRISC-FW,ZONE_START,136,/home/ekaterina_kuzmina1/tenstorrent/.venv/lib/python3.10/site-packages/ttnn/tt_metal/hw/firmware/src/tt-1xx/trisc.cc,
3,7,3,TRISC_0,360,11019124110881,0,4099,,,TRISC-KERNEL,ZONE_START,62,/home/ekaterina_kuzmina1/tenstorrent/.venv/lib/python3.10/site-packages/ttnn/tt_metal/hw/firmware/src/tt-1xx/trisck.cc,
3,7,3,TRISC_0,360,11019124271935,0,4099,,,TRISC-KERNEL,ZONE_END,62,/home/ekaterina_kuzmina1/tenstorrent/.venv/lib/python3.10/site-packages/ttnn/tt_metal/hw/firmware/src/tt-1xx/trisck.cc,
3,7,3,TRISC_0,8413,11019124271986,0,4099,,,TRISC-FW,ZONE_END,136,/home/ekaterina_kuzmina1/tenstorrent/.venv/lib/python3.10/site-packages/ttnn/tt_metal/hw/firmware/src/tt-1xx/trisc.cc,
3,7,3,TRISC_1,8413,11018334782002,0,2051,,,TRISC-FW,ZONE_START,136,/home/ekaterina_kuzmina1/tenstorrent/.venv/lib/python3.10/site-packages/ttnn/tt_metal/hw/firmware/src/tt-1xx/trisc.cc,
3,7,3,TRISC_1,360,11018334782526,0,2051,,,TRISC-KERNEL,ZONE_START,62,/home/ekaterina_kuzmina1/tenstorrent/.venv/lib/python3.10/site-packages/ttnn/tt_metal/hw/firmware/src/tt-1xx/trisck.cc,
3,7,3,TRISC_1,360,11018335286752,0,2051,,,TRISC-KERNEL,ZONE_END,62,/home/ekaterina_kuzmina1/tenstorrent/.venv/lib/python3.10/site-packages/ttnn/tt_metal/hw/firmware/src/tt-1xx/trisck.cc,
3,7,3,TRISC_1,8413,11018335286807,0,2051,,,TRISC-FW,ZONE_END,136,/home/ekaterina_kuzmina1/tenstorrent/.venv/lib/python3.10/site-packages/ttnn/tt_metal/hw/firmware/src/tt-1xx/trisc.cc,
3,7,3,TRISC_1,8413,11019124110533,0,4099,,,TRISC-FW,ZONE_START,136,/home/ekaterina_kuzmina1/tenstorrent/.venv/lib/python3.10/site-packages/ttnn/tt_metal/hw/firmware/src/tt-1xx/trisc.cc,
3,7,3,TRISC_1,360,11019124110741,0,4099,,,TRISC-KERNEL,ZONE_START,62,/home/ekaterina_kuzmina1/tenstorrent/.venv/lib/python3.10/site-packages/ttnn/tt_metal/hw/firmware/src/tt-1xx/trisck.cc,
3,7,3,TRISC_1,360,11019124270191,0,4099,,,TRISC-KERNEL,ZONE_END,62,/home/ekaterina_kuzmina1/tenstorrent/.venv/lib/python3.10/site-packages/ttnn/tt_metal/hw/firmware/src/tt-1xx/trisck.cc,
3,7,3,TRISC_1,8413,11019124271951,0,4099,,,TRISC-FW,ZONE_END,136,/home/ekaterina_kuzmina1/tenstorrent/.venv/lib/python3.10/site-packages/ttnn/tt_metal/hw/firmware/src/tt-1xx/trisc.cc,
3,7,3,TRISC_2,8413,11018334782009,0,2051,,,TRISC-FW,ZONE_START,136,/home/ekaterina_kuzmina1/tenstorrent/.venv/lib/python3.10/site-packages/ttnn/tt_metal/hw/firmware/src/tt-1xx/trisc.cc,
3,7,3,TRISC_2,360,11018334782527,0,2051,,,TRISC-KERNEL,ZONE_START,62,/home/ekaterina_kuzmina1/tenstorrent/.venv/lib/python3.10/site-packages/ttnn/tt_metal/hw/firmware/src/tt-1xx/trisck.cc,
3,7,3,TRISC_2,360,11018335286868,0,2051,,,TRISC-KERNEL,ZONE_END,62,/home/ekaterina_kuzmina1/tenstorrent/.venv/lib/python3.10/site-packages/ttnn/tt_metal/hw/firmware/src/tt-1xx/trisck.cc,
3,7,3,TRISC_2,8413,11018335287111,0,2051,,,TRISC-FW,ZONE_END,136,/home/ekaterina_kuzmina1/tenstorrent/.venv/lib/python3.10/site-packages/ttnn/tt_metal/hw/firmware/src/tt-1xx/trisc.cc,
3,7,3,TRISC_2,8413,11019124110546,0,4099,,,TRISC-FW,ZONE_START,136,/home/ekaterina_kuzmina1/tenstorrent/.venv/lib/python3.10/site-packages/ttnn/tt_metal/hw/firmware/src/tt-1xx/trisc.cc,
3,7,3,TRISC_2,360,11019124110870,0,4099,,,TRISC-KERNEL,ZONE_START,62,/home/ekaterina_kuzmina1/tenstorrent/.venv/lib/python3.10/site-packages/ttnn/tt_metal/hw/firmware/src/tt-1xx/trisck.cc,
3,7,3,TRISC_2,360,11019124271312,0,4099,,,TRISC-KERNEL,ZONE_END,62,/home/ekaterina_kuzmina1/tenstorrent/.venv/lib/python3.10/site-packages/ttnn/tt_metal/hw/firmware/src/tt-1xx/trisck.cc,
3,7,3,TRISC_2,8413,11019124272059,0,4099,,,TRISC-FW,ZONE_END,136,/home/ekaterina_kuzmina1/tenstorrent/.venv/lib/python3.10/site-packages/ttnn/tt_metal/hw/firmware/src/tt-1xx/trisc.cc,
3,7,4,BRISC,61457,11018334781791,0,2051,,,BRISC-FW,ZONE_START,412,/home/ekaterina_kuzmina1/tenstorrent/.venv/lib/python3.10/site-packages/ttnn/tt_metal/hw/firmware/src/tt-1xx/brisc.cc,
3,7,4,BRISC,63326,11018334782565,0,2051,,,BRISC-KERNEL,ZONE_START,64,/home/ekaterina_kuzmina1/tenstorrent/.venv/lib/python3.10/site-packages/ttnn/tt_metal/hw/firmware/src/tt-1xx/brisck.cc,
3,7,4,BRISC,63326,11018335347194,0,2051,,,BRISC-KERNEL,ZONE_END,64,/home/ekaterina_kuzmina1/tenstorrent/.venv/lib/python3.10/site-packages/ttnn/tt_metal/hw/firmware/src/tt-1xx/brisck.cc,
3,7,4,BRISC,61457,11018335347382,0,2051,,,BRISC-FW,ZONE_END,412,/home/ekaterina_kuzmina1/tenstorrent/.venv/lib/python3.10/site-packages/ttnn/tt_metal/hw/firmware/src/tt-1xx/brisc.cc,
3,7,4,BRISC,61457,11018391680692,0,3075,,,BRISC-FW,ZONE_START,412,/home/ekaterina_kuzmina1/tenstorrent/.venv/lib/python3.10/site-packages/ttnn/tt_metal/hw/firmware/src/tt-1xx/brisc.cc,
3,7,4,BRISC,63326,11018391681391,0,3075,,,BRISC-KERNEL,ZONE_START,64,/home/ekaterina_kuzmina1/tenstorrent/.venv/lib/python3.10/site-packages/ttnn/tt_metal/hw/firmware/src/tt-1xx/brisck.cc,
3,7,4,BRISC,63326,11018392296385,0,3075,,,BRISC-KERNEL,ZONE_END,64,/home/ekaterina_kuzmina1/tenstorrent/.venv/lib/python3.10/site-packages/ttnn/tt_metal/hw/firmware/src/tt-1xx/brisck.cc,
3,7,4,BRISC,61457,11018392296564,0,3075,,,BRISC-FW,ZONE_END,412,/home/ekaterina_kuzmina1/tenstorrent/.venv/lib/python3.10/site-packages/ttnn/tt_metal/hw/firmware/src/tt-1xx/brisc.cc,
3,7,4,BRISC,61457,11019124110307,0,4099,,,BRISC-FW,ZONE_START,412,/home/ekaterina_kuzmina1/tenstorrent/.venv/lib/python3.10/site-packages/ttnn/tt_metal/hw/firmware/src/tt-1xx/brisc.cc,
3,7,4,BRISC,63326,11019124111174,0,4099,,,BRISC-KERNEL,ZONE_START,64,/home/ekaterina_kuzmina1/tenstorrent/.venv/lib/python3.10/site-packages/ttnn/tt_metal/hw/firmware/src/tt-1xx/brisck.cc,
3,7,4,BRISC,63326,11019124278230,0,4099,,,BRISC-KERNEL,ZONE_END,64,/home/ekaterina_kuzmina1/tenstorrent/.venv/lib/python3.10/site-packages/ttnn/tt_metal/hw/firmware/src/tt-1xx/brisck.cc,
3,7,4,BRISC,61457,11019124278412,0,4099,,,BRISC-FW,ZONE_END,412,/home/ekaterina_kuzmina1/tenstorrent/.venv/lib/python3.10/site-packages/ttnn/tt_metal/hw/firmware/src/tt-1xx/brisc.cc,
3,7,4,NCRISC,12030,11018334781937,0,2051,,,NCRISC-FW,ZONE_START,123,/home/ekaterina_kuzmina1/tenstorrent/.venv/lib/python3.10/site-packages/ttnn/tt_metal/hw/firmware/src/tt-1xx/ncrisc.cc,
3,7,4,NCRISC,16513,11018334782520,0,2051,,,NCRISC-KERNEL,ZONE_START,63,/home/ekaterina_kuzmina1/tenstorrent/.venv/lib/python3.10/site-packages/ttnn/tt_metal/hw/firmware/src/tt-1xx/ncrisck.cc,
3,7,4,NCRISC,16513,11018335265859,0,2051,,,NCRISC-KERNEL,ZONE_END,63,/home/ekaterina_kuzmina1/tenstorrent/.venv/lib/python3.10/site-packages/ttnn/tt_metal/hw/firmware/src/tt-1xx/ncrisck.cc,
3,7,4,NCRISC,12030,11018335265976,0,2051,,,NCRISC-FW,ZONE_END,123,/home/ekaterina_kuzmina1/tenstorrent/.venv/lib/python3.10/site-packages/ttnn/tt_metal/hw/firmware/src/tt-1xx/ncrisc.cc,
3,7,4,NCRISC,12030,11018391680839,0,3075,,,NCRISC-FW,ZONE_START,123,/home/ekaterina_kuzmina1/tenstorrent/.venv/lib/python3.10/site-packages/ttnn/tt_metal/hw/firmware/src/tt-1xx/ncrisc.cc,
3,7,4,NCRISC,16513,11018391681363,0,3075,,,NCRISC-KERNEL,ZONE_START,63,/home/ekaterina_kuzmina1/tenstorrent/.venv/lib/python3.10/site-packages/ttnn/tt_metal/hw/firmware/src/tt-1xx/ncrisck.cc,
3,7,4,NCRISC,16513,11018392293973,0,3075,,,NCRISC-KERNEL,ZONE_END,63,/home/ekaterina_kuzmina1/tenstorrent/.venv/lib/python3.10/site-packages/ttnn/tt_metal/hw/firmware/src/tt-1xx/ncrisck.cc,
3,7,4,NCRISC,12030,11018392294093,0,3075,,,NCRISC-FW,ZONE_END,123,/home/ekaterina_kuzmina1/tenstorrent/.venv/lib/python3.10/site-packages/ttnn/tt_metal/hw/firmware/src/tt-1xx/ncrisc.cc,
3,7,4,NCRISC,12030,11019124110445,0,4099,,,NCRISC-FW,ZONE_START,123,/home/ekaterina_kuzmina1/tenstorrent/.venv/lib/python3.10/site-packages/ttnn/tt_metal/hw/firmware/src/tt-1xx/ncrisc.cc,
3,7,4,NCRISC,16513,11019124111157,0,4099,,,NCRISC-KERNEL,ZONE_START,63,/home/ekaterina_kuzmina1/tenstorrent/.venv/lib/python3.10/site-packages/ttnn/tt_metal/hw/firmware/src/tt-1xx/ncrisck.cc,
3,7,4,NCRISC,16513,11019124276137,0,4099,,,NCRISC-KERNEL,ZONE_END,63,/home/ekaterina_kuzmina1/tenstorrent/.venv/lib/python3.10/site-packages/ttnn/tt_metal/hw/firmware/src/tt-1xx/ncrisck.cc,
3,7,4,NCRISC,12030,11019124276278,0,4099,,,NCRISC-FW,ZONE_END,123,/home/ekaterina_kuzmina1/tenstorrent/.venv/lib/python3.10/site-packages/ttnn/tt_metal/hw/firmware/src/tt-1xx/ncrisc.cc,
3,7,4,TRISC_0,8413,11018334782025,0,2051,,,TRISC-FW,ZONE_START,136,/home/ekaterina_kuzmina1/tenstorrent/.venv/lib/python3.10/site-packages/ttnn/tt_metal/hw/firmware/src/tt-1xx/trisc.cc,
3,7,4,TRISC_0,360,11018334782516,0,2051,,,TRISC-KERNEL,ZONE_START,62,/home/ekaterina_kuzmina1/tenstorrent/.venv/lib/python3.10/site-packages/ttnn/tt_metal/hw/firmware/src/tt-1xx/trisck.cc,
3,7,4,TRISC_0,360,11018335285976,0,2051,,,TRISC-KERNEL,ZONE_END,62,/home/ekaterina_kuzmina1/tenstorrent/.venv/lib/python3.10/site-packages/ttnn/tt_metal/hw/firmware/src/tt-1xx/trisck.cc,
3,7,4,TRISC_0,8413,11018335286724,0,2051,,,TRISC-FW,ZONE_END,136,/home/ekaterina_kuzmina1/tenstorrent/.venv/lib/python3.10/site-packages/ttnn/tt_metal/hw/firmware/src/tt-1xx/trisc.cc,
3,7,4,TRISC_0,8413,11019124110560,0,4099,,,TRISC-FW,ZONE_START,136,/home/ekaterina_kuzmina1/tenstorrent/.venv/lib/python3.10/site-packages/ttnn/tt_metal/hw/firmware/src/tt-1xx/trisc.cc,
3,7,4,TRISC_0,360,11019124110898,0,4099,,,TRISC-KERNEL,ZONE_START,62,/home/ekaterina_kuzmina1/tenstorrent/.venv/lib/python3.10/site-packages/ttnn/tt_metal/hw/firmware/src/tt-1xx/trisck.cc,
3,7,4,TRISC_0,360,11019124276176,0,4099,,,TRISC-KERNEL,ZONE_END,62,/home/ekaterina_kuzmina1/tenstorrent/.venv/lib/python3.10/site-packages/ttnn/tt_metal/hw/firmware/src/tt-1xx/trisck.cc,
3,7,4,TRISC_0,8413,11019124276235,0,4099,,,TRISC-FW,ZONE_END,136,/home/ekaterina_kuzmina1/tenstorrent/.venv/lib/python3.10/site-packages/ttnn/tt_metal/hw/firmware/src/tt-1xx/trisc.cc,
3,7,4,TRISC_1,8413,11018334782039,0,2051,,,TRISC-FW,ZONE_START,136,/home/ekaterina_kuzmina1/tenstorrent/.venv/lib/python3.10/site-packages/ttnn/tt_metal/hw/firmware/src/tt-1xx/trisc.cc,
3,7,4,TRISC_1,360,11018334782517,0,2051,,,TRISC-KERNEL,ZONE_START,62,/home/ekaterina_kuzmina1/tenstorrent/.venv/lib/python3.10/site-packages/ttnn/tt_metal/hw/firmware/src/tt-1xx/trisck.cc,
3,7,4,TRISC_1,360,11018335286778,0,2051,,,TRISC-KERNEL,ZONE_END,62,/home/ekaterina_kuzmina1/tenstorrent/.venv/lib/python3.10/site-packages/ttnn/tt_metal/hw/firmware/src/tt-1xx/trisck.cc,
3,7,4,TRISC_1,8413,11018335286835,0,2051,,,TRISC-FW,ZONE_END,136,/home/ekaterina_kuzmina1/tenstorrent/.venv/lib/python3.10/site-packages/ttnn/tt_metal/hw/firmware/src/tt-1xx/trisc.cc,
3,7,4,TRISC_1,8413,11019124110557,0,4099,,,TRISC-FW,ZONE_START,136,/home/ekaterina_kuzmina1/tenstorrent/.venv/lib/python3.10/site-packages/ttnn/tt_metal/hw/firmware/src/tt-1xx/trisc.cc,
3,7,4,TRISC_1,360,11019124110741,0,4099,,,TRISC-KERNEL,ZONE_START,62,/home/ekaterina_kuzmina1/tenstorrent/.venv/lib/python3.10/site-packages/ttnn/tt_metal/hw/firmware/src/tt-1xx/trisck.cc,
3,7,4,TRISC_1,360,11019124275137,0,4099,,,TRISC-KERNEL,ZONE_END,62,/home/ekaterina_kuzmina1/tenstorrent/.venv/lib/python3.10/site-packages/ttnn/tt_metal/hw/firmware/src/tt-1xx/trisck.cc,
3,7,4,TRISC_1,8413,11019124276191,0,4099,,,TRISC-FW,ZONE_END,136,/home/ekaterina_kuzmina1/tenstorrent/.venv/lib/python3.10/site-packages/ttnn/tt_metal/hw/firmware/src/tt-1xx/trisc.cc,
3,7,4,TRISC_2,8413,11018334782047,0,2051,,,TRISC-FW,ZONE_START,136,/home/ekaterina_kuzmina1/tenstorrent/.venv/lib/python3.10/site-packages/ttnn/tt_metal/hw/firmware/src/tt-1xx/trisc.cc,
3,7,4,TRISC_2,360,11018334782514,0,2051,,,TRISC-KERNEL,ZONE_START,62,/home/ekaterina_kuzmina1/tenstorrent/.venv/lib/python3.10/site-packages/ttnn/tt_metal/hw/firmware/src/tt-1xx/trisck.cc,
3,7,4,TRISC_2,360,11018335286896,0,2051,,,TRISC-KERNEL,ZONE_END,62,/home/ekaterina_kuzmina1/tenstorrent/.venv/lib/python3.10/site-packages/ttnn/tt_metal/hw/firmware/src/tt-1xx/trisck.cc,
3,7,4,TRISC_2,8413,11018335287123,0,2051,,,TRISC-FW,ZONE_END,136,/home/ekaterina_kuzmina1/tenstorrent/.venv/lib/python3.10/site-packages/ttnn/tt_metal/hw/firmware/src/tt-1xx/trisc.cc,
3,7,4,TRISC_2,8413,11019124110568,0,4099,,,TRISC-FW,ZONE_START,136,/home/ekaterina_kuzmina1/tenstorrent/.venv/lib/python3.10/site-packages/ttnn/tt_metal/hw/firmware/src/tt-1xx/trisc.cc,
3,7,4,TRISC_2,360,11019124110895,0,4099,,,TRISC-KERNEL,ZONE_START,62,/home/ekaterina_kuzmina1/tenstorrent/.venv/lib/python3.10/site-packages/ttnn/tt_metal/hw/firmware/src/tt-1xx/trisck.cc,
3,7,4,TRISC_2,360,11019124276940,0,4099,,,TRISC-KERNEL,ZONE_END,62,/home/ekaterina_kuzmina1/tenstorrent/.venv/lib/python3.10/site-packages/ttnn/tt_metal/hw/firmware/src/tt-1xx/trisck.cc,
3,7,4,TRISC_2,8413,11019124276974,0,4099,,,TRISC-FW,ZONE_END,136,/home/ekaterina_kuzmina1/tenstorrent/.venv/lib/python3.10/site-packages/ttnn/tt_metal/hw/firmware/src/tt-1xx/trisc.cc,
3,7,5,BRISC,61457,11018334781776,0,2051,,,BRISC-FW,ZONE_START,412,/home/ekaterina_kuzmina1/tenstorrent/.venv/lib/python3.10/site-packages/ttnn/tt_metal/hw/firmware/src/tt-1xx/brisc.cc,
3,7,5,BRISC,63326,11018334782573,0,2051,,,BRISC-KERNEL,ZONE_START,64,/home/ekaterina_kuzmina1/tenstorrent/.venv/lib/python3.10/site-packages/ttnn/tt_metal/hw/firmware/src/tt-1xx/brisck.cc,
3,7,5,BRISC,63326,11018335329249,0,2051,,,BRISC-KERNEL,ZONE_END,64,/home/ekaterina_kuzmina1/tenstorrent/.venv/lib/python3.10/site-packages/ttnn/tt_metal/hw/firmware/src/tt-1xx/brisck.cc,
3,7,5,BRISC,61457,11018335329433,0,2051,,,BRISC-FW,ZONE_END,412,/home/ekaterina_kuzmina1/tenstorrent/.venv/lib/python3.10/site-packages/ttnn/tt_metal/hw/firmware/src/tt-1xx/brisc.cc,
3,7,5,BRISC,61457,11018391680689,0,3075,,,BRISC-FW,ZONE_START,412,/home/ekaterina_kuzmina1/tenstorrent/.venv/lib/python3.10/site-packages/ttnn/tt_metal/hw/firmware/src/tt-1xx/brisc.cc,
3,7,5,BRISC,63326,11018391681388,0,3075,,,BRISC-KERNEL,ZONE_START,64,/home/ekaterina_kuzmina1/tenstorrent/.venv/lib/python3.10/site-packages/ttnn/tt_metal/hw/firmware/src/tt-1xx/brisck.cc,
3,7,5,BRISC,63326,11018392288574,0,3075,,,BRISC-KERNEL,ZONE_END,64,/home/ekaterina_kuzmina1/tenstorrent/.venv/lib/python3.10/site-packages/ttnn/tt_metal/hw/firmware/src/tt-1xx/brisck.cc,
3,7,5,BRISC,61457,11018392288753,0,3075,,,BRISC-FW,ZONE_END,412,/home/ekaterina_kuzmina1/tenstorrent/.venv/lib/python3.10/site-packages/ttnn/tt_metal/hw/firmware/src/tt-1xx/brisc.cc,
3,7,5,BRISC,61457,11019124110313,0,4099,,,BRISC-FW,ZONE_START,412,/home/ekaterina_kuzmina1/tenstorrent/.venv/lib/python3.10/site-packages/ttnn/tt_metal/hw/firmware/src/tt-1xx/brisc.cc,
3,7,5,BRISC,63326,11019124111170,0,4099,,,BRISC-KERNEL,ZONE_START,64,/home/ekaterina_kuzmina1/tenstorrent/.venv/lib/python3.10/site-packages/ttnn/tt_metal/hw/firmware/src/tt-1xx/brisck.cc,
3,7,5,BRISC,63326,11019124279067,0,4099,,,BRISC-KERNEL,ZONE_END,64,/home/ekaterina_kuzmina1/tenstorrent/.venv/lib/python3.10/site-packages/ttnn/tt_metal/hw/firmware/src/tt-1xx/brisck.cc,
3,7,5,BRISC,61457,11019124279247,0,4099,,,BRISC-FW,ZONE_END,412,/home/ekaterina_kuzmina1/tenstorrent/.venv/lib/python3.10/site-packages/ttnn/tt_metal/hw/firmware/src/tt-1xx/brisc.cc,
3,7,5,NCRISC,12030,11018334781929,0,2051,,,NCRISC-FW,ZONE_START,123,/home/ekaterina_kuzmina1/tenstorrent/.venv/lib/python3.10/site-packages/ttnn/tt_metal/hw/firmware/src/tt-1xx/ncrisc.cc,
3,7,5,NCRISC,16513,11018334782544,0,2051,,,NCRISC-KERNEL,ZONE_START,63,/home/ekaterina_kuzmina1/tenstorrent/.venv/lib/python3.10/site-packages/ttnn/tt_metal/hw/firmware/src/tt-1xx/ncrisck.cc,
3,7,5,NCRISC,16513,11018335260170,0,2051,,,NCRISC-KERNEL,ZONE_END,63,/home/ekaterina_kuzmina1/tenstorrent/.venv/lib/python3.10/site-packages/ttnn/tt_metal/hw/firmware/src/tt-1xx/ncrisck.cc,
3,7,5,NCRISC,12030,11018335260287,0,2051,,,NCRISC-FW,ZONE_END,123,/home/ekaterina_kuzmina1/tenstorrent/.venv/lib/python3.10/site-packages/ttnn/tt_metal/hw/firmware/src/tt-1xx/ncrisc.cc,
3,7,5,NCRISC,12030,11018391680836,0,3075,,,NCRISC-FW,ZONE_START,123,/home/ekaterina_kuzmina1/tenstorrent/.venv/lib/python3.10/site-packages/ttnn/tt_metal/hw/firmware/src/tt-1xx/ncrisc.cc,
3,7,5,NCRISC,16513,11018391681360,0,3075,,,NCRISC-KERNEL,ZONE_START,63,/home/ekaterina_kuzmina1/tenstorrent/.venv/lib/python3.10/site-packages/ttnn/tt_metal/hw/firmware/src/tt-1xx/ncrisck.cc,
3,7,5,NCRISC,16513,11018392286145,0,3075,,,NCRISC-KERNEL,ZONE_END,63,/home/ekaterina_kuzmina1/tenstorrent/.venv/lib/python3.10/site-packages/ttnn/tt_metal/hw/firmware/src/tt-1xx/ncrisck.cc,
3,7,5,NCRISC,12030,11018392286262,0,3075,,,NCRISC-FW,ZONE_END,123,/home/ekaterina_kuzmina1/tenstorrent/.venv/lib/python3.10/site-packages/ttnn/tt_metal/hw/firmware/src/tt-1xx/ncrisc.cc,
3,7,5,NCRISC,12030,11019124110463,0,4099,,,NCRISC-FW,ZONE_START,123,/home/ekaterina_kuzmina1/tenstorrent/.venv/lib/python3.10/site-packages/ttnn/tt_metal/hw/firmware/src/tt-1xx/ncrisc.cc,
3,7,5,NCRISC,16513,11019124111152,0,4099,,,NCRISC-KERNEL,ZONE_START,63,/home/ekaterina_kuzmina1/tenstorrent/.venv/lib/python3.10/site-packages/ttnn/tt_metal/hw/firmware/src/tt-1xx/ncrisck.cc,
3,7,5,NCRISC,16513,11019124276704,0,4099,,,NCRISC-KERNEL,ZONE_END,63,/home/ekaterina_kuzmina1/tenstorrent/.venv/lib/python3.10/site-packages/ttnn/tt_metal/hw/firmware/src/tt-1xx/ncrisck.cc,
3,7,5,NCRISC,12030,11019124276820,0,4099,,,NCRISC-FW,ZONE_END,123,/home/ekaterina_kuzmina1/tenstorrent/.venv/lib/python3.10/site-packages/ttnn/tt_metal/hw/firmware/src/tt-1xx/ncrisc.cc,
3,7,5,TRISC_0,8413,11018334782022,0,2051,,,TRISC-FW,ZONE_START,136,/home/ekaterina_kuzmina1/tenstorrent/.venv/lib/python3.10/site-packages/ttnn/tt_metal/hw/firmware/src/tt-1xx/trisc.cc,
3,7,5,TRISC_0,360,11018334782506,0,2051,,,TRISC-KERNEL,ZONE_START,62,/home/ekaterina_kuzmina1/tenstorrent/.venv/lib/python3.10/site-packages/ttnn/tt_metal/hw/firmware/src/tt-1xx/trisck.cc,
3,7,5,TRISC_0,360,11018335285990,0,2051,,,TRISC-KERNEL,ZONE_END,62,/home/ekaterina_kuzmina1/tenstorrent/.venv/lib/python3.10/site-packages/ttnn/tt_metal/hw/firmware/src/tt-1xx/trisck.cc,
3,7,5,TRISC_0,8413,11018335286747,0,2051,,,TRISC-FW,ZONE_END,136,/home/ekaterina_kuzmina1/tenstorrent/.venv/lib/python3.10/site-packages/ttnn/tt_metal/hw/firmware/src/tt-1xx/trisc.cc,
3,7,5,TRISC_0,8413,11019124110560,0,4099,,,TRISC-FW,ZONE_START,136,/home/ekaterina_kuzmina1/tenstorrent/.venv/lib/python3.10/site-packages/ttnn/tt_metal/hw/firmware/src/tt-1xx/trisc.cc,
3,7,5,TRISC_0,360,11019124110900,0,4099,,,TRISC-KERNEL,ZONE_START,62,/home/ekaterina_kuzmina1/tenstorrent/.venv/lib/python3.10/site-packages/ttnn/tt_metal/hw/firmware/src/tt-1xx/trisck.cc,
3,7,5,TRISC_0,360,11019124276742,0,4099,,,TRISC-KERNEL,ZONE_END,62,/home/ekaterina_kuzmina1/tenstorrent/.venv/lib/python3.10/site-packages/ttnn/tt_metal/hw/firmware/src/tt-1xx/trisck.cc,
3,7,5,TRISC_0,8413,11019124276973,0,4099,,,TRISC-FW,ZONE_END,136,/home/ekaterina_kuzmina1/tenstorrent/.venv/lib/python3.10/site-packages/ttnn/tt_metal/hw/firmware/src/tt-1xx/trisc.cc,
3,7,5,TRISC_1,8413,11018334782014,0,2051,,,TRISC-FW,ZONE_START,136,/home/ekaterina_kuzmina1/tenstorrent/.venv/lib/python3.10/site-packages/ttnn/tt_metal/hw/firmware/src/tt-1xx/trisc.cc,
3,7,5,TRISC_1,360,11018334782507,0,2051,,,TRISC-KERNEL,ZONE_START,62,/home/ekaterina_kuzmina1/tenstorrent/.venv/lib/python3.10/site-packages/ttnn/tt_metal/hw/firmware/src/tt-1xx/trisck.cc,
3,7,5,TRISC_1,360,11018335286801,0,2051,,,TRISC-KERNEL,ZONE_END,62,/home/ekaterina_kuzmina1/tenstorrent/.venv/lib/python3.10/site-packages/ttnn/tt_metal/hw/firmware/src/tt-1xx/trisck.cc,
3,7,5,TRISC_1,8413,11018335286859,0,2051,,,TRISC-FW,ZONE_END,136,/home/ekaterina_kuzmina1/tenstorrent/.venv/lib/python3.10/site-packages/ttnn/tt_metal/hw/firmware/src/tt-1xx/trisc.cc,
3,7,5,TRISC_1,8413,11019124110553,0,4099,,,TRISC-FW,ZONE_START,136,/home/ekaterina_kuzmina1/tenstorrent/.venv/lib/python3.10/site-packages/ttnn/tt_metal/hw/firmware/src/tt-1xx/trisc.cc,
3,7,5,TRISC_1,360,11019124110734,0,4099,,,TRISC-KERNEL,ZONE_START,62,/home/ekaterina_kuzmina1/tenstorrent/.venv/lib/python3.10/site-packages/ttnn/tt_metal/hw/firmware/src/tt-1xx/trisck.cc,
3,7,5,TRISC_1,360,11019124275933,0,4099,,,TRISC-KERNEL,ZONE_END,62,/home/ekaterina_kuzmina1/tenstorrent/.venv/lib/python3.10/site-packages/ttnn/tt_metal/hw/firmware/src/tt-1xx/trisck.cc,
3,7,5,TRISC_1,8413,11019124276975,0,4099,,,TRISC-FW,ZONE_END,136,/home/ekaterina_kuzmina1/tenstorrent/.venv/lib/python3.10/site-packages/ttnn/tt_metal/hw/firmware/src/tt-1xx/trisc.cc,
3,7,5,TRISC_2,8413,11018334782027,0,2051,,,TRISC-FW,ZONE_START,136,/home/ekaterina_kuzmina1/tenstorrent/.venv/lib/python3.10/site-packages/ttnn/tt_metal/hw/firmware/src/tt-1xx/trisc.cc,
3,7,5,TRISC_2,360,11018334782508,0,2051,,,TRISC-KERNEL,ZONE_START,62,/home/ekaterina_kuzmina1/tenstorrent/.venv/lib/python3.10/site-packages/ttnn/tt_metal/hw/firmware/src/tt-1xx/trisck.cc,
3,7,5,TRISC_2,360,11018335286911,0,2051,,,TRISC-KERNEL,ZONE_END,62,/home/ekaterina_kuzmina1/tenstorrent/.venv/lib/python3.10/site-packages/ttnn/tt_metal/hw/firmware/src/tt-1xx/trisck.cc,
3,7,5,TRISC_2,8413,11018335287163,0,2051,,,TRISC-FW,ZONE_END,136,/home/ekaterina_kuzmina1/tenstorrent/.venv/lib/python3.10/site-packages/ttnn/tt_metal/hw/firmware/src/tt-1xx/trisc.cc,
3,7,5,TRISC_2,8413,11019124110566,0,4099,,,TRISC-FW,ZONE_START,136,/home/ekaterina_kuzmina1/tenstorrent/.venv/lib/python3.10/site-packages/ttnn/tt_metal/hw/firmware/src/tt-1xx/trisc.cc,
3,7,5,TRISC_2,360,11019124110893,0,4099,,,TRISC-KERNEL,ZONE_START,62,/home/ekaterina_kuzmina1/tenstorrent/.venv/lib/python3.10/site-packages/ttnn/tt_metal/hw/firmware/src/tt-1xx/trisck.cc,
3,7,5,TRISC_2,360,11019124278009,0,4099,,,TRISC-KERNEL,ZONE_END,62,/home/ekaterina_kuzmina1/tenstorrent/.venv/lib/python3.10/site-packages/ttnn/tt_metal/hw/firmware/src/tt-1xx/trisck.cc,
3,7,5,TRISC_2,8413,11019124278043,0,4099,,,TRISC-FW,ZONE_END,136,/home/ekaterina_kuzmina1/tenstorrent/.venv/lib/python3.10/site-packages/ttnn/tt_metal/hw/firmware/src/tt-1xx/trisc.cc,
3,7,7,BRISC,61457,11018334781827,0,2051,,,BRISC-FW,ZONE_START,412,/home/ekaterina_kuzmina1/tenstorrent/.venv/lib/python3.10/site-packages/ttnn/tt_metal/hw/firmware/src/tt-1xx/brisc.cc,
3,7,7,BRISC,63326,11018334782614,0,2051,,,BRISC-KERNEL,ZONE_START,64,/home/ekaterina_kuzmina1/tenstorrent/.venv/lib/python3.10/site-packages/ttnn/tt_metal/hw/firmware/src/tt-1xx/brisck.cc,
3,7,7,BRISC,63326,11018335315720,0,2051,,,BRISC-KERNEL,ZONE_END,64,/home/ekaterina_kuzmina1/tenstorrent/.venv/lib/python3.10/site-packages/ttnn/tt_metal/hw/firmware/src/tt-1xx/brisck.cc,
3,7,7,BRISC,61457,11018335315904,0,2051,,,BRISC-FW,ZONE_END,412,/home/ekaterina_kuzmina1/tenstorrent/.venv/lib/python3.10/site-packages/ttnn/tt_metal/hw/firmware/src/tt-1xx/brisc.cc,
3,7,7,BRISC,61457,11018391680714,0,3075,,,BRISC-FW,ZONE_START,412,/home/ekaterina_kuzmina1/tenstorrent/.venv/lib/python3.10/site-packages/ttnn/tt_metal/hw/firmware/src/tt-1xx/brisc.cc,
3,7,7,BRISC,63326,11018391681433,0,3075,,,BRISC-KERNEL,ZONE_START,64,/home/ekaterina_kuzmina1/tenstorrent/.venv/lib/python3.10/site-packages/ttnn/tt_metal/hw/firmware/src/tt-1xx/brisck.cc,
3,7,7,BRISC,63326,11018392291423,0,3075,,,BRISC-KERNEL,ZONE_END,64,/home/ekaterina_kuzmina1/tenstorrent/.venv/lib/python3.10/site-packages/ttnn/tt_metal/hw/firmware/src/tt-1xx/brisck.cc,
3,7,7,BRISC,61457,11018392291599,0,3075,,,BRISC-FW,ZONE_END,412,/home/ekaterina_kuzmina1/tenstorrent/.venv/lib/python3.10/site-packages/ttnn/tt_metal/hw/firmware/src/tt-1xx/brisc.cc,
3,7,7,BRISC,61457,11019124110310,0,4099,,,BRISC-FW,ZONE_START,412,/home/ekaterina_kuzmina1/tenstorrent/.venv/lib/python3.10/site-packages/ttnn/tt_metal/hw/firmware/src/tt-1xx/brisc.cc,
3,7,7,BRISC,63326,11019124111184,0,4099,,,BRISC-KERNEL,ZONE_START,64,/home/ekaterina_kuzmina1/tenstorrent/.venv/lib/python3.10/site-packages/ttnn/tt_metal/hw/firmware/src/tt-1xx/brisck.cc,
3,7,7,BRISC,63326,11019124277408,0,4099,,,BRISC-KERNEL,ZONE_END,64,/home/ekaterina_kuzmina1/tenstorrent/.venv/lib/python3.10/site-packages/ttnn/tt_metal/hw/firmware/src/tt-1xx/brisck.cc,
3,7,7,BRISC,61457,11019124277587,0,4099,,,BRISC-FW,ZONE_END,412,/home/ekaterina_kuzmina1/tenstorrent/.venv/lib/python3.10/site-packages/ttnn/tt_metal/hw/firmware/src/tt-1xx/brisc.cc,
3,7,7,NCRISC,12030,11018334781977,0,2051,,,NCRISC-FW,ZONE_START,123,/home/ekaterina_kuzmina1/tenstorrent/.venv/lib/python3.10/site-packages/ttnn/tt_metal/hw/firmware/src/tt-1xx/ncrisc.cc,
3,7,7,NCRISC,16513,11018334782589,0,2051,,,NCRISC-KERNEL,ZONE_START,63,/home/ekaterina_kuzmina1/tenstorrent/.venv/lib/python3.10/site-packages/ttnn/tt_metal/hw/firmware/src/tt-1xx/ncrisck.cc,
3,7,7,NCRISC,16513,11018335249945,0,2051,,,NCRISC-KERNEL,ZONE_END,63,/home/ekaterina_kuzmina1/tenstorrent/.venv/lib/python3.10/site-packages/ttnn/tt_metal/hw/firmware/src/tt-1xx/ncrisck.cc,
3,7,7,NCRISC,12030,11018335250062,0,2051,,,NCRISC-FW,ZONE_END,123,/home/ekaterina_kuzmina1/tenstorrent/.venv/lib/python3.10/site-packages/ttnn/tt_metal/hw/firmware/src/tt-1xx/ncrisc.cc,
3,7,7,NCRISC,12030,11018391680861,0,3075,,,NCRISC-FW,ZONE_START,123,/home/ekaterina_kuzmina1/tenstorrent/.venv/lib/python3.10/site-packages/ttnn/tt_metal/hw/firmware/src/tt-1xx/ncrisc.cc,
3,7,7,NCRISC,16513,11018391681406,0,3075,,,NCRISC-KERNEL,ZONE_START,63,/home/ekaterina_kuzmina1/tenstorrent/.venv/lib/python3.10/site-packages/ttnn/tt_metal/hw/firmware/src/tt-1xx/ncrisck.cc,
3,7,7,NCRISC,16513,11018392289018,0,3075,,,NCRISC-KERNEL,ZONE_END,63,/home/ekaterina_kuzmina1/tenstorrent/.venv/lib/python3.10/site-packages/ttnn/tt_metal/hw/firmware/src/tt-1xx/ncrisck.cc,
3,7,7,NCRISC,12030,11018392289134,0,3075,,,NCRISC-FW,ZONE_END,123,/home/ekaterina_kuzmina1/tenstorrent/.venv/lib/python3.10/site-packages/ttnn/tt_metal/hw/firmware/src/tt-1xx/ncrisc.cc,
3,7,7,NCRISC,12030,11019124110457,0,4099,,,NCRISC-FW,ZONE_START,123,/home/ekaterina_kuzmina1/tenstorrent/.venv/lib/python3.10/site-packages/ttnn/tt_metal/hw/firmware/src/tt-1xx/ncrisc.cc,
3,7,7,NCRISC,16513,11019124111166,0,4099,,,NCRISC-KERNEL,ZONE_START,63,/home/ekaterina_kuzmina1/tenstorrent/.venv/lib/python3.10/site-packages/ttnn/tt_metal/hw/firmware/src/tt-1xx/ncrisck.cc,
3,7,7,NCRISC,16513,11019124276194,0,4099,,,NCRISC-KERNEL,ZONE_END,63,/home/ekaterina_kuzmina1/tenstorrent/.venv/lib/python3.10/site-packages/ttnn/tt_metal/hw/firmware/src/tt-1xx/ncrisck.cc,
3,7,7,NCRISC,12030,11019124276325,0,4099,,,NCRISC-FW,ZONE_END,123,/home/ekaterina_kuzmina1/tenstorrent/.venv/lib/python3.10/site-packages/ttnn/tt_metal/hw/firmware/src/tt-1xx/ncrisc.cc,
3,7,7,TRISC_0,8413,11018334782080,0,2051,,,TRISC-FW,ZONE_START,136,/home/ekaterina_kuzmina1/tenstorrent/.venv/lib/python3.10/site-packages/ttnn/tt_metal/hw/firmware/src/tt-1xx/trisc.cc,
3,7,7,TRISC_0,360,11018334782485,0,2051,,,TRISC-KERNEL,ZONE_START,62,/home/ekaterina_kuzmina1/tenstorrent/.venv/lib/python3.10/site-packages/ttnn/tt_metal/hw/firmware/src/tt-1xx/trisck.cc,
3,7,7,TRISC_0,360,11018335286052,0,2051,,,TRISC-KERNEL,ZONE_END,62,/home/ekaterina_kuzmina1/tenstorrent/.venv/lib/python3.10/site-packages/ttnn/tt_metal/hw/firmware/src/tt-1xx/trisck.cc,
3,7,7,TRISC_0,8413,11018335286787,0,2051,,,TRISC-FW,ZONE_END,136,/home/ekaterina_kuzmina1/tenstorrent/.venv/lib/python3.10/site-packages/ttnn/tt_metal/hw/firmware/src/tt-1xx/trisc.cc,
3,7,7,TRISC_0,8413,11019124110563,0,4099,,,TRISC-FW,ZONE_START,136,/home/ekaterina_kuzmina1/tenstorrent/.venv/lib/python3.10/site-packages/ttnn/tt_metal/hw/firmware/src/tt-1xx/trisc.cc,
3,7,7,TRISC_0,360,11019124110913,0,4099,,,TRISC-KERNEL,ZONE_START,62,/home/ekaterina_kuzmina1/tenstorrent/.venv/lib/python3.10/site-packages/ttnn/tt_metal/hw/firmware/src/tt-1xx/trisck.cc,
3,7,7,TRISC_0,360,11019124276232,0,4099,,,TRISC-KERNEL,ZONE_END,62,/home/ekaterina_kuzmina1/tenstorrent/.venv/lib/python3.10/site-packages/ttnn/tt_metal/hw/firmware/src/tt-1xx/trisck.cc,
3,7,7,TRISC_0,8413,11019124276283,0,4099,,,TRISC-FW,ZONE_END,136,/home/ekaterina_kuzmina1/tenstorrent/.venv/lib/python3.10/site-packages/ttnn/tt_metal/hw/firmware/src/tt-1xx/trisc.cc,
3,7,7,TRISC_1,8413,11018334782072,0,2051,,,TRISC-FW,ZONE_START,136,/home/ekaterina_kuzmina1/tenstorrent/.venv/lib/python3.10/site-packages/ttnn/tt_metal/hw/firmware/src/tt-1xx/trisc.cc,
3,7,7,TRISC_1,360,11018334782488,0,2051,,,TRISC-KERNEL,ZONE_START,62,/home/ekaterina_kuzmina1/tenstorrent/.venv/lib/python3.10/site-packages/ttnn/tt_metal/hw/firmware/src/tt-1xx/trisck.cc,
3,7,7,TRISC_1,360,11018335286841,0,2051,,,TRISC-KERNEL,ZONE_END,62,/home/ekaterina_kuzmina1/tenstorrent/.venv/lib/python3.10/site-packages/ttnn/tt_metal/hw/firmware/src/tt-1xx/trisck.cc,
3,7,7,TRISC_1,8413,11018335286899,0,2051,,,TRISC-FW,ZONE_END,136,/home/ekaterina_kuzmina1/tenstorrent/.venv/lib/python3.10/site-packages/ttnn/tt_metal/hw/firmware/src/tt-1xx/trisc.cc,
3,7,7,TRISC_1,8413,11019124110554,0,4099,,,TRISC-FW,ZONE_START,136,/home/ekaterina_kuzmina1/tenstorrent/.venv/lib/python3.10/site-packages/ttnn/tt_metal/hw/firmware/src/tt-1xx/trisc.cc,
3,7,7,TRISC_1,360,11019124110744,0,4099,,,TRISC-KERNEL,ZONE_START,62,/home/ekaterina_kuzmina1/tenstorrent/.venv/lib/python3.10/site-packages/ttnn/tt_metal/hw/firmware/src/tt-1xx/trisck.cc,
3,7,7,TRISC_1,360,11019124275214,0,4099,,,TRISC-KERNEL,ZONE_END,62,/home/ekaterina_kuzmina1/tenstorrent/.venv/lib/python3.10/site-packages/ttnn/tt_metal/hw/firmware/src/tt-1xx/trisck.cc,
3,7,7,TRISC_1,8413,11019124276248,0,4099,,,TRISC-FW,ZONE_END,136,/home/ekaterina_kuzmina1/tenstorrent/.venv/lib/python3.10/site-packages/ttnn/tt_metal/hw/firmware/src/tt-1xx/trisc.cc,
3,7,7,TRISC_2,8413,11018334782078,0,2051,,,TRISC-FW,ZONE_START,136,/home/ekaterina_kuzmina1/tenstorrent/.venv/lib/python3.10/site-packages/ttnn/tt_metal/hw/firmware/src/tt-1xx/trisc.cc,
3,7,7,TRISC_2,360,11018334782487,0,2051,,,TRISC-KERNEL,ZONE_START,62,/home/ekaterina_kuzmina1/tenstorrent/.venv/lib/python3.10/site-packages/ttnn/tt_metal/hw/firmware/src/tt-1xx/trisck.cc,
3,7,7,TRISC_2,360,11018335286959,0,2051,,,TRISC-KERNEL,ZONE_END,62,/home/ekaterina_kuzmina1/tenstorrent/.venv/lib/python3.10/site-packages/ttnn/tt_metal/hw/firmware/src/tt-1xx/trisck.cc,
3,7,7,TRISC_2,8413,11018335287180,0,2051,,,TRISC-FW,ZONE_END,136,/home/ekaterina_kuzmina1/tenstorrent/.venv/lib/python3.10/site-packages/ttnn/tt_metal/hw/firmware/src/tt-1xx/trisc.cc,
3,7,7,TRISC_2,8413,11019124110567,0,4099,,,TRISC-FW,ZONE_START,136,/home/ekaterina_kuzmina1/tenstorrent/.venv/lib/python3.10/site-packages/ttnn/tt_metal/hw/firmware/src/tt-1xx/trisc.cc,
3,7,7,TRISC_2,360,11019124110897,0,4099,,,TRISC-KERNEL,ZONE_START,62,/home/ekaterina_kuzmina1/tenstorrent/.venv/lib/python3.10/site-packages/ttnn/tt_metal/hw/firmware/src/tt-1xx/trisck.cc,
3,7,7,TRISC_2,360,11019124275977,0,4099,,,TRISC-KERNEL,ZONE_END,62,/home/ekaterina_kuzmina1/tenstorrent/.venv/lib/python3.10/site-packages/ttnn/tt_metal/hw/firmware/src/tt-1xx/trisck.cc,
3,7,7,TRISC_2,8413,11019124276356,0,4099,,,TRISC-FW,ZONE_END,136,/home/ekaterina_kuzmina1/tenstorrent/.venv/lib/python3.10/site-packages/ttnn/tt_metal/hw/firmware/src/tt-1xx/trisc.cc,
3,7,8,BRISC,61457,11018334781818,0,2051,,,BRISC-FW,ZONE_START,412,/home/ekaterina_kuzmina1/tenstorrent/.venv/lib/python3.10/site-packages/ttnn/tt_metal/hw/firmware/src/tt-1xx/brisc.cc,
3,7,8,BRISC,63326,11018334782585,0,2051,,,BRISC-KERNEL,ZONE_START,64,/home/ekaterina_kuzmina1/tenstorrent/.venv/lib/python3.10/site-packages/ttnn/tt_metal/hw/firmware/src/tt-1xx/brisck.cc,
3,7,8,BRISC,63326,11018335301285,0,2051,,,BRISC-KERNEL,ZONE_END,64,/home/ekaterina_kuzmina1/tenstorrent/.venv/lib/python3.10/site-packages/ttnn/tt_metal/hw/firmware/src/tt-1xx/brisck.cc,
3,7,8,BRISC,61457,11018335301472,0,2051,,,BRISC-FW,ZONE_END,412,/home/ekaterina_kuzmina1/tenstorrent/.venv/lib/python3.10/site-packages/ttnn/tt_metal/hw/firmware/src/tt-1xx/brisc.cc,
3,7,8,BRISC,61457,11018391680712,0,3075,,,BRISC-FW,ZONE_START,412,/home/ekaterina_kuzmina1/tenstorrent/.venv/lib/python3.10/site-packages/ttnn/tt_metal/hw/firmware/src/tt-1xx/brisc.cc,
3,7,8,BRISC,63326,11018391681425,0,3075,,,BRISC-KERNEL,ZONE_START,64,/home/ekaterina_kuzmina1/tenstorrent/.venv/lib/python3.10/site-packages/ttnn/tt_metal/hw/firmware/src/tt-1xx/brisck.cc,
3,7,8,BRISC,63326,11018392293174,0,3075,,,BRISC-KERNEL,ZONE_END,64,/home/ekaterina_kuzmina1/tenstorrent/.venv/lib/python3.10/site-packages/ttnn/tt_metal/hw/firmware/src/tt-1xx/brisck.cc,
3,7,8,BRISC,61457,11018392293358,0,3075,,,BRISC-FW,ZONE_END,412,/home/ekaterina_kuzmina1/tenstorrent/.venv/lib/python3.10/site-packages/ttnn/tt_metal/hw/firmware/src/tt-1xx/brisc.cc,
3,7,8,BRISC,61457,11019124110328,0,4099,,,BRISC-FW,ZONE_START,412,/home/ekaterina_kuzmina1/tenstorrent/.venv/lib/python3.10/site-packages/ttnn/tt_metal/hw/firmware/src/tt-1xx/brisc.cc,
3,7,8,BRISC,63326,11019124111193,0,4099,,,BRISC-KERNEL,ZONE_START,64,/home/ekaterina_kuzmina1/tenstorrent/.venv/lib/python3.10/site-packages/ttnn/tt_metal/hw/firmware/src/tt-1xx/brisck.cc,
3,7,8,BRISC,63326,11019124276885,0,4099,,,BRISC-KERNEL,ZONE_END,64,/home/ekaterina_kuzmina1/tenstorrent/.venv/lib/python3.10/site-packages/ttnn/tt_metal/hw/firmware/src/tt-1xx/brisck.cc,
3,7,8,BRISC,61457,11019124277067,0,4099,,,BRISC-FW,ZONE_END,412,/home/ekaterina_kuzmina1/tenstorrent/.venv/lib/python3.10/site-packages/ttnn/tt_metal/hw/firmware/src/tt-1xx/brisc.cc,
3,7,8,NCRISC,12030,11018334781971,0,2051,,,NCRISC-FW,ZONE_START,123,/home/ekaterina_kuzmina1/tenstorrent/.venv/lib/python3.10/site-packages/ttnn/tt_metal/hw/firmware/src/tt-1xx/ncrisc.cc,
3,7,8,NCRISC,16513,11018334782570,0,2051,,,NCRISC-KERNEL,ZONE_START,63,/home/ekaterina_kuzmina1/tenstorrent/.venv/lib/python3.10/site-packages/ttnn/tt_metal/hw/firmware/src/tt-1xx/ncrisck.cc,
3,7,8,NCRISC,16513,11018335250943,0,2051,,,NCRISC-KERNEL,ZONE_END,63,/home/ekaterina_kuzmina1/tenstorrent/.venv/lib/python3.10/site-packages/ttnn/tt_metal/hw/firmware/src/tt-1xx/ncrisck.cc,
3,7,8,NCRISC,12030,11018335251060,0,2051,,,NCRISC-FW,ZONE_END,123,/home/ekaterina_kuzmina1/tenstorrent/.venv/lib/python3.10/site-packages/ttnn/tt_metal/hw/firmware/src/tt-1xx/ncrisc.cc,
3,7,8,NCRISC,12030,11018391680861,0,3075,,,NCRISC-FW,ZONE_START,123,/home/ekaterina_kuzmina1/tenstorrent/.venv/lib/python3.10/site-packages/ttnn/tt_metal/hw/firmware/src/tt-1xx/ncrisc.cc,
3,7,8,NCRISC,16513,11018391681396,0,3075,,,NCRISC-KERNEL,ZONE_START,63,/home/ekaterina_kuzmina1/tenstorrent/.venv/lib/python3.10/site-packages/ttnn/tt_metal/hw/firmware/src/tt-1xx/ncrisck.cc,
3,7,8,NCRISC,16513,11018392290779,0,3075,,,NCRISC-KERNEL,ZONE_END,63,/home/ekaterina_kuzmina1/tenstorrent/.venv/lib/python3.10/site-packages/ttnn/tt_metal/hw/firmware/src/tt-1xx/ncrisck.cc,
3,7,8,NCRISC,12030,11018392290893,0,3075,,,NCRISC-FW,ZONE_END,123,/home/ekaterina_kuzmina1/tenstorrent/.venv/lib/python3.10/site-packages/ttnn/tt_metal/hw/firmware/src/tt-1xx/ncrisc.cc,
3,7,8,NCRISC,12030,11019124110470,0,4099,,,NCRISC-FW,ZONE_START,123,/home/ekaterina_kuzmina1/tenstorrent/.venv/lib/python3.10/site-packages/ttnn/tt_metal/hw/firmware/src/tt-1xx/ncrisc.cc,
3,7,8,NCRISC,16513,11019124111176,0,4099,,,NCRISC-KERNEL,ZONE_START,63,/home/ekaterina_kuzmina1/tenstorrent/.venv/lib/python3.10/site-packages/ttnn/tt_metal/hw/firmware/src/tt-1xx/ncrisck.cc,
3,7,8,NCRISC,16513,11019124274857,0,4099,,,NCRISC-KERNEL,ZONE_END,63,/home/ekaterina_kuzmina1/tenstorrent/.venv/lib/python3.10/site-packages/ttnn/tt_metal/hw/firmware/src/tt-1xx/ncrisck.cc,
3,7,8,NCRISC,12030,11019124274978,0,4099,,,NCRISC-FW,ZONE_END,123,/home/ekaterina_kuzmina1/tenstorrent/.venv/lib/python3.10/site-packages/ttnn/tt_metal/hw/firmware/src/tt-1xx/ncrisc.cc,
3,7,8,TRISC_0,8413,11018334782059,0,2051,,,TRISC-FW,ZONE_START,136,/home/ekaterina_kuzmina1/tenstorrent/.venv/lib/python3.10/site-packages/ttnn/tt_metal/hw/firmware/src/tt-1xx/trisc.cc,
3,7,8,TRISC_0,360,11018334782478,0,2051,,,TRISC-KERNEL,ZONE_START,62,/home/ekaterina_kuzmina1/tenstorrent/.venv/lib/python3.10/site-packages/ttnn/tt_metal/hw/firmware/src/tt-1xx/trisck.cc,
3,7,8,TRISC_0,360,11018335286095,0,2051,,,TRISC-KERNEL,ZONE_END,62,/home/ekaterina_kuzmina1/tenstorrent/.venv/lib/python3.10/site-packages/ttnn/tt_metal/hw/firmware/src/tt-1xx/trisck.cc,
3,7,8,TRISC_0,8413,11018335286826,0,2051,,,TRISC-FW,ZONE_END,136,/home/ekaterina_kuzmina1/tenstorrent/.venv/lib/python3.10/site-packages/ttnn/tt_metal/hw/firmware/src/tt-1xx/trisc.cc,
3,7,8,TRISC_0,8413,11019124110580,0,4099,,,TRISC-FW,ZONE_START,136,/home/ekaterina_kuzmina1/tenstorrent/.venv/lib/python3.10/site-packages/ttnn/tt_metal/hw/firmware/src/tt-1xx/trisc.cc,
3,7,8,TRISC_0,360,11019124110921,0,4099,,,TRISC-KERNEL,ZONE_START,62,/home/ekaterina_kuzmina1/tenstorrent/.venv/lib/python3.10/site-packages/ttnn/tt_metal/hw/firmware/src/tt-1xx/trisck.cc,
3,7,8,TRISC_0,360,11019124274888,0,4099,,,TRISC-KERNEL,ZONE_END,62,/home/ekaterina_kuzmina1/tenstorrent/.venv/lib/python3.10/site-packages/ttnn/tt_metal/hw/firmware/src/tt-1xx/trisck.cc,
3,7,8,TRISC_0,8413,11019124274932,0,4099,,,TRISC-FW,ZONE_END,136,/home/ekaterina_kuzmina1/tenstorrent/.venv/lib/python3.10/site-packages/ttnn/tt_metal/hw/firmware/src/tt-1xx/trisc.cc,
3,7,8,TRISC_1,8413,11018334782068,0,2051,,,TRISC-FW,ZONE_START,136,/home/ekaterina_kuzmina1/tenstorrent/.venv/lib/python3.10/site-packages/ttnn/tt_metal/hw/firmware/src/tt-1xx/trisc.cc,
3,7,8,TRISC_1,360,11018334782480,0,2051,,,TRISC-KERNEL,ZONE_START,62,/home/ekaterina_kuzmina1/tenstorrent/.venv/lib/python3.10/site-packages/ttnn/tt_metal/hw/firmware/src/tt-1xx/trisck.cc,
3,7,8,TRISC_1,360,11018335286880,0,2051,,,TRISC-KERNEL,ZONE_END,62,/home/ekaterina_kuzmina1/tenstorrent/.venv/lib/python3.10/site-packages/ttnn/tt_metal/hw/firmware/src/tt-1xx/trisck.cc,
3,7,8,TRISC_1,8413,11018335286942,0,2051,,,TRISC-FW,ZONE_END,136,/home/ekaterina_kuzmina1/tenstorrent/.venv/lib/python3.10/site-packages/ttnn/tt_metal/hw/firmware/src/tt-1xx/trisc.cc,
3,7,8,TRISC_1,8413,11019124110578,0,4099,,,TRISC-FW,ZONE_START,136,/home/ekaterina_kuzmina1/tenstorrent/.venv/lib/python3.10/site-packages/ttnn/tt_metal/hw/firmware/src/tt-1xx/trisc.cc,
3,7,8,TRISC_1,360,11019124110764,0,4099,,,TRISC-KERNEL,ZONE_START,62,/home/ekaterina_kuzmina1/tenstorrent/.venv/lib/python3.10/site-packages/ttnn/tt_metal/hw/firmware/src/tt-1xx/trisck.cc,
3,7,8,TRISC_1,360,11019124273543,0,4099,,,TRISC-KERNEL,ZONE_END,62,/home/ekaterina_kuzmina1/tenstorrent/.venv/lib/python3.10/site-packages/ttnn/tt_metal/hw/firmware/src/tt-1xx/trisck.cc,
3,7,8,TRISC_1,8413,11019124274911,0,4099,,,TRISC-FW,ZONE_END,136,/home/ekaterina_kuzmina1/tenstorrent/.venv/lib/python3.10/site-packages/ttnn/tt_metal/hw/firmware/src/tt-1xx/trisc.cc,
3,7,8,TRISC_2,8413,11018334782079,0,2051,,,TRISC-FW,ZONE_START,136,/home/ekaterina_kuzmina1/tenstorrent/.venv/lib/python3.10/site-packages/ttnn/tt_metal/hw/firmware/src/tt-1xx/trisc.cc,
3,7,8,TRISC_2,360,11018334782479,0,2051,,,TRISC-KERNEL,ZONE_START,62,/home/ekaterina_kuzmina1/tenstorrent/.venv/lib/python3.10/site-packages/ttnn/tt_metal/hw/firmware/src/tt-1xx/trisck.cc,
3,7,8,TRISC_2,360,11018335286993,0,2051,,,TRISC-KERNEL,ZONE_END,62,/home/ekaterina_kuzmina1/tenstorrent/.venv/lib/python3.10/site-packages/ttnn/tt_metal/hw/firmware/src/tt-1xx/trisck.cc,
3,7,8,TRISC_2,8413,11018335287225,0,2051,,,TRISC-FW,ZONE_END,136,/home/ekaterina_kuzmina1/tenstorrent/.venv/lib/python3.10/site-packages/ttnn/tt_metal/hw/firmware/src/tt-1xx/trisc.cc,
3,7,8,TRISC_2,8413,11019124110584,0,4099,,,TRISC-FW,ZONE_START,136,/home/ekaterina_kuzmina1/tenstorrent/.venv/lib/python3.10/site-packages/ttnn/tt_metal/hw/firmware/src/tt-1xx/trisc.cc,
3,7,8,TRISC_2,360,11019124110915,0,4099,,,TRISC-KERNEL,ZONE_START,62,/home/ekaterina_kuzmina1/tenstorrent/.venv/lib/python3.10/site-packages/ttnn/tt_metal/hw/firmware/src/tt-1xx/trisck.cc,
3,7,8,TRISC_2,360,11019124275628,0,4099,,,TRISC-KERNEL,ZONE_END,62,/home/ekaterina_kuzmina1/tenstorrent/.venv/lib/python3.10/site-packages/ttnn/tt_metal/hw/firmware/src/tt-1xx/trisck.cc,
3,7,8,TRISC_2,8413,11019124275662,0,4099,,,TRISC-FW,ZONE_END,136,/home/ekaterina_kuzmina1/tenstorrent/.venv/lib/python3.10/site-packages/ttnn/tt_metal/hw/firmware/src/tt-1xx/trisc.cc,
3,8,1,BRISC,61457,11018334782231,0,2051,,,BRISC-FW,ZONE_START,412,/home/ekaterina_kuzmina1/tenstorrent/.venv/lib/python3.10/site-packages/ttnn/tt_metal/hw/firmware/src/tt-1xx/brisc.cc,
3,8,1,BRISC,63326,11018334783010,0,2051,,,BRISC-KERNEL,ZONE_START,64,/home/ekaterina_kuzmina1/tenstorrent/.venv/lib/python3.10/site-packages/ttnn/tt_metal/hw/firmware/src/tt-1xx/brisck.cc,
3,8,1,BRISC,63326,11018335373771,0,2051,,,BRISC-KERNEL,ZONE_END,64,/home/ekaterina_kuzmina1/tenstorrent/.venv/lib/python3.10/site-packages/ttnn/tt_metal/hw/firmware/src/tt-1xx/brisck.cc,
3,8,1,BRISC,61457,11018335373956,0,2051,,,BRISC-FW,ZONE_END,412,/home/ekaterina_kuzmina1/tenstorrent/.venv/lib/python3.10/site-packages/ttnn/tt_metal/hw/firmware/src/tt-1xx/brisc.cc,
3,8,1,BRISC,61457,11018391680665,0,3075,,,BRISC-FW,ZONE_START,412,/home/ekaterina_kuzmina1/tenstorrent/.venv/lib/python3.10/site-packages/ttnn/tt_metal/hw/firmware/src/tt-1xx/brisc.cc,
3,8,1,BRISC,63326,11018391681384,0,3075,,,BRISC-KERNEL,ZONE_START,64,/home/ekaterina_kuzmina1/tenstorrent/.venv/lib/python3.10/site-packages/ttnn/tt_metal/hw/firmware/src/tt-1xx/brisck.cc,
3,8,1,BRISC,63326,11018392285252,0,3075,,,BRISC-KERNEL,ZONE_END,64,/home/ekaterina_kuzmina1/tenstorrent/.venv/lib/python3.10/site-packages/ttnn/tt_metal/hw/firmware/src/tt-1xx/brisck.cc,
3,8,1,BRISC,61457,11018392285429,0,3075,,,BRISC-FW,ZONE_END,412,/home/ekaterina_kuzmina1/tenstorrent/.venv/lib/python3.10/site-packages/ttnn/tt_metal/hw/firmware/src/tt-1xx/brisc.cc,
3,8,1,BRISC,61457,11019124110271,0,4099,,,BRISC-FW,ZONE_START,412,/home/ekaterina_kuzmina1/tenstorrent/.venv/lib/python3.10/site-packages/ttnn/tt_metal/hw/firmware/src/tt-1xx/brisc.cc,
3,8,1,BRISC,63326,11019124111125,0,4099,,,BRISC-KERNEL,ZONE_START,64,/home/ekaterina_kuzmina1/tenstorrent/.venv/lib/python3.10/site-packages/ttnn/tt_metal/hw/firmware/src/tt-1xx/brisck.cc,
3,8,1,BRISC,63326,11019124270868,0,4099,,,BRISC-KERNEL,ZONE_END,64,/home/ekaterina_kuzmina1/tenstorrent/.venv/lib/python3.10/site-packages/ttnn/tt_metal/hw/firmware/src/tt-1xx/brisck.cc,
3,8,1,BRISC,61457,11019124271049,0,4099,,,BRISC-FW,ZONE_END,412,/home/ekaterina_kuzmina1/tenstorrent/.venv/lib/python3.10/site-packages/ttnn/tt_metal/hw/firmware/src/tt-1xx/brisc.cc,
3,8,1,NCRISC,12030,11018334782388,0,2051,,,NCRISC-FW,ZONE_START,123,/home/ekaterina_kuzmina1/tenstorrent/.venv/lib/python3.10/site-packages/ttnn/tt_metal/hw/firmware/src/tt-1xx/ncrisc.cc,
3,8,1,NCRISC,16513,11018334782987,0,2051,,,NCRISC-KERNEL,ZONE_START,63,/home/ekaterina_kuzmina1/tenstorrent/.venv/lib/python3.10/site-packages/ttnn/tt_metal/hw/firmware/src/tt-1xx/ncrisck.cc,
3,8,1,NCRISC,16513,11018335274060,0,2051,,,NCRISC-KERNEL,ZONE_END,63,/home/ekaterina_kuzmina1/tenstorrent/.venv/lib/python3.10/site-packages/ttnn/tt_metal/hw/firmware/src/tt-1xx/ncrisck.cc,
3,8,1,NCRISC,12030,11018335274178,0,2051,,,NCRISC-FW,ZONE_END,123,/home/ekaterina_kuzmina1/tenstorrent/.venv/lib/python3.10/site-packages/ttnn/tt_metal/hw/firmware/src/tt-1xx/ncrisc.cc,
3,8,1,NCRISC,12030,11018391680812,0,3075,,,NCRISC-FW,ZONE_START,123,/home/ekaterina_kuzmina1/tenstorrent/.venv/lib/python3.10/site-packages/ttnn/tt_metal/hw/firmware/src/tt-1xx/ncrisc.cc,
3,8,1,NCRISC,16513,11018391681357,0,3075,,,NCRISC-KERNEL,ZONE_START,63,/home/ekaterina_kuzmina1/tenstorrent/.venv/lib/python3.10/site-packages/ttnn/tt_metal/hw/firmware/src/tt-1xx/ncrisck.cc,
3,8,1,NCRISC,16513,11018392282854,0,3075,,,NCRISC-KERNEL,ZONE_END,63,/home/ekaterina_kuzmina1/tenstorrent/.venv/lib/python3.10/site-packages/ttnn/tt_metal/hw/firmware/src/tt-1xx/ncrisck.cc,
3,8,1,NCRISC,12030,11018392282972,0,3075,,,NCRISC-FW,ZONE_END,123,/home/ekaterina_kuzmina1/tenstorrent/.venv/lib/python3.10/site-packages/ttnn/tt_metal/hw/firmware/src/tt-1xx/ncrisc.cc,
3,8,1,NCRISC,12030,11019124110421,0,4099,,,NCRISC-FW,ZONE_START,123,/home/ekaterina_kuzmina1/tenstorrent/.venv/lib/python3.10/site-packages/ttnn/tt_metal/hw/firmware/src/tt-1xx/ncrisc.cc,
3,8,1,NCRISC,16513,11019124111108,0,4099,,,NCRISC-KERNEL,ZONE_START,63,/home/ekaterina_kuzmina1/tenstorrent/.venv/lib/python3.10/site-packages/ttnn/tt_metal/hw/firmware/src/tt-1xx/ncrisck.cc,
3,8,1,NCRISC,16513,11019124269710,0,4099,,,NCRISC-KERNEL,ZONE_END,63,/home/ekaterina_kuzmina1/tenstorrent/.venv/lib/python3.10/site-packages/ttnn/tt_metal/hw/firmware/src/tt-1xx/ncrisck.cc,
3,8,1,NCRISC,12030,11019124269833,0,4099,,,NCRISC-FW,ZONE_END,123,/home/ekaterina_kuzmina1/tenstorrent/.venv/lib/python3.10/site-packages/ttnn/tt_metal/hw/firmware/src/tt-1xx/ncrisc.cc,
3,8,1,TRISC_0,8413,11018334782498,0,2051,,,TRISC-FW,ZONE_START,136,/home/ekaterina_kuzmina1/tenstorrent/.venv/lib/python3.10/site-packages/ttnn/tt_metal/hw/firmware/src/tt-1xx/trisc.cc,
3,8,1,TRISC_0,360,11018334782889,0,2051,,,TRISC-KERNEL,ZONE_START,62,/home/ekaterina_kuzmina1/tenstorrent/.venv/lib/python3.10/site-packages/ttnn/tt_metal/hw/firmware/src/tt-1xx/trisck.cc,
3,8,1,TRISC_0,360,11018335285938,0,2051,,,TRISC-KERNEL,ZONE_END,62,/home/ekaterina_kuzmina1/tenstorrent/.venv/lib/python3.10/site-packages/ttnn/tt_metal/hw/firmware/src/tt-1xx/trisck.cc,
3,8,1,TRISC_0,8413,11018335286673,0,2051,,,TRISC-FW,ZONE_END,136,/home/ekaterina_kuzmina1/tenstorrent/.venv/lib/python3.10/site-packages/ttnn/tt_metal/hw/firmware/src/tt-1xx/trisc.cc,
3,8,1,TRISC_0,8413,11019124110518,0,4099,,,TRISC-FW,ZONE_START,136,/home/ekaterina_kuzmina1/tenstorrent/.venv/lib/python3.10/site-packages/ttnn/tt_metal/hw/firmware/src/tt-1xx/trisc.cc,
3,8,1,TRISC_0,360,11019124110850,0,4099,,,TRISC-KERNEL,ZONE_START,62,/home/ekaterina_kuzmina1/tenstorrent/.venv/lib/python3.10/site-packages/ttnn/tt_metal/hw/firmware/src/tt-1xx/trisck.cc,
3,8,1,TRISC_0,360,11019124269741,0,4099,,,TRISC-KERNEL,ZONE_END,62,/home/ekaterina_kuzmina1/tenstorrent/.venv/lib/python3.10/site-packages/ttnn/tt_metal/hw/firmware/src/tt-1xx/trisck.cc,
3,8,1,TRISC_0,8413,11019124269784,0,4099,,,TRISC-FW,ZONE_END,136,/home/ekaterina_kuzmina1/tenstorrent/.venv/lib/python3.10/site-packages/ttnn/tt_metal/hw/firmware/src/tt-1xx/trisc.cc,
3,8,1,TRISC_1,8413,11018334782480,0,2051,,,TRISC-FW,ZONE_START,136,/home/ekaterina_kuzmina1/tenstorrent/.venv/lib/python3.10/site-packages/ttnn/tt_metal/hw/firmware/src/tt-1xx/trisc.cc,
3,8,1,TRISC_1,360,11018334782690,0,2051,,,TRISC-KERNEL,ZONE_START,62,/home/ekaterina_kuzmina1/tenstorrent/.venv/lib/python3.10/site-packages/ttnn/tt_metal/hw/firmware/src/tt-1xx/trisck.cc,
3,8,1,TRISC_1,360,11018335286727,0,2051,,,TRISC-KERNEL,ZONE_END,62,/home/ekaterina_kuzmina1/tenstorrent/.venv/lib/python3.10/site-packages/ttnn/tt_metal/hw/firmware/src/tt-1xx/trisck.cc,
3,8,1,TRISC_1,8413,11018335286785,0,2051,,,TRISC-FW,ZONE_END,136,/home/ekaterina_kuzmina1/tenstorrent/.venv/lib/python3.10/site-packages/ttnn/tt_metal/hw/firmware/src/tt-1xx/trisc.cc,
3,8,1,TRISC_1,8413,11019124110512,0,4099,,,TRISC-FW,ZONE_START,136,/home/ekaterina_kuzmina1/tenstorrent/.venv/lib/python3.10/site-packages/ttnn/tt_metal/hw/firmware/src/tt-1xx/trisc.cc,
3,8,1,TRISC_1,360,11019124110759,0,4099,,,TRISC-KERNEL,ZONE_START,62,/home/ekaterina_kuzmina1/tenstorrent/.venv/lib/python3.10/site-packages/ttnn/tt_metal/hw/firmware/src/tt-1xx/trisck.cc,
3,8,1,TRISC_1,360,11019124266729,0,4099,,,TRISC-KERNEL,ZONE_END,62,/home/ekaterina_kuzmina1/tenstorrent/.venv/lib/python3.10/site-packages/ttnn/tt_metal/hw/firmware/src/tt-1xx/trisck.cc,
3,8,1,TRISC_1,8413,11019124269773,0,4099,,,TRISC-FW,ZONE_END,136,/home/ekaterina_kuzmina1/tenstorrent/.venv/lib/python3.10/site-packages/ttnn/tt_metal/hw/firmware/src/tt-1xx/trisc.cc,
3,8,1,TRISC_2,8413,11018334782490,0,2051,,,TRISC-FW,ZONE_START,136,/home/ekaterina_kuzmina1/tenstorrent/.venv/lib/python3.10/site-packages/ttnn/tt_metal/hw/firmware/src/tt-1xx/trisc.cc,
3,8,1,TRISC_2,360,11018334782888,0,2051,,,TRISC-KERNEL,ZONE_START,62,/home/ekaterina_kuzmina1/tenstorrent/.venv/lib/python3.10/site-packages/ttnn/tt_metal/hw/firmware/src/tt-1xx/trisck.cc,
3,8,1,TRISC_2,360,11018335286845,0,2051,,,TRISC-KERNEL,ZONE_END,62,/home/ekaterina_kuzmina1/tenstorrent/.venv/lib/python3.10/site-packages/ttnn/tt_metal/hw/firmware/src/tt-1xx/trisck.cc,
3,8,1,TRISC_2,8413,11018335287065,0,2051,,,TRISC-FW,ZONE_END,136,/home/ekaterina_kuzmina1/tenstorrent/.venv/lib/python3.10/site-packages/ttnn/tt_metal/hw/firmware/src/tt-1xx/trisc.cc,
3,8,1,TRISC_2,8413,11019124110523,0,4099,,,TRISC-FW,ZONE_START,136,/home/ekaterina_kuzmina1/tenstorrent/.venv/lib/python3.10/site-packages/ttnn/tt_metal/hw/firmware/src/tt-1xx/trisc.cc,
3,8,1,TRISC_2,360,11019124110849,0,4099,,,TRISC-KERNEL,ZONE_START,62,/home/ekaterina_kuzmina1/tenstorrent/.venv/lib/python3.10/site-packages/ttnn/tt_metal/hw/firmware/src/tt-1xx/trisck.cc,
3,8,1,TRISC_2,360,11019124267723,0,4099,,,TRISC-KERNEL,ZONE_END,62,/home/ekaterina_kuzmina1/tenstorrent/.venv/lib/python3.10/site-packages/ttnn/tt_metal/hw/firmware/src/tt-1xx/trisck.cc,
3,8,1,TRISC_2,8413,11019124269892,0,4099,,,TRISC-FW,ZONE_END,136,/home/ekaterina_kuzmina1/tenstorrent/.venv/lib/python3.10/site-packages/ttnn/tt_metal/hw/firmware/src/tt-1xx/trisc.cc,
3,8,2,BRISC,61457,11018334781784,0,2051,,,BRISC-FW,ZONE_START,412,/home/ekaterina_kuzmina1/tenstorrent/.venv/lib/python3.10/site-packages/ttnn/tt_metal/hw/firmware/src/tt-1xx/brisc.cc,
3,8,2,BRISC,63326,11018334782566,0,2051,,,BRISC-KERNEL,ZONE_START,64,/home/ekaterina_kuzmina1/tenstorrent/.venv/lib/python3.10/site-packages/ttnn/tt_metal/hw/firmware/src/tt-1xx/brisck.cc,
3,8,2,BRISC,63326,11018335369484,0,2051,,,BRISC-KERNEL,ZONE_END,64,/home/ekaterina_kuzmina1/tenstorrent/.venv/lib/python3.10/site-packages/ttnn/tt_metal/hw/firmware/src/tt-1xx/brisck.cc,
3,8,2,BRISC,61457,11018335369670,0,2051,,,BRISC-FW,ZONE_END,412,/home/ekaterina_kuzmina1/tenstorrent/.venv/lib/python3.10/site-packages/ttnn/tt_metal/hw/firmware/src/tt-1xx/brisc.cc,
3,8,2,BRISC,61457,11018391680719,0,3075,,,BRISC-FW,ZONE_START,412,/home/ekaterina_kuzmina1/tenstorrent/.venv/lib/python3.10/site-packages/ttnn/tt_metal/hw/firmware/src/tt-1xx/brisc.cc,
3,8,2,BRISC,63326,11018391681434,0,3075,,,BRISC-KERNEL,ZONE_START,64,/home/ekaterina_kuzmina1/tenstorrent/.venv/lib/python3.10/site-packages/ttnn/tt_metal/hw/firmware/src/tt-1xx/brisck.cc,
3,8,2,BRISC,63326,11018392294154,0,3075,,,BRISC-KERNEL,ZONE_END,64,/home/ekaterina_kuzmina1/tenstorrent/.venv/lib/python3.10/site-packages/ttnn/tt_metal/hw/firmware/src/tt-1xx/brisck.cc,
3,8,2,BRISC,61457,11018392294336,0,3075,,,BRISC-FW,ZONE_END,412,/home/ekaterina_kuzmina1/tenstorrent/.venv/lib/python3.10/site-packages/ttnn/tt_metal/hw/firmware/src/tt-1xx/brisc.cc,
3,8,2,BRISC,61457,11019124110277,0,4099,,,BRISC-FW,ZONE_START,412,/home/ekaterina_kuzmina1/tenstorrent/.venv/lib/python3.10/site-packages/ttnn/tt_metal/hw/firmware/src/tt-1xx/brisc.cc,
3,8,2,BRISC,63326,11019124111144,0,4099,,,BRISC-KERNEL,ZONE_START,64,/home/ekaterina_kuzmina1/tenstorrent/.venv/lib/python3.10/site-packages/ttnn/tt_metal/hw/firmware/src/tt-1xx/brisck.cc,
3,8,2,BRISC,63326,11019124274128,0,4099,,,BRISC-KERNEL,ZONE_END,64,/home/ekaterina_kuzmina1/tenstorrent/.venv/lib/python3.10/site-packages/ttnn/tt_metal/hw/firmware/src/tt-1xx/brisck.cc,
3,8,2,BRISC,61457,11019124274307,0,4099,,,BRISC-FW,ZONE_END,412,/home/ekaterina_kuzmina1/tenstorrent/.venv/lib/python3.10/site-packages/ttnn/tt_metal/hw/firmware/src/tt-1xx/brisc.cc,
3,8,2,NCRISC,12030,11018334781940,0,2051,,,NCRISC-FW,ZONE_START,123,/home/ekaterina_kuzmina1/tenstorrent/.venv/lib/python3.10/site-packages/ttnn/tt_metal/hw/firmware/src/tt-1xx/ncrisc.cc,
3,8,2,NCRISC,16513,11018334782539,0,2051,,,NCRISC-KERNEL,ZONE_START,63,/home/ekaterina_kuzmina1/tenstorrent/.venv/lib/python3.10/site-packages/ttnn/tt_metal/hw/firmware/src/tt-1xx/ncrisck.cc,
3,8,2,NCRISC,16513,11018335289720,0,2051,,,NCRISC-KERNEL,ZONE_END,63,/home/ekaterina_kuzmina1/tenstorrent/.venv/lib/python3.10/site-packages/ttnn/tt_metal/hw/firmware/src/tt-1xx/ncrisck.cc,
3,8,2,NCRISC,12030,11018335289836,0,2051,,,NCRISC-FW,ZONE_END,123,/home/ekaterina_kuzmina1/tenstorrent/.venv/lib/python3.10/site-packages/ttnn/tt_metal/hw/firmware/src/tt-1xx/ncrisc.cc,
3,8,2,NCRISC,12030,11018391680866,0,3075,,,NCRISC-FW,ZONE_START,123,/home/ekaterina_kuzmina1/tenstorrent/.venv/lib/python3.10/site-packages/ttnn/tt_metal/hw/firmware/src/tt-1xx/ncrisc.cc,
3,8,2,NCRISC,16513,11018391681407,0,3075,,,NCRISC-KERNEL,ZONE_START,63,/home/ekaterina_kuzmina1/tenstorrent/.venv/lib/python3.10/site-packages/ttnn/tt_metal/hw/firmware/src/tt-1xx/ncrisck.cc,
3,8,2,NCRISC,16513,11018392291748,0,3075,,,NCRISC-KERNEL,ZONE_END,63,/home/ekaterina_kuzmina1/tenstorrent/.venv/lib/python3.10/site-packages/ttnn/tt_metal/hw/firmware/src/tt-1xx/ncrisck.cc,
3,8,2,NCRISC,12030,11018392291866,0,3075,,,NCRISC-FW,ZONE_END,123,/home/ekaterina_kuzmina1/tenstorrent/.venv/lib/python3.10/site-packages/ttnn/tt_metal/hw/firmware/src/tt-1xx/ncrisc.cc,
3,8,2,NCRISC,12030,11019124110426,0,4099,,,NCRISC-FW,ZONE_START,123,/home/ekaterina_kuzmina1/tenstorrent/.venv/lib/python3.10/site-packages/ttnn/tt_metal/hw/firmware/src/tt-1xx/ncrisc.cc,
3,8,2,NCRISC,16513,11019124111127,0,4099,,,NCRISC-KERNEL,ZONE_START,63,/home/ekaterina_kuzmina1/tenstorrent/.venv/lib/python3.10/site-packages/ttnn/tt_metal/hw/firmware/src/tt-1xx/ncrisck.cc,
3,8,2,NCRISC,16513,11019124272265,0,4099,,,NCRISC-KERNEL,ZONE_END,63,/home/ekaterina_kuzmina1/tenstorrent/.venv/lib/python3.10/site-packages/ttnn/tt_metal/hw/firmware/src/tt-1xx/ncrisck.cc,
3,8,2,NCRISC,12030,11019124272395,0,4099,,,NCRISC-FW,ZONE_END,123,/home/ekaterina_kuzmina1/tenstorrent/.venv/lib/python3.10/site-packages/ttnn/tt_metal/hw/firmware/src/tt-1xx/ncrisc.cc,
3,8,2,TRISC_0,8413,11018334782038,0,2051,,,TRISC-FW,ZONE_START,136,/home/ekaterina_kuzmina1/tenstorrent/.venv/lib/python3.10/site-packages/ttnn/tt_metal/hw/firmware/src/tt-1xx/trisc.cc,
3,8,2,TRISC_0,360,11018334782532,0,2051,,,TRISC-KERNEL,ZONE_START,62,/home/ekaterina_kuzmina1/tenstorrent/.venv/lib/python3.10/site-packages/ttnn/tt_metal/hw/firmware/src/tt-1xx/trisck.cc,
3,8,2,TRISC_0,360,11018335294458,0,2051,,,TRISC-KERNEL,ZONE_END,62,/home/ekaterina_kuzmina1/tenstorrent/.venv/lib/python3.10/site-packages/ttnn/tt_metal/hw/firmware/src/tt-1xx/trisck.cc,
3,8,2,TRISC_0,8413,11018335295205,0,2051,,,TRISC-FW,ZONE_END,136,/home/ekaterina_kuzmina1/tenstorrent/.venv/lib/python3.10/site-packages/ttnn/tt_metal/hw/firmware/src/tt-1xx/trisc.cc,
3,8,2,TRISC_0,8413,11019124110532,0,4099,,,TRISC-FW,ZONE_START,136,/home/ekaterina_kuzmina1/tenstorrent/.venv/lib/python3.10/site-packages/ttnn/tt_metal/hw/firmware/src/tt-1xx/trisc.cc,
3,8,2,TRISC_0,360,11019124110871,0,4099,,,TRISC-KERNEL,ZONE_START,62,/home/ekaterina_kuzmina1/tenstorrent/.venv/lib/python3.10/site-packages/ttnn/tt_metal/hw/firmware/src/tt-1xx/trisck.cc,
3,8,2,TRISC_0,360,11019124272294,0,4099,,,TRISC-KERNEL,ZONE_END,62,/home/ekaterina_kuzmina1/tenstorrent/.venv/lib/python3.10/site-packages/ttnn/tt_metal/hw/firmware/src/tt-1xx/trisck.cc,
3,8,2,TRISC_0,8413,11019124272334,0,4099,,,TRISC-FW,ZONE_END,136,/home/ekaterina_kuzmina1/tenstorrent/.venv/lib/python3.10/site-packages/ttnn/tt_metal/hw/firmware/src/tt-1xx/trisc.cc,
3,8,2,TRISC_1,8413,11018334782023,0,2051,,,TRISC-FW,ZONE_START,136,/home/ekaterina_kuzmina1/tenstorrent/.venv/lib/python3.10/site-packages/ttnn/tt_metal/hw/firmware/src/tt-1xx/trisc.cc,
3,8,2,TRISC_1,360,11018334782533,0,2051,,,TRISC-KERNEL,ZONE_START,62,/home/ekaterina_kuzmina1/tenstorrent/.venv/lib/python3.10/site-packages/ttnn/tt_metal/hw/firmware/src/tt-1xx/trisck.cc,
3,8,2,TRISC_1,360,11018335295259,0,2051,,,TRISC-KERNEL,ZONE_END,62,/home/ekaterina_kuzmina1/tenstorrent/.venv/lib/python3.10/site-packages/ttnn/tt_metal/hw/firmware/src/tt-1xx/trisck.cc,
3,8,2,TRISC_1,8413,11018335295317,0,2051,,,TRISC-FW,ZONE_END,136,/home/ekaterina_kuzmina1/tenstorrent/.venv/lib/python3.10/site-packages/ttnn/tt_metal/hw/firmware/src/tt-1xx/trisc.cc,
3,8,2,TRISC_1,8413,11019124110529,0,4099,,,TRISC-FW,ZONE_START,136,/home/ekaterina_kuzmina1/tenstorrent/.venv/lib/python3.10/site-packages/ttnn/tt_metal/hw/firmware/src/tt-1xx/trisc.cc,
3,8,2,TRISC_1,360,11019124110748,0,4099,,,TRISC-KERNEL,ZONE_START,62,/home/ekaterina_kuzmina1/tenstorrent/.venv/lib/python3.10/site-packages/ttnn/tt_metal/hw/firmware/src/tt-1xx/trisck.cc,
3,8,2,TRISC_1,360,11019124269650,0,4099,,,TRISC-KERNEL,ZONE_END,62,/home/ekaterina_kuzmina1/tenstorrent/.venv/lib/python3.10/site-packages/ttnn/tt_metal/hw/firmware/src/tt-1xx/trisck.cc,
3,8,2,TRISC_1,8413,11019124272319,0,4099,,,TRISC-FW,ZONE_END,136,/home/ekaterina_kuzmina1/tenstorrent/.venv/lib/python3.10/site-packages/ttnn/tt_metal/hw/firmware/src/tt-1xx/trisc.cc,
3,8,2,TRISC_2,8413,11018334782039,0,2051,,,TRISC-FW,ZONE_START,136,/home/ekaterina_kuzmina1/tenstorrent/.venv/lib/python3.10/site-packages/ttnn/tt_metal/hw/firmware/src/tt-1xx/trisc.cc,
3,8,2,TRISC_2,360,11018334782534,0,2051,,,TRISC-KERNEL,ZONE_START,62,/home/ekaterina_kuzmina1/tenstorrent/.venv/lib/python3.10/site-packages/ttnn/tt_metal/hw/firmware/src/tt-1xx/trisck.cc,
3,8,2,TRISC_2,360,11018335295377,0,2051,,,TRISC-KERNEL,ZONE_END,62,/home/ekaterina_kuzmina1/tenstorrent/.venv/lib/python3.10/site-packages/ttnn/tt_metal/hw/firmware/src/tt-1xx/trisck.cc,
3,8,2,TRISC_2,8413,11018335295617,0,2051,,,TRISC-FW,ZONE_END,136,/home/ekaterina_kuzmina1/tenstorrent/.venv/lib/python3.10/site-packages/ttnn/tt_metal/hw/firmware/src/tt-1xx/trisc.cc,
3,8,2,TRISC_2,8413,11019124110542,0,4099,,,TRISC-FW,ZONE_START,136,/home/ekaterina_kuzmina1/tenstorrent/.venv/lib/python3.10/site-packages/ttnn/tt_metal/hw/firmware/src/tt-1xx/trisc.cc,
3,8,2,TRISC_2,360,11019124110867,0,4099,,,TRISC-KERNEL,ZONE_START,62,/home/ekaterina_kuzmina1/tenstorrent/.venv/lib/python3.10/site-packages/ttnn/tt_metal/hw/firmware/src/tt-1xx/trisck.cc,
3,8,2,TRISC_2,360,11019124271203,0,4099,,,TRISC-KERNEL,ZONE_END,62,/home/ekaterina_kuzmina1/tenstorrent/.venv/lib/python3.10/site-packages/ttnn/tt_metal/hw/firmware/src/tt-1xx/trisck.cc,
3,8,2,TRISC_2,8413,11019124272426,0,4099,,,TRISC-FW,ZONE_END,136,/home/ekaterina_kuzmina1/tenstorrent/.venv/lib/python3.10/site-packages/ttnn/tt_metal/hw/firmware/src/tt-1xx/trisc.cc,
3,8,3,BRISC,61457,11018334781774,0,2051,,,BRISC-FW,ZONE_START,412,/home/ekaterina_kuzmina1/tenstorrent/.venv/lib/python3.10/site-packages/ttnn/tt_metal/hw/firmware/src/tt-1xx/brisc.cc,
3,8,3,BRISC,63326,11018334782557,0,2051,,,BRISC-KERNEL,ZONE_START,64,/home/ekaterina_kuzmina1/tenstorrent/.venv/lib/python3.10/site-packages/ttnn/tt_metal/hw/firmware/src/tt-1xx/brisck.cc,
3,8,3,BRISC,63326,11018335356976,0,2051,,,BRISC-KERNEL,ZONE_END,64,/home/ekaterina_kuzmina1/tenstorrent/.venv/lib/python3.10/site-packages/ttnn/tt_metal/hw/firmware/src/tt-1xx/brisck.cc,
3,8,3,BRISC,61457,11018335357163,0,2051,,,BRISC-FW,ZONE_END,412,/home/ekaterina_kuzmina1/tenstorrent/.venv/lib/python3.10/site-packages/ttnn/tt_metal/hw/firmware/src/tt-1xx/brisc.cc,
3,8,3,BRISC,61457,11018391680711,0,3075,,,BRISC-FW,ZONE_START,412,/home/ekaterina_kuzmina1/tenstorrent/.venv/lib/python3.10/site-packages/ttnn/tt_metal/hw/firmware/src/tt-1xx/brisc.cc,
3,8,3,BRISC,63326,11018391681426,0,3075,,,BRISC-KERNEL,ZONE_START,64,/home/ekaterina_kuzmina1/tenstorrent/.venv/lib/python3.10/site-packages/ttnn/tt_metal/hw/firmware/src/tt-1xx/brisck.cc,
3,8,3,BRISC,63326,11018392291375,0,3075,,,BRISC-KERNEL,ZONE_END,64,/home/ekaterina_kuzmina1/tenstorrent/.venv/lib/python3.10/site-packages/ttnn/tt_metal/hw/firmware/src/tt-1xx/brisck.cc,
3,8,3,BRISC,61457,11018392291554,0,3075,,,BRISC-FW,ZONE_END,412,/home/ekaterina_kuzmina1/tenstorrent/.venv/lib/python3.10/site-packages/ttnn/tt_metal/hw/firmware/src/tt-1xx/brisc.cc,
3,8,3,BRISC,61457,11019124110303,0,4099,,,BRISC-FW,ZONE_START,412,/home/ekaterina_kuzmina1/tenstorrent/.venv/lib/python3.10/site-packages/ttnn/tt_metal/hw/firmware/src/tt-1xx/brisc.cc,
3,8,3,BRISC,63326,11019124111183,0,4099,,,BRISC-KERNEL,ZONE_START,64,/home/ekaterina_kuzmina1/tenstorrent/.venv/lib/python3.10/site-packages/ttnn/tt_metal/hw/firmware/src/tt-1xx/brisck.cc,
3,8,3,BRISC,63326,11019124275393,0,4099,,,BRISC-KERNEL,ZONE_END,64,/home/ekaterina_kuzmina1/tenstorrent/.venv/lib/python3.10/site-packages/ttnn/tt_metal/hw/firmware/src/tt-1xx/brisck.cc,
3,8,3,BRISC,61457,11019124275575,0,4099,,,BRISC-FW,ZONE_END,412,/home/ekaterina_kuzmina1/tenstorrent/.venv/lib/python3.10/site-packages/ttnn/tt_metal/hw/firmware/src/tt-1xx/brisc.cc,
3,8,3,NCRISC,12030,11018334781923,0,2051,,,NCRISC-FW,ZONE_START,123,/home/ekaterina_kuzmina1/tenstorrent/.venv/lib/python3.10/site-packages/ttnn/tt_metal/hw/firmware/src/tt-1xx/ncrisc.cc,
3,8,3,NCRISC,16513,11018334782530,0,2051,,,NCRISC-KERNEL,ZONE_START,63,/home/ekaterina_kuzmina1/tenstorrent/.venv/lib/python3.10/site-packages/ttnn/tt_metal/hw/firmware/src/tt-1xx/ncrisck.cc,
3,8,3,NCRISC,16513,11018335288881,0,2051,,,NCRISC-KERNEL,ZONE_END,63,/home/ekaterina_kuzmina1/tenstorrent/.venv/lib/python3.10/site-packages/ttnn/tt_metal/hw/firmware/src/tt-1xx/ncrisck.cc,
3,8,3,NCRISC,12030,11018335288997,0,2051,,,NCRISC-FW,ZONE_END,123,/home/ekaterina_kuzmina1/tenstorrent/.venv/lib/python3.10/site-packages/ttnn/tt_metal/hw/firmware/src/tt-1xx/ncrisc.cc,
3,8,3,NCRISC,12030,11018391680858,0,3075,,,NCRISC-FW,ZONE_START,123,/home/ekaterina_kuzmina1/tenstorrent/.venv/lib/python3.10/site-packages/ttnn/tt_metal/hw/firmware/src/tt-1xx/ncrisc.cc,
3,8,3,NCRISC,16513,11018391681399,0,3075,,,NCRISC-KERNEL,ZONE_START,63,/home/ekaterina_kuzmina1/tenstorrent/.venv/lib/python3.10/site-packages/ttnn/tt_metal/hw/firmware/src/tt-1xx/ncrisck.cc,
3,8,3,NCRISC,16513,11018392289065,0,3075,,,NCRISC-KERNEL,ZONE_END,63,/home/ekaterina_kuzmina1/tenstorrent/.venv/lib/python3.10/site-packages/ttnn/tt_metal/hw/firmware/src/tt-1xx/ncrisck.cc,
3,8,3,NCRISC,12030,11018392289179,0,3075,,,NCRISC-FW,ZONE_END,123,/home/ekaterina_kuzmina1/tenstorrent/.venv/lib/python3.10/site-packages/ttnn/tt_metal/hw/firmware/src/tt-1xx/ncrisc.cc,
3,8,3,NCRISC,12030,11019124110450,0,4099,,,NCRISC-FW,ZONE_START,123,/home/ekaterina_kuzmina1/tenstorrent/.venv/lib/python3.10/site-packages/ttnn/tt_metal/hw/firmware/src/tt-1xx/ncrisc.cc,
3,8,3,NCRISC,16513,11019124111164,0,4099,,,NCRISC-KERNEL,ZONE_START,63,/home/ekaterina_kuzmina1/tenstorrent/.venv/lib/python3.10/site-packages/ttnn/tt_metal/hw/firmware/src/tt-1xx/ncrisck.cc,
3,8,3,NCRISC,16513,11019124273590,0,4099,,,NCRISC-KERNEL,ZONE_END,63,/home/ekaterina_kuzmina1/tenstorrent/.venv/lib/python3.10/site-packages/ttnn/tt_metal/hw/firmware/src/tt-1xx/ncrisck.cc,
3,8,3,NCRISC,12030,11019124273713,0,4099,,,NCRISC-FW,ZONE_END,123,/home/ekaterina_kuzmina1/tenstorrent/.venv/lib/python3.10/site-packages/ttnn/tt_metal/hw/firmware/src/tt-1xx/ncrisc.cc,
3,8,3,TRISC_0,8413,11018334782034,0,2051,,,TRISC-FW,ZONE_START,136,/home/ekaterina_kuzmina1/tenstorrent/.venv/lib/python3.10/site-packages/ttnn/tt_metal/hw/firmware/src/tt-1xx/trisc.cc,
3,8,3,TRISC_0,360,11018334782523,0,2051,,,TRISC-KERNEL,ZONE_START,62,/home/ekaterina_kuzmina1/tenstorrent/.venv/lib/python3.10/site-packages/ttnn/tt_metal/hw/firmware/src/tt-1xx/trisck.cc,
3,8,3,TRISC_0,360,11018335293613,0,2051,,,TRISC-KERNEL,ZONE_END,62,/home/ekaterina_kuzmina1/tenstorrent/.venv/lib/python3.10/site-packages/ttnn/tt_metal/hw/firmware/src/tt-1xx/trisck.cc,
3,8,3,TRISC_0,8413,11018335294360,0,2051,,,TRISC-FW,ZONE_END,136,/home/ekaterina_kuzmina1/tenstorrent/.venv/lib/python3.10/site-packages/ttnn/tt_metal/hw/firmware/src/tt-1xx/trisc.cc,
3,8,3,TRISC_0,8413,11019124110556,0,4099,,,TRISC-FW,ZONE_START,136,/home/ekaterina_kuzmina1/tenstorrent/.venv/lib/python3.10/site-packages/ttnn/tt_metal/hw/firmware/src/tt-1xx/trisc.cc,
3,8,3,TRISC_0,360,11019124110903,0,4099,,,TRISC-KERNEL,ZONE_START,62,/home/ekaterina_kuzmina1/tenstorrent/.venv/lib/python3.10/site-packages/ttnn/tt_metal/hw/firmware/src/tt-1xx/trisck.cc,
3,8,3,TRISC_0,360,11019124273628,0,4099,,,TRISC-KERNEL,ZONE_END,62,/home/ekaterina_kuzmina1/tenstorrent/.venv/lib/python3.10/site-packages/ttnn/tt_metal/hw/firmware/src/tt-1xx/trisck.cc,
3,8,3,TRISC_0,8413,11019124273679,0,4099,,,TRISC-FW,ZONE_END,136,/home/ekaterina_kuzmina1/tenstorrent/.venv/lib/python3.10/site-packages/ttnn/tt_metal/hw/firmware/src/tt-1xx/trisc.cc,
3,8,3,TRISC_1,8413,11018334782017,0,2051,,,TRISC-FW,ZONE_START,136,/home/ekaterina_kuzmina1/tenstorrent/.venv/lib/python3.10/site-packages/ttnn/tt_metal/hw/firmware/src/tt-1xx/trisc.cc,
3,8,3,TRISC_1,360,11018334782525,0,2051,,,TRISC-KERNEL,ZONE_START,62,/home/ekaterina_kuzmina1/tenstorrent/.venv/lib/python3.10/site-packages/ttnn/tt_metal/hw/firmware/src/tt-1xx/trisck.cc,
3,8,3,TRISC_1,360,11018335294414,0,2051,,,TRISC-KERNEL,ZONE_END,62,/home/ekaterina_kuzmina1/tenstorrent/.venv/lib/python3.10/site-packages/ttnn/tt_metal/hw/firmware/src/tt-1xx/trisck.cc,
3,8,3,TRISC_1,8413,11018335294469,0,2051,,,TRISC-FW,ZONE_END,136,/home/ekaterina_kuzmina1/tenstorrent/.venv/lib/python3.10/site-packages/ttnn/tt_metal/hw/firmware/src/tt-1xx/trisc.cc,
3,8,3,TRISC_1,8413,11019124110547,0,4099,,,TRISC-FW,ZONE_START,136,/home/ekaterina_kuzmina1/tenstorrent/.venv/lib/python3.10/site-packages/ttnn/tt_metal/hw/firmware/src/tt-1xx/trisc.cc,
3,8,3,TRISC_1,360,11019124110738,0,4099,,,TRISC-KERNEL,ZONE_START,62,/home/ekaterina_kuzmina1/tenstorrent/.venv/lib/python3.10/site-packages/ttnn/tt_metal/hw/firmware/src/tt-1xx/trisck.cc,
3,8,3,TRISC_1,360,11019124272141,0,4099,,,TRISC-KERNEL,ZONE_END,62,/home/ekaterina_kuzmina1/tenstorrent/.venv/lib/python3.10/site-packages/ttnn/tt_metal/hw/firmware/src/tt-1xx/trisck.cc,
3,8,3,TRISC_1,8413,11019124273644,0,4099,,,TRISC-FW,ZONE_END,136,/home/ekaterina_kuzmina1/tenstorrent/.venv/lib/python3.10/site-packages/ttnn/tt_metal/hw/firmware/src/tt-1xx/trisc.cc,
3,8,3,TRISC_2,8413,11018334782025,0,2051,,,TRISC-FW,ZONE_START,136,/home/ekaterina_kuzmina1/tenstorrent/.venv/lib/python3.10/site-packages/ttnn/tt_metal/hw/firmware/src/tt-1xx/trisc.cc,
3,8,3,TRISC_2,360,11018334782524,0,2051,,,TRISC-KERNEL,ZONE_START,62,/home/ekaterina_kuzmina1/tenstorrent/.venv/lib/python3.10/site-packages/ttnn/tt_metal/hw/firmware/src/tt-1xx/trisck.cc,
3,8,3,TRISC_2,360,11018335294530,0,2051,,,TRISC-KERNEL,ZONE_END,62,/home/ekaterina_kuzmina1/tenstorrent/.venv/lib/python3.10/site-packages/ttnn/tt_metal/hw/firmware/src/tt-1xx/trisck.cc,
3,8,3,TRISC_2,8413,11018335294761,0,2051,,,TRISC-FW,ZONE_END,136,/home/ekaterina_kuzmina1/tenstorrent/.venv/lib/python3.10/site-packages/ttnn/tt_metal/hw/firmware/src/tt-1xx/trisc.cc,
3,8,3,TRISC_2,8413,11019124110558,0,4099,,,TRISC-FW,ZONE_START,136,/home/ekaterina_kuzmina1/tenstorrent/.venv/lib/python3.10/site-packages/ttnn/tt_metal/hw/firmware/src/tt-1xx/trisc.cc,
3,8,3,TRISC_2,360,11019124110893,0,4099,,,TRISC-KERNEL,ZONE_START,62,/home/ekaterina_kuzmina1/tenstorrent/.venv/lib/python3.10/site-packages/ttnn/tt_metal/hw/firmware/src/tt-1xx/trisck.cc,
3,8,3,TRISC_2,360,11019124273896,0,4099,,,TRISC-KERNEL,ZONE_END,62,/home/ekaterina_kuzmina1/tenstorrent/.venv/lib/python3.10/site-packages/ttnn/tt_metal/hw/firmware/src/tt-1xx/trisck.cc,
3,8,3,TRISC_2,8413,11019124273930,0,4099,,,TRISC-FW,ZONE_END,136,/home/ekaterina_kuzmina1/tenstorrent/.venv/lib/python3.10/site-packages/ttnn/tt_metal/hw/firmware/src/tt-1xx/trisc.cc,
3,8,4,BRISC,61457,11018334781817,0,2051,,,BRISC-FW,ZONE_START,412,/home/ekaterina_kuzmina1/tenstorrent/.venv/lib/python3.10/site-packages/ttnn/tt_metal/hw/firmware/src/tt-1xx/brisc.cc,
3,8,4,BRISC,63326,11018334782576,0,2051,,,BRISC-KERNEL,ZONE_START,64,/home/ekaterina_kuzmina1/tenstorrent/.venv/lib/python3.10/site-packages/ttnn/tt_metal/hw/firmware/src/tt-1xx/brisck.cc,
3,8,4,BRISC,63326,11018335342241,0,2051,,,BRISC-KERNEL,ZONE_END,64,/home/ekaterina_kuzmina1/tenstorrent/.venv/lib/python3.10/site-packages/ttnn/tt_metal/hw/firmware/src/tt-1xx/brisck.cc,
3,8,4,BRISC,61457,11018335342428,0,2051,,,BRISC-FW,ZONE_END,412,/home/ekaterina_kuzmina1/tenstorrent/.venv/lib/python3.10/site-packages/ttnn/tt_metal/hw/firmware/src/tt-1xx/brisc.cc,
3,8,4,BRISC,61457,11018391680685,0,3075,,,BRISC-FW,ZONE_START,412,/home/ekaterina_kuzmina1/tenstorrent/.venv/lib/python3.10/site-packages/ttnn/tt_metal/hw/firmware/src/tt-1xx/brisc.cc,
3,8,4,BRISC,63326,11018391681400,0,3075,,,BRISC-KERNEL,ZONE_START,64,/home/ekaterina_kuzmina1/tenstorrent/.venv/lib/python3.10/site-packages/ttnn/tt_metal/hw/firmware/src/tt-1xx/brisck.cc,
3,8,4,BRISC,63326,11018392294816,0,3075,,,BRISC-KERNEL,ZONE_END,64,/home/ekaterina_kuzmina1/tenstorrent/.venv/lib/python3.10/site-packages/ttnn/tt_metal/hw/firmware/src/tt-1xx/brisck.cc,
3,8,4,BRISC,61457,11018392294996,0,3075,,,BRISC-FW,ZONE_END,412,/home/ekaterina_kuzmina1/tenstorrent/.venv/lib/python3.10/site-packages/ttnn/tt_metal/hw/firmware/src/tt-1xx/brisc.cc,
3,8,4,BRISC,61457,11019124110309,0,4099,,,BRISC-FW,ZONE_START,412,/home/ekaterina_kuzmina1/tenstorrent/.venv/lib/python3.10/site-packages/ttnn/tt_metal/hw/firmware/src/tt-1xx/brisc.cc,
3,8,4,BRISC,63326,11019124111182,0,4099,,,BRISC-KERNEL,ZONE_START,64,/home/ekaterina_kuzmina1/tenstorrent/.venv/lib/python3.10/site-packages/ttnn/tt_metal/hw/firmware/src/tt-1xx/brisck.cc,
3,8,4,BRISC,63326,11019124278815,0,4099,,,BRISC-KERNEL,ZONE_END,64,/home/ekaterina_kuzmina1/tenstorrent/.venv/lib/python3.10/site-packages/ttnn/tt_metal/hw/firmware/src/tt-1xx/brisck.cc,
3,8,4,BRISC,61457,11019124278996,0,4099,,,BRISC-FW,ZONE_END,412,/home/ekaterina_kuzmina1/tenstorrent/.venv/lib/python3.10/site-packages/ttnn/tt_metal/hw/firmware/src/tt-1xx/brisc.cc,
3,8,4,NCRISC,12030,11018334781968,0,2051,,,NCRISC-FW,ZONE_START,123,/home/ekaterina_kuzmina1/tenstorrent/.venv/lib/python3.10/site-packages/ttnn/tt_metal/hw/firmware/src/tt-1xx/ncrisc.cc,
3,8,4,NCRISC,16513,11018334782562,0,2051,,,NCRISC-KERNEL,ZONE_START,63,/home/ekaterina_kuzmina1/tenstorrent/.venv/lib/python3.10/site-packages/ttnn/tt_metal/hw/firmware/src/tt-1xx/ncrisck.cc,
3,8,4,NCRISC,16513,11018335286594,0,2051,,,NCRISC-KERNEL,ZONE_END,63,/home/ekaterina_kuzmina1/tenstorrent/.venv/lib/python3.10/site-packages/ttnn/tt_metal/hw/firmware/src/tt-1xx/ncrisck.cc,
3,8,4,NCRISC,12030,11018335286710,0,2051,,,NCRISC-FW,ZONE_END,123,/home/ekaterina_kuzmina1/tenstorrent/.venv/lib/python3.10/site-packages/ttnn/tt_metal/hw/firmware/src/tt-1xx/ncrisc.cc,
3,8,4,NCRISC,12030,11018391680832,0,3075,,,NCRISC-FW,ZONE_START,123,/home/ekaterina_kuzmina1/tenstorrent/.venv/lib/python3.10/site-packages/ttnn/tt_metal/hw/firmware/src/tt-1xx/ncrisc.cc,
3,8,4,NCRISC,16513,11018391681373,0,3075,,,NCRISC-KERNEL,ZONE_START,63,/home/ekaterina_kuzmina1/tenstorrent/.venv/lib/python3.10/site-packages/ttnn/tt_metal/hw/firmware/src/tt-1xx/ncrisck.cc,
3,8,4,NCRISC,16513,11018392292387,0,3075,,,NCRISC-KERNEL,ZONE_END,63,/home/ekaterina_kuzmina1/tenstorrent/.venv/lib/python3.10/site-packages/ttnn/tt_metal/hw/firmware/src/tt-1xx/ncrisck.cc,
3,8,4,NCRISC,12030,11018392292510,0,3075,,,NCRISC-FW,ZONE_END,123,/home/ekaterina_kuzmina1/tenstorrent/.venv/lib/python3.10/site-packages/ttnn/tt_metal/hw/firmware/src/tt-1xx/ncrisc.cc,
3,8,4,NCRISC,12030,11019124110455,0,4099,,,NCRISC-FW,ZONE_START,123,/home/ekaterina_kuzmina1/tenstorrent/.venv/lib/python3.10/site-packages/ttnn/tt_metal/hw/firmware/src/tt-1xx/ncrisc.cc,
3,8,4,NCRISC,16513,11019124111165,0,4099,,,NCRISC-KERNEL,ZONE_START,63,/home/ekaterina_kuzmina1/tenstorrent/.venv/lib/python3.10/site-packages/ttnn/tt_metal/hw/firmware/src/tt-1xx/ncrisck.cc,
3,8,4,NCRISC,16513,11019124276492,0,4099,,,NCRISC-KERNEL,ZONE_END,63,/home/ekaterina_kuzmina1/tenstorrent/.venv/lib/python3.10/site-packages/ttnn/tt_metal/hw/firmware/src/tt-1xx/ncrisck.cc,
3,8,4,NCRISC,12030,11019124276612,0,4099,,,NCRISC-FW,ZONE_END,123,/home/ekaterina_kuzmina1/tenstorrent/.venv/lib/python3.10/site-packages/ttnn/tt_metal/hw/firmware/src/tt-1xx/ncrisc.cc,
3,8,4,TRISC_0,8413,11018334782054,0,2051,,,TRISC-FW,ZONE_START,136,/home/ekaterina_kuzmina1/tenstorrent/.venv/lib/python3.10/site-packages/ttnn/tt_metal/hw/firmware/src/tt-1xx/trisc.cc,
3,8,4,TRISC_0,360,11018334782514,0,2051,,,TRISC-KERNEL,ZONE_START,62,/home/ekaterina_kuzmina1/tenstorrent/.venv/lib/python3.10/site-packages/ttnn/tt_metal/hw/firmware/src/tt-1xx/trisck.cc,
3,8,4,TRISC_0,360,11018335291360,0,2051,,,TRISC-KERNEL,ZONE_END,62,/home/ekaterina_kuzmina1/tenstorrent/.venv/lib/python3.10/site-packages/ttnn/tt_metal/hw/firmware/src/tt-1xx/trisck.cc,
3,8,4,TRISC_0,8413,11018335292111,0,2051,,,TRISC-FW,ZONE_END,136,/home/ekaterina_kuzmina1/tenstorrent/.venv/lib/python3.10/site-packages/ttnn/tt_metal/hw/firmware/src/tt-1xx/trisc.cc,
3,8,4,TRISC_0,8413,11019124110564,0,4099,,,TRISC-FW,ZONE_START,136,/home/ekaterina_kuzmina1/tenstorrent/.venv/lib/python3.10/site-packages/ttnn/tt_metal/hw/firmware/src/tt-1xx/trisc.cc,
3,8,4,TRISC_0,360,11019124110908,0,4099,,,TRISC-KERNEL,ZONE_START,62,/home/ekaterina_kuzmina1/tenstorrent/.venv/lib/python3.10/site-packages/ttnn/tt_metal/hw/firmware/src/tt-1xx/trisck.cc,
3,8,4,TRISC_0,360,11019124276530,0,4099,,,TRISC-KERNEL,ZONE_END,62,/home/ekaterina_kuzmina1/tenstorrent/.venv/lib/python3.10/site-packages/ttnn/tt_metal/hw/firmware/src/tt-1xx/trisck.cc,
3,8,4,TRISC_0,8413,11019124276574,0,4099,,,TRISC-FW,ZONE_END,136,/home/ekaterina_kuzmina1/tenstorrent/.venv/lib/python3.10/site-packages/ttnn/tt_metal/hw/firmware/src/tt-1xx/trisc.cc,
3,8,4,TRISC_1,8413,11018334782066,0,2051,,,TRISC-FW,ZONE_START,136,/home/ekaterina_kuzmina1/tenstorrent/.venv/lib/python3.10/site-packages/ttnn/tt_metal/hw/firmware/src/tt-1xx/trisc.cc,
3,8,4,TRISC_1,360,11018334782515,0,2051,,,TRISC-KERNEL,ZONE_START,62,/home/ekaterina_kuzmina1/tenstorrent/.venv/lib/python3.10/site-packages/ttnn/tt_metal/hw/firmware/src/tt-1xx/trisck.cc,
3,8,4,TRISC_1,360,11018335292165,0,2051,,,TRISC-KERNEL,ZONE_END,62,/home/ekaterina_kuzmina1/tenstorrent/.venv/lib/python3.10/site-packages/ttnn/tt_metal/hw/firmware/src/tt-1xx/trisck.cc,
3,8,4,TRISC_1,8413,11018335292223,0,2051,,,TRISC-FW,ZONE_END,136,/home/ekaterina_kuzmina1/tenstorrent/.venv/lib/python3.10/site-packages/ttnn/tt_metal/hw/firmware/src/tt-1xx/trisc.cc,
3,8,4,TRISC_1,8413,11019124110555,0,4099,,,TRISC-FW,ZONE_START,136,/home/ekaterina_kuzmina1/tenstorrent/.venv/lib/python3.10/site-packages/ttnn/tt_metal/hw/firmware/src/tt-1xx/trisc.cc,
3,8,4,TRISC_1,360,11019124110739,0,4099,,,TRISC-KERNEL,ZONE_START,62,/home/ekaterina_kuzmina1/tenstorrent/.venv/lib/python3.10/site-packages/ttnn/tt_metal/hw/firmware/src/tt-1xx/trisck.cc,
3,8,4,TRISC_1,360,11019124275410,0,4099,,,TRISC-KERNEL,ZONE_END,62,/home/ekaterina_kuzmina1/tenstorrent/.venv/lib/python3.10/site-packages/ttnn/tt_metal/hw/firmware/src/tt-1xx/trisck.cc,
3,8,4,TRISC_1,8413,11019124276552,0,4099,,,TRISC-FW,ZONE_END,136,/home/ekaterina_kuzmina1/tenstorrent/.venv/lib/python3.10/site-packages/ttnn/tt_metal/hw/firmware/src/tt-1xx/trisc.cc,
3,8,4,TRISC_2,8413,11018334782073,0,2051,,,TRISC-FW,ZONE_START,136,/home/ekaterina_kuzmina1/tenstorrent/.venv/lib/python3.10/site-packages/ttnn/tt_metal/hw/firmware/src/tt-1xx/trisc.cc,
3,8,4,TRISC_2,360,11018334782516,0,2051,,,TRISC-KERNEL,ZONE_START,62,/home/ekaterina_kuzmina1/tenstorrent/.venv/lib/python3.10/site-packages/ttnn/tt_metal/hw/firmware/src/tt-1xx/trisck.cc,
3,8,4,TRISC_2,360,11018335292283,0,2051,,,TRISC-KERNEL,ZONE_END,62,/home/ekaterina_kuzmina1/tenstorrent/.venv/lib/python3.10/site-packages/ttnn/tt_metal/hw/firmware/src/tt-1xx/trisck.cc,
3,8,4,TRISC_2,8413,11018335292523,0,2051,,,TRISC-FW,ZONE_END,136,/home/ekaterina_kuzmina1/tenstorrent/.venv/lib/python3.10/site-packages/ttnn/tt_metal/hw/firmware/src/tt-1xx/trisc.cc,
3,8,4,TRISC_2,8413,11019124110568,0,4099,,,TRISC-FW,ZONE_START,136,/home/ekaterina_kuzmina1/tenstorrent/.venv/lib/python3.10/site-packages/ttnn/tt_metal/hw/firmware/src/tt-1xx/trisc.cc,
3,8,4,TRISC_2,360,11019124110892,0,4099,,,TRISC-KERNEL,ZONE_START,62,/home/ekaterina_kuzmina1/tenstorrent/.venv/lib/python3.10/site-packages/ttnn/tt_metal/hw/firmware/src/tt-1xx/trisck.cc,
3,8,4,TRISC_2,360,11019124277680,0,4099,,,TRISC-KERNEL,ZONE_END,62,/home/ekaterina_kuzmina1/tenstorrent/.venv/lib/python3.10/site-packages/ttnn/tt_metal/hw/firmware/src/tt-1xx/trisck.cc,
3,8,4,TRISC_2,8413,11019124277714,0,4099,,,TRISC-FW,ZONE_END,136,/home/ekaterina_kuzmina1/tenstorrent/.venv/lib/python3.10/site-packages/ttnn/tt_metal/hw/firmware/src/tt-1xx/trisc.cc,
3,8,5,BRISC,61457,11018334781812,0,2051,,,BRISC-FW,ZONE_START,412,/home/ekaterina_kuzmina1/tenstorrent/.venv/lib/python3.10/site-packages/ttnn/tt_metal/hw/firmware/src/tt-1xx/brisc.cc,
3,8,5,BRISC,63326,11018334782594,0,2051,,,BRISC-KERNEL,ZONE_START,64,/home/ekaterina_kuzmina1/tenstorrent/.venv/lib/python3.10/site-packages/ttnn/tt_metal/hw/firmware/src/tt-1xx/brisck.cc,
3,8,5,BRISC,63326,11018335322010,0,2051,,,BRISC-KERNEL,ZONE_END,64,/home/ekaterina_kuzmina1/tenstorrent/.venv/lib/python3.10/site-packages/ttnn/tt_metal/hw/firmware/src/tt-1xx/brisck.cc,
3,8,5,BRISC,61457,11018335322197,0,2051,,,BRISC-FW,ZONE_END,412,/home/ekaterina_kuzmina1/tenstorrent/.venv/lib/python3.10/site-packages/ttnn/tt_metal/hw/firmware/src/tt-1xx/brisc.cc,
3,8,5,BRISC,61457,11018391680739,0,3075,,,BRISC-FW,ZONE_START,412,/home/ekaterina_kuzmina1/tenstorrent/.venv/lib/python3.10/site-packages/ttnn/tt_metal/hw/firmware/src/tt-1xx/brisc.cc,
3,8,5,BRISC,63326,11018391681455,0,3075,,,BRISC-KERNEL,ZONE_START,64,/home/ekaterina_kuzmina1/tenstorrent/.venv/lib/python3.10/site-packages/ttnn/tt_metal/hw/firmware/src/tt-1xx/brisck.cc,
3,8,5,BRISC,63326,11018392289269,0,3075,,,BRISC-KERNEL,ZONE_END,64,/home/ekaterina_kuzmina1/tenstorrent/.venv/lib/python3.10/site-packages/ttnn/tt_metal/hw/firmware/src/tt-1xx/brisck.cc,
3,8,5,BRISC,61457,11018392289448,0,3075,,,BRISC-FW,ZONE_END,412,/home/ekaterina_kuzmina1/tenstorrent/.venv/lib/python3.10/site-packages/ttnn/tt_metal/hw/firmware/src/tt-1xx/brisc.cc,
3,8,5,BRISC,61457,11019124110314,0,4099,,,BRISC-FW,ZONE_START,412,/home/ekaterina_kuzmina1/tenstorrent/.venv/lib/python3.10/site-packages/ttnn/tt_metal/hw/firmware/src/tt-1xx/brisc.cc,
3,8,5,BRISC,63326,11019124111181,0,4099,,,BRISC-KERNEL,ZONE_START,64,/home/ekaterina_kuzmina1/tenstorrent/.venv/lib/python3.10/site-packages/ttnn/tt_metal/hw/firmware/src/tt-1xx/brisck.cc,
3,8,5,BRISC,63326,11019124278304,0,4099,,,BRISC-KERNEL,ZONE_END,64,/home/ekaterina_kuzmina1/tenstorrent/.venv/lib/python3.10/site-packages/ttnn/tt_metal/hw/firmware/src/tt-1xx/brisck.cc,
3,8,5,BRISC,61457,11019124278485,0,4099,,,BRISC-FW,ZONE_END,412,/home/ekaterina_kuzmina1/tenstorrent/.venv/lib/python3.10/site-packages/ttnn/tt_metal/hw/firmware/src/tt-1xx/brisc.cc,
3,8,5,NCRISC,12030,11018334781962,0,2051,,,NCRISC-FW,ZONE_START,123,/home/ekaterina_kuzmina1/tenstorrent/.venv/lib/python3.10/site-packages/ttnn/tt_metal/hw/firmware/src/tt-1xx/ncrisc.cc,
3,8,5,NCRISC,16513,11018334782563,0,2051,,,NCRISC-KERNEL,ZONE_START,63,/home/ekaterina_kuzmina1/tenstorrent/.venv/lib/python3.10/site-packages/ttnn/tt_metal/hw/firmware/src/tt-1xx/ncrisck.cc,
3,8,5,NCRISC,16513,11018335279531,0,2051,,,NCRISC-KERNEL,ZONE_END,63,/home/ekaterina_kuzmina1/tenstorrent/.venv/lib/python3.10/site-packages/ttnn/tt_metal/hw/firmware/src/tt-1xx/ncrisck.cc,
3,8,5,NCRISC,12030,11018335279649,0,2051,,,NCRISC-FW,ZONE_END,123,/home/ekaterina_kuzmina1/tenstorrent/.venv/lib/python3.10/site-packages/ttnn/tt_metal/hw/firmware/src/tt-1xx/ncrisc.cc,
3,8,5,NCRISC,12030,11018391680892,0,3075,,,NCRISC-FW,ZONE_START,123,/home/ekaterina_kuzmina1/tenstorrent/.venv/lib/python3.10/site-packages/ttnn/tt_metal/hw/firmware/src/tt-1xx/ncrisc.cc,
3,8,5,NCRISC,16513,11018391681426,0,3075,,,NCRISC-KERNEL,ZONE_START,63,/home/ekaterina_kuzmina1/tenstorrent/.venv/lib/python3.10/site-packages/ttnn/tt_metal/hw/firmware/src/tt-1xx/ncrisck.cc,
3,8,5,NCRISC,16513,11018392286674,0,3075,,,NCRISC-KERNEL,ZONE_END,63,/home/ekaterina_kuzmina1/tenstorrent/.venv/lib/python3.10/site-packages/ttnn/tt_metal/hw/firmware/src/tt-1xx/ncrisck.cc,
3,8,5,NCRISC,12030,11018392286791,0,3075,,,NCRISC-FW,ZONE_END,123,/home/ekaterina_kuzmina1/tenstorrent/.venv/lib/python3.10/site-packages/ttnn/tt_metal/hw/firmware/src/tt-1xx/ncrisc.cc,
3,8,5,NCRISC,12030,11019124110461,0,4099,,,NCRISC-FW,ZONE_START,123,/home/ekaterina_kuzmina1/tenstorrent/.venv/lib/python3.10/site-packages/ttnn/tt_metal/hw/firmware/src/tt-1xx/ncrisc.cc,
3,8,5,NCRISC,16513,11019124111164,0,4099,,,NCRISC-KERNEL,ZONE_START,63,/home/ekaterina_kuzmina1/tenstorrent/.venv/lib/python3.10/site-packages/ttnn/tt_metal/hw/firmware/src/tt-1xx/ncrisck.cc,
3,8,5,NCRISC,16513,11019124277150,0,4099,,,NCRISC-KERNEL,ZONE_END,63,/home/ekaterina_kuzmina1/tenstorrent/.venv/lib/python3.10/site-packages/ttnn/tt_metal/hw/firmware/src/tt-1xx/ncrisck.cc,
3,8,5,NCRISC,12030,11019124277278,0,4099,,,NCRISC-FW,ZONE_END,123,/home/ekaterina_kuzmina1/tenstorrent/.venv/lib/python3.10/site-packages/ttnn/tt_metal/hw/firmware/src/tt-1xx/ncrisc.cc,
3,8,5,TRISC_0,8413,11018334782057,0,2051,,,TRISC-FW,ZONE_START,136,/home/ekaterina_kuzmina1/tenstorrent/.venv/lib/python3.10/site-packages/ttnn/tt_metal/hw/firmware/src/tt-1xx/trisc.cc,
3,8,5,TRISC_0,360,11018334782506,0,2051,,,TRISC-KERNEL,ZONE_START,62,/home/ekaterina_kuzmina1/tenstorrent/.venv/lib/python3.10/site-packages/ttnn/tt_metal/hw/firmware/src/tt-1xx/trisck.cc,
3,8,5,TRISC_0,360,11018335286029,0,2051,,,TRISC-KERNEL,ZONE_END,62,/home/ekaterina_kuzmina1/tenstorrent/.venv/lib/python3.10/site-packages/ttnn/tt_metal/hw/firmware/src/tt-1xx/trisck.cc,
3,8,5,TRISC_0,8413,11018335286762,0,2051,,,TRISC-FW,ZONE_END,136,/home/ekaterina_kuzmina1/tenstorrent/.venv/lib/python3.10/site-packages/ttnn/tt_metal/hw/firmware/src/tt-1xx/trisc.cc,
3,8,5,TRISC_0,8413,11019124110567,0,4099,,,TRISC-FW,ZONE_START,136,/home/ekaterina_kuzmina1/tenstorrent/.venv/lib/python3.10/site-packages/ttnn/tt_metal/hw/firmware/src/tt-1xx/trisc.cc,
3,8,5,TRISC_0,360,11019124110917,0,4099,,,TRISC-KERNEL,ZONE_START,62,/home/ekaterina_kuzmina1/tenstorrent/.venv/lib/python3.10/site-packages/ttnn/tt_metal/hw/firmware/src/tt-1xx/trisck.cc,
3,8,5,TRISC_0,360,11019124277188,0,4099,,,TRISC-KERNEL,ZONE_END,62,/home/ekaterina_kuzmina1/tenstorrent/.venv/lib/python3.10/site-packages/ttnn/tt_metal/hw/firmware/src/tt-1xx/trisck.cc,
3,8,5,TRISC_0,8413,11019124277232,0,4099,,,TRISC-FW,ZONE_END,136,/home/ekaterina_kuzmina1/tenstorrent/.venv/lib/python3.10/site-packages/ttnn/tt_metal/hw/firmware/src/tt-1xx/trisc.cc,
3,8,5,TRISC_1,8413,11018334782058,0,2051,,,TRISC-FW,ZONE_START,136,/home/ekaterina_kuzmina1/tenstorrent/.venv/lib/python3.10/site-packages/ttnn/tt_metal/hw/firmware/src/tt-1xx/trisc.cc,
3,8,5,TRISC_1,360,11018334782508,0,2051,,,TRISC-KERNEL,ZONE_START,62,/home/ekaterina_kuzmina1/tenstorrent/.venv/lib/python3.10/site-packages/ttnn/tt_metal/hw/firmware/src/tt-1xx/trisck.cc,
3,8,5,TRISC_1,360,11018335286816,0,2051,,,TRISC-KERNEL,ZONE_END,62,/home/ekaterina_kuzmina1/tenstorrent/.venv/lib/python3.10/site-packages/ttnn/tt_metal/hw/firmware/src/tt-1xx/trisck.cc,
3,8,5,TRISC_1,8413,11018335286877,0,2051,,,TRISC-FW,ZONE_END,136,/home/ekaterina_kuzmina1/tenstorrent/.venv/lib/python3.10/site-packages/ttnn/tt_metal/hw/firmware/src/tt-1xx/trisc.cc,
3,8,5,TRISC_1,8413,11019124110558,0,4099,,,TRISC-FW,ZONE_START,136,/home/ekaterina_kuzmina1/tenstorrent/.venv/lib/python3.10/site-packages/ttnn/tt_metal/hw/firmware/src/tt-1xx/trisc.cc,
3,8,5,TRISC_1,360,11019124110748,0,4099,,,TRISC-KERNEL,ZONE_START,62,/home/ekaterina_kuzmina1/tenstorrent/.venv/lib/python3.10/site-packages/ttnn/tt_metal/hw/firmware/src/tt-1xx/trisck.cc,
3,8,5,TRISC_1,360,11019124276064,0,4099,,,TRISC-KERNEL,ZONE_END,62,/home/ekaterina_kuzmina1/tenstorrent/.venv/lib/python3.10/site-packages/ttnn/tt_metal/hw/firmware/src/tt-1xx/trisck.cc,
3,8,5,TRISC_1,8413,11019124277213,0,4099,,,TRISC-FW,ZONE_END,136,/home/ekaterina_kuzmina1/tenstorrent/.venv/lib/python3.10/site-packages/ttnn/tt_metal/hw/firmware/src/tt-1xx/trisc.cc,
3,8,5,TRISC_2,8413,11018334782068,0,2051,,,TRISC-FW,ZONE_START,136,/home/ekaterina_kuzmina1/tenstorrent/.venv/lib/python3.10/site-packages/ttnn/tt_metal/hw/firmware/src/tt-1xx/trisc.cc,
3,8,5,TRISC_2,360,11018334782505,0,2051,,,TRISC-KERNEL,ZONE_START,62,/home/ekaterina_kuzmina1/tenstorrent/.venv/lib/python3.10/site-packages/ttnn/tt_metal/hw/firmware/src/tt-1xx/trisck.cc,
3,8,5,TRISC_2,360,11018335286933,0,2051,,,TRISC-KERNEL,ZONE_END,62,/home/ekaterina_kuzmina1/tenstorrent/.venv/lib/python3.10/site-packages/ttnn/tt_metal/hw/firmware/src/tt-1xx/trisck.cc,
3,8,5,TRISC_2,8413,11018335287154,0,2051,,,TRISC-FW,ZONE_END,136,/home/ekaterina_kuzmina1/tenstorrent/.venv/lib/python3.10/site-packages/ttnn/tt_metal/hw/firmware/src/tt-1xx/trisc.cc,
3,8,5,TRISC_2,8413,11019124110571,0,4099,,,TRISC-FW,ZONE_START,136,/home/ekaterina_kuzmina1/tenstorrent/.venv/lib/python3.10/site-packages/ttnn/tt_metal/hw/firmware/src/tt-1xx/trisc.cc,
3,8,5,TRISC_2,360,11019124110905,0,4099,,,TRISC-KERNEL,ZONE_START,62,/home/ekaterina_kuzmina1/tenstorrent/.venv/lib/python3.10/site-packages/ttnn/tt_metal/hw/firmware/src/tt-1xx/trisck.cc,
3,8,5,TRISC_2,360,11019124277121,0,4099,,,TRISC-KERNEL,ZONE_END,62,/home/ekaterina_kuzmina1/tenstorrent/.venv/lib/python3.10/site-packages/ttnn/tt_metal/hw/firmware/src/tt-1xx/trisck.cc,
3,8,5,TRISC_2,8413,11019124277338,0,4099,,,TRISC-FW,ZONE_END,136,/home/ekaterina_kuzmina1/tenstorrent/.venv/lib/python3.10/site-packages/ttnn/tt_metal/hw/firmware/src/tt-1xx/trisc.cc,
3,8,7,BRISC,61457,11018334781833,0,2051,,,BRISC-FW,ZONE_START,412,/home/ekaterina_kuzmina1/tenstorrent/.venv/lib/python3.10/site-packages/ttnn/tt_metal/hw/firmware/src/tt-1xx/brisc.cc,
3,8,7,BRISC,63326,11018334782613,0,2051,,,BRISC-KERNEL,ZONE_START,64,/home/ekaterina_kuzmina1/tenstorrent/.venv/lib/python3.10/site-packages/ttnn/tt_metal/hw/firmware/src/tt-1xx/brisck.cc,
3,8,7,BRISC,63326,11018335311150,0,2051,,,BRISC-KERNEL,ZONE_END,64,/home/ekaterina_kuzmina1/tenstorrent/.venv/lib/python3.10/site-packages/ttnn/tt_metal/hw/firmware/src/tt-1xx/brisck.cc,
3,8,7,BRISC,61457,11018335311338,0,2051,,,BRISC-FW,ZONE_END,412,/home/ekaterina_kuzmina1/tenstorrent/.venv/lib/python3.10/site-packages/ttnn/tt_metal/hw/firmware/src/tt-1xx/brisc.cc,
3,8,7,BRISC,61457,11018391680711,0,3075,,,BRISC-FW,ZONE_START,412,/home/ekaterina_kuzmina1/tenstorrent/.venv/lib/python3.10/site-packages/ttnn/tt_metal/hw/firmware/src/tt-1xx/brisc.cc,
3,8,7,BRISC,63326,11018391681410,0,3075,,,BRISC-KERNEL,ZONE_START,64,/home/ekaterina_kuzmina1/tenstorrent/.venv/lib/python3.10/site-packages/ttnn/tt_metal/hw/firmware/src/tt-1xx/brisck.cc,
3,8,7,BRISC,63326,11018392289834,0,3075,,,BRISC-KERNEL,ZONE_END,64,/home/ekaterina_kuzmina1/tenstorrent/.venv/lib/python3.10/site-packages/ttnn/tt_metal/hw/firmware/src/tt-1xx/brisck.cc,
3,8,7,BRISC,61457,11018392290013,0,3075,,,BRISC-FW,ZONE_END,412,/home/ekaterina_kuzmina1/tenstorrent/.venv/lib/python3.10/site-packages/ttnn/tt_metal/hw/firmware/src/tt-1xx/brisc.cc,
3,8,7,BRISC,61457,11019124110335,0,4099,,,BRISC-FW,ZONE_START,412,/home/ekaterina_kuzmina1/tenstorrent/.venv/lib/python3.10/site-packages/ttnn/tt_metal/hw/firmware/src/tt-1xx/brisc.cc,
3,8,7,BRISC,63326,11019124111204,0,4099,,,BRISC-KERNEL,ZONE_START,64,/home/ekaterina_kuzmina1/tenstorrent/.venv/lib/python3.10/site-packages/ttnn/tt_metal/hw/firmware/src/tt-1xx/brisck.cc,
3,8,7,BRISC,63326,11019124278665,0,4099,,,BRISC-KERNEL,ZONE_END,64,/home/ekaterina_kuzmina1/tenstorrent/.venv/lib/python3.10/site-packages/ttnn/tt_metal/hw/firmware/src/tt-1xx/brisck.cc,
3,8,7,BRISC,61457,11019124278843,0,4099,,,BRISC-FW,ZONE_END,412,/home/ekaterina_kuzmina1/tenstorrent/.venv/lib/python3.10/site-packages/ttnn/tt_metal/hw/firmware/src/tt-1xx/brisc.cc,
3,8,7,NCRISC,12030,11018334781986,0,2051,,,NCRISC-FW,ZONE_START,123,/home/ekaterina_kuzmina1/tenstorrent/.venv/lib/python3.10/site-packages/ttnn/tt_metal/hw/firmware/src/tt-1xx/ncrisc.cc,
3,8,7,NCRISC,16513,11018334782584,0,2051,,,NCRISC-KERNEL,ZONE_START,63,/home/ekaterina_kuzmina1/tenstorrent/.venv/lib/python3.10/site-packages/ttnn/tt_metal/hw/firmware/src/tt-1xx/ncrisck.cc,
3,8,7,NCRISC,16513,11018335265504,0,2051,,,NCRISC-KERNEL,ZONE_END,63,/home/ekaterina_kuzmina1/tenstorrent/.venv/lib/python3.10/site-packages/ttnn/tt_metal/hw/firmware/src/tt-1xx/ncrisck.cc,
3,8,7,NCRISC,12030,11018335265621,0,2051,,,NCRISC-FW,ZONE_END,123,/home/ekaterina_kuzmina1/tenstorrent/.venv/lib/python3.10/site-packages/ttnn/tt_metal/hw/firmware/src/tt-1xx/ncrisc.cc,
3,8,7,NCRISC,12030,11018391680858,0,3075,,,NCRISC-FW,ZONE_START,123,/home/ekaterina_kuzmina1/tenstorrent/.venv/lib/python3.10/site-packages/ttnn/tt_metal/hw/firmware/src/tt-1xx/ncrisc.cc,
3,8,7,NCRISC,16513,11018391681382,0,3075,,,NCRISC-KERNEL,ZONE_START,63,/home/ekaterina_kuzmina1/tenstorrent/.venv/lib/python3.10/site-packages/ttnn/tt_metal/hw/firmware/src/tt-1xx/ncrisck.cc,
3,8,7,NCRISC,16513,11018392287529,0,3075,,,NCRISC-KERNEL,ZONE_END,63,/home/ekaterina_kuzmina1/tenstorrent/.venv/lib/python3.10/site-packages/ttnn/tt_metal/hw/firmware/src/tt-1xx/ncrisck.cc,
3,8,7,NCRISC,12030,11018392287645,0,3075,,,NCRISC-FW,ZONE_END,123,/home/ekaterina_kuzmina1/tenstorrent/.venv/lib/python3.10/site-packages/ttnn/tt_metal/hw/firmware/src/tt-1xx/ncrisc.cc,
3,8,7,NCRISC,12030,11019124110482,0,4099,,,NCRISC-FW,ZONE_START,123,/home/ekaterina_kuzmina1/tenstorrent/.venv/lib/python3.10/site-packages/ttnn/tt_metal/hw/firmware/src/tt-1xx/ncrisc.cc,
3,8,7,NCRISC,16513,11019124111186,0,4099,,,NCRISC-KERNEL,ZONE_START,63,/home/ekaterina_kuzmina1/tenstorrent/.venv/lib/python3.10/site-packages/ttnn/tt_metal/hw/firmware/src/tt-1xx/ncrisck.cc,
3,8,7,NCRISC,16513,11019124277695,0,4099,,,NCRISC-KERNEL,ZONE_END,63,/home/ekaterina_kuzmina1/tenstorrent/.venv/lib/python3.10/site-packages/ttnn/tt_metal/hw/firmware/src/tt-1xx/ncrisck.cc,
3,8,7,NCRISC,12030,11019124277829,0,4099,,,NCRISC-FW,ZONE_END,123,/home/ekaterina_kuzmina1/tenstorrent/.venv/lib/python3.10/site-packages/ttnn/tt_metal/hw/firmware/src/tt-1xx/ncrisc.cc,
3,8,7,TRISC_0,8413,11018334782076,0,2051,,,TRISC-FW,ZONE_START,136,/home/ekaterina_kuzmina1/tenstorrent/.venv/lib/python3.10/site-packages/ttnn/tt_metal/hw/firmware/src/tt-1xx/trisc.cc,
3,8,7,TRISC_0,360,11018334782487,0,2051,,,TRISC-KERNEL,ZONE_START,62,/home/ekaterina_kuzmina1/tenstorrent/.venv/lib/python3.10/site-packages/ttnn/tt_metal/hw/firmware/src/tt-1xx/trisck.cc,
3,8,7,TRISC_0,360,11018335286052,0,2051,,,TRISC-KERNEL,ZONE_END,62,/home/ekaterina_kuzmina1/tenstorrent/.venv/lib/python3.10/site-packages/ttnn/tt_metal/hw/firmware/src/tt-1xx/trisck.cc,
3,8,7,TRISC_0,8413,11018335286785,0,2051,,,TRISC-FW,ZONE_END,136,/home/ekaterina_kuzmina1/tenstorrent/.venv/lib/python3.10/site-packages/ttnn/tt_metal/hw/firmware/src/tt-1xx/trisc.cc,
3,8,7,TRISC_0,8413,11019124110586,0,4099,,,TRISC-FW,ZONE_START,136,/home/ekaterina_kuzmina1/tenstorrent/.venv/lib/python3.10/site-packages/ttnn/tt_metal/hw/firmware/src/tt-1xx/trisc.cc,
3,8,7,TRISC_0,360,11019124110933,0,4099,,,TRISC-KERNEL,ZONE_START,62,/home/ekaterina_kuzmina1/tenstorrent/.venv/lib/python3.10/site-packages/ttnn/tt_metal/hw/firmware/src/tt-1xx/trisck.cc,
3,8,7,TRISC_0,360,11019124277726,0,4099,,,TRISC-KERNEL,ZONE_END,62,/home/ekaterina_kuzmina1/tenstorrent/.venv/lib/python3.10/site-packages/ttnn/tt_metal/hw/firmware/src/tt-1xx/trisck.cc,
3,8,7,TRISC_0,8413,11019124277769,0,4099,,,TRISC-FW,ZONE_END,136,/home/ekaterina_kuzmina1/tenstorrent/.venv/lib/python3.10/site-packages/ttnn/tt_metal/hw/firmware/src/tt-1xx/trisc.cc,
3,8,7,TRISC_1,8413,11018334782086,0,2051,,,TRISC-FW,ZONE_START,136,/home/ekaterina_kuzmina1/tenstorrent/.venv/lib/python3.10/site-packages/ttnn/tt_metal/hw/firmware/src/tt-1xx/trisc.cc,
3,8,7,TRISC_1,360,11018334782486,0,2051,,,TRISC-KERNEL,ZONE_START,62,/home/ekaterina_kuzmina1/tenstorrent/.venv/lib/python3.10/site-packages/ttnn/tt_metal/hw/firmware/src/tt-1xx/trisck.cc,
3,8,7,TRISC_1,360,11018335286839,0,2051,,,TRISC-KERNEL,ZONE_END,62,/home/ekaterina_kuzmina1/tenstorrent/.venv/lib/python3.10/site-packages/ttnn/tt_metal/hw/firmware/src/tt-1xx/trisck.cc,
3,8,7,TRISC_1,8413,11018335286897,0,2051,,,TRISC-FW,ZONE_END,136,/home/ekaterina_kuzmina1/tenstorrent/.venv/lib/python3.10/site-packages/ttnn/tt_metal/hw/firmware/src/tt-1xx/trisc.cc,
3,8,7,TRISC_1,8413,11019124110587,0,4099,,,TRISC-FW,ZONE_START,136,/home/ekaterina_kuzmina1/tenstorrent/.venv/lib/python3.10/site-packages/ttnn/tt_metal/hw/firmware/src/tt-1xx/trisc.cc,
3,8,7,TRISC_1,360,11019124110767,0,4099,,,TRISC-KERNEL,ZONE_START,62,/home/ekaterina_kuzmina1/tenstorrent/.venv/lib/python3.10/site-packages/ttnn/tt_metal/hw/firmware/src/tt-1xx/trisck.cc,
3,8,7,TRISC_1,360,11019124276654,0,4099,,,TRISC-KERNEL,ZONE_END,62,/home/ekaterina_kuzmina1/tenstorrent/.venv/lib/python3.10/site-packages/ttnn/tt_metal/hw/firmware/src/tt-1xx/trisck.cc,
3,8,7,TRISC_1,8413,11019124277749,0,4099,,,TRISC-FW,ZONE_END,136,/home/ekaterina_kuzmina1/tenstorrent/.venv/lib/python3.10/site-packages/ttnn/tt_metal/hw/firmware/src/tt-1xx/trisc.cc,
3,8,7,TRISC_2,8413,11018334782089,0,2051,,,TRISC-FW,ZONE_START,136,/home/ekaterina_kuzmina1/tenstorrent/.venv/lib/python3.10/site-packages/ttnn/tt_metal/hw/firmware/src/tt-1xx/trisc.cc,
3,8,7,TRISC_2,360,11018334782494,0,2051,,,TRISC-KERNEL,ZONE_START,62,/home/ekaterina_kuzmina1/tenstorrent/.venv/lib/python3.10/site-packages/ttnn/tt_metal/hw/firmware/src/tt-1xx/trisck.cc,
3,8,7,TRISC_2,360,11018335286949,0,2051,,,TRISC-KERNEL,ZONE_END,62,/home/ekaterina_kuzmina1/tenstorrent/.venv/lib/python3.10/site-packages/ttnn/tt_metal/hw/firmware/src/tt-1xx/trisck.cc,
3,8,7,TRISC_2,8413,11018335287195,0,2051,,,TRISC-FW,ZONE_END,136,/home/ekaterina_kuzmina1/tenstorrent/.venv/lib/python3.10/site-packages/ttnn/tt_metal/hw/firmware/src/tt-1xx/trisc.cc,
3,8,7,TRISC_2,8413,11019124110600,0,4099,,,TRISC-FW,ZONE_START,136,/home/ekaterina_kuzmina1/tenstorrent/.venv/lib/python3.10/site-packages/ttnn/tt_metal/hw/firmware/src/tt-1xx/trisc.cc,
3,8,7,TRISC_2,360,11019124110927,0,4099,,,TRISC-KERNEL,ZONE_START,62,/home/ekaterina_kuzmina1/tenstorrent/.venv/lib/python3.10/site-packages/ttnn/tt_metal/hw/firmware/src/tt-1xx/trisck.cc,
3,8,7,TRISC_2,360,11019124277600,0,4099,,,TRISC-KERNEL,ZONE_END,62,/home/ekaterina_kuzmina1/tenstorrent/.venv/lib/python3.10/site-packages/ttnn/tt_metal/hw/firmware/src/tt-1xx/trisck.cc,
3,8,7,TRISC_2,8413,11019124277857,0,4099,,,TRISC-FW,ZONE_END,136,/home/ekaterina_kuzmina1/tenstorrent/.venv/lib/python3.10/site-packages/ttnn/tt_metal/hw/firmware/src/tt-1xx/trisc.cc,
3,8,8,BRISC,61457,11018334781806,0,2051,,,BRISC-FW,ZONE_START,412,/home/ekaterina_kuzmina1/tenstorrent/.venv/lib/python3.10/site-packages/ttnn/tt_metal/hw/firmware/src/tt-1xx/brisc.cc,
3,8,8,BRISC,63326,11018334782572,0,2051,,,BRISC-KERNEL,ZONE_START,64,/home/ekaterina_kuzmina1/tenstorrent/.venv/lib/python3.10/site-packages/ttnn/tt_metal/hw/firmware/src/tt-1xx/brisck.cc,
3,8,8,BRISC,63326,11018335297919,0,2051,,,BRISC-KERNEL,ZONE_END,64,/home/ekaterina_kuzmina1/tenstorrent/.venv/lib/python3.10/site-packages/ttnn/tt_metal/hw/firmware/src/tt-1xx/brisck.cc,
3,8,8,BRISC,61457,11018335298103,0,2051,,,BRISC-FW,ZONE_END,412,/home/ekaterina_kuzmina1/tenstorrent/.venv/lib/python3.10/site-packages/ttnn/tt_metal/hw/firmware/src/tt-1xx/brisc.cc,
3,8,8,BRISC,61457,11018391680722,0,3075,,,BRISC-FW,ZONE_START,412,/home/ekaterina_kuzmina1/tenstorrent/.venv/lib/python3.10/site-packages/ttnn/tt_metal/hw/firmware/src/tt-1xx/brisc.cc,
3,8,8,BRISC,63326,11018391681421,0,3075,,,BRISC-KERNEL,ZONE_START,64,/home/ekaterina_kuzmina1/tenstorrent/.venv/lib/python3.10/site-packages/ttnn/tt_metal/hw/firmware/src/tt-1xx/brisck.cc,
3,8,8,BRISC,63326,11018392291160,0,3075,,,BRISC-KERNEL,ZONE_END,64,/home/ekaterina_kuzmina1/tenstorrent/.venv/lib/python3.10/site-packages/ttnn/tt_metal/hw/firmware/src/tt-1xx/brisck.cc,
3,8,8,BRISC,61457,11018392291340,0,3075,,,BRISC-FW,ZONE_END,412,/home/ekaterina_kuzmina1/tenstorrent/.venv/lib/python3.10/site-packages/ttnn/tt_metal/hw/firmware/src/tt-1xx/brisc.cc,
3,8,8,BRISC,61457,11019124110338,0,4099,,,BRISC-FW,ZONE_START,412,/home/ekaterina_kuzmina1/tenstorrent/.venv/lib/python3.10/site-packages/ttnn/tt_metal/hw/firmware/src/tt-1xx/brisc.cc,
3,8,8,BRISC,63326,11019124111209,0,4099,,,BRISC-KERNEL,ZONE_START,64,/home/ekaterina_kuzmina1/tenstorrent/.venv/lib/python3.10/site-packages/ttnn/tt_metal/hw/firmware/src/tt-1xx/brisck.cc,
3,8,8,BRISC,63326,11019124279859,0,4099,,,BRISC-KERNEL,ZONE_END,64,/home/ekaterina_kuzmina1/tenstorrent/.venv/lib/python3.10/site-packages/ttnn/tt_metal/hw/firmware/src/tt-1xx/brisck.cc,
3,8,8,BRISC,61457,11019124280037,0,4099,,,BRISC-FW,ZONE_END,412,/home/ekaterina_kuzmina1/tenstorrent/.venv/lib/python3.10/site-packages/ttnn/tt_metal/hw/firmware/src/tt-1xx/brisc.cc,
3,8,8,NCRISC,12030,11018334781952,0,2051,,,NCRISC-FW,ZONE_START,123,/home/ekaterina_kuzmina1/tenstorrent/.venv/lib/python3.10/site-packages/ttnn/tt_metal/hw/firmware/src/tt-1xx/ncrisc.cc,
3,8,8,NCRISC,16513,11018334782549,0,2051,,,NCRISC-KERNEL,ZONE_START,63,/home/ekaterina_kuzmina1/tenstorrent/.venv/lib/python3.10/site-packages/ttnn/tt_metal/hw/firmware/src/tt-1xx/ncrisck.cc,
3,8,8,NCRISC,16513,11018335265016,0,2051,,,NCRISC-KERNEL,ZONE_END,63,/home/ekaterina_kuzmina1/tenstorrent/.venv/lib/python3.10/site-packages/ttnn/tt_metal/hw/firmware/src/tt-1xx/ncrisck.cc,
3,8,8,NCRISC,12030,11018335265133,0,2051,,,NCRISC-FW,ZONE_END,123,/home/ekaterina_kuzmina1/tenstorrent/.venv/lib/python3.10/site-packages/ttnn/tt_metal/hw/firmware/src/tt-1xx/ncrisc.cc,
3,8,8,NCRISC,12030,11018391680869,0,3075,,,NCRISC-FW,ZONE_START,123,/home/ekaterina_kuzmina1/tenstorrent/.venv/lib/python3.10/site-packages/ttnn/tt_metal/hw/firmware/src/tt-1xx/ncrisc.cc,
3,8,8,NCRISC,16513,11018391681393,0,3075,,,NCRISC-KERNEL,ZONE_START,63,/home/ekaterina_kuzmina1/tenstorrent/.venv/lib/python3.10/site-packages/ttnn/tt_metal/hw/firmware/src/tt-1xx/ncrisck.cc,
3,8,8,NCRISC,16513,11018392288581,0,3075,,,NCRISC-KERNEL,ZONE_END,63,/home/ekaterina_kuzmina1/tenstorrent/.venv/lib/python3.10/site-packages/ttnn/tt_metal/hw/firmware/src/tt-1xx/ncrisck.cc,
3,8,8,NCRISC,12030,11018392288695,0,3075,,,NCRISC-FW,ZONE_END,123,/home/ekaterina_kuzmina1/tenstorrent/.venv/lib/python3.10/site-packages/ttnn/tt_metal/hw/firmware/src/tt-1xx/ncrisc.cc,
3,8,8,NCRISC,12030,11019124110485,0,4099,,,NCRISC-FW,ZONE_START,123,/home/ekaterina_kuzmina1/tenstorrent/.venv/lib/python3.10/site-packages/ttnn/tt_metal/hw/firmware/src/tt-1xx/ncrisc.cc,
3,8,8,NCRISC,16513,11019124111192,0,4099,,,NCRISC-KERNEL,ZONE_START,63,/home/ekaterina_kuzmina1/tenstorrent/.venv/lib/python3.10/site-packages/ttnn/tt_metal/hw/firmware/src/tt-1xx/ncrisck.cc,
3,8,8,NCRISC,16513,11019124278630,0,4099,,,NCRISC-KERNEL,ZONE_END,63,/home/ekaterina_kuzmina1/tenstorrent/.venv/lib/python3.10/site-packages/ttnn/tt_metal/hw/firmware/src/tt-1xx/ncrisck.cc,
3,8,8,NCRISC,12030,11019124278754,0,4099,,,NCRISC-FW,ZONE_END,123,/home/ekaterina_kuzmina1/tenstorrent/.venv/lib/python3.10/site-packages/ttnn/tt_metal/hw/firmware/src/tt-1xx/ncrisc.cc,
3,8,8,TRISC_0,8413,11018334782040,0,2051,,,TRISC-FW,ZONE_START,136,/home/ekaterina_kuzmina1/tenstorrent/.venv/lib/python3.10/site-packages/ttnn/tt_metal/hw/firmware/src/tt-1xx/trisc.cc,
3,8,8,TRISC_0,360,11018334782477,0,2051,,,TRISC-KERNEL,ZONE_START,62,/home/ekaterina_kuzmina1/tenstorrent/.venv/lib/python3.10/site-packages/ttnn/tt_metal/hw/firmware/src/tt-1xx/trisck.cc,
3,8,8,TRISC_0,360,11018335286108,0,2051,,,TRISC-KERNEL,ZONE_END,62,/home/ekaterina_kuzmina1/tenstorrent/.venv/lib/python3.10/site-packages/ttnn/tt_metal/hw/firmware/src/tt-1xx/trisck.cc,
3,8,8,TRISC_0,8413,11018335286858,0,2051,,,TRISC-FW,ZONE_END,136,/home/ekaterina_kuzmina1/tenstorrent/.venv/lib/python3.10/site-packages/ttnn/tt_metal/hw/firmware/src/tt-1xx/trisc.cc,
3,8,8,TRISC_0,8413,11019124110592,0,4099,,,TRISC-FW,ZONE_START,136,/home/ekaterina_kuzmina1/tenstorrent/.venv/lib/python3.10/site-packages/ttnn/tt_metal/hw/firmware/src/tt-1xx/trisc.cc,
3,8,8,TRISC_0,360,11019124110928,0,4099,,,TRISC-KERNEL,ZONE_START,62,/home/ekaterina_kuzmina1/tenstorrent/.venv/lib/python3.10/site-packages/ttnn/tt_metal/hw/firmware/src/tt-1xx/trisck.cc,
3,8,8,TRISC_0,360,11019124278668,0,4099,,,TRISC-KERNEL,ZONE_END,62,/home/ekaterina_kuzmina1/tenstorrent/.venv/lib/python3.10/site-packages/ttnn/tt_metal/hw/firmware/src/tt-1xx/trisck.cc,
3,8,8,TRISC_0,8413,11019124278719,0,4099,,,TRISC-FW,ZONE_END,136,/home/ekaterina_kuzmina1/tenstorrent/.venv/lib/python3.10/site-packages/ttnn/tt_metal/hw/firmware/src/tt-1xx/trisc.cc,
3,8,8,TRISC_1,8413,11018334782054,0,2051,,,TRISC-FW,ZONE_START,136,/home/ekaterina_kuzmina1/tenstorrent/.venv/lib/python3.10/site-packages/ttnn/tt_metal/hw/firmware/src/tt-1xx/trisc.cc,
3,8,8,TRISC_1,360,11018334782479,0,2051,,,TRISC-KERNEL,ZONE_START,62,/home/ekaterina_kuzmina1/tenstorrent/.venv/lib/python3.10/site-packages/ttnn/tt_metal/hw/firmware/src/tt-1xx/trisck.cc,
3,8,8,TRISC_1,360,11018335286912,0,2051,,,TRISC-KERNEL,ZONE_END,62,/home/ekaterina_kuzmina1/tenstorrent/.venv/lib/python3.10/site-packages/ttnn/tt_metal/hw/firmware/src/tt-1xx/trisck.cc,
3,8,8,TRISC_1,8413,11018335286973,0,2051,,,TRISC-FW,ZONE_END,136,/home/ekaterina_kuzmina1/tenstorrent/.venv/lib/python3.10/site-packages/ttnn/tt_metal/hw/firmware/src/tt-1xx/trisc.cc,
3,8,8,TRISC_1,8413,11019124110581,0,4099,,,TRISC-FW,ZONE_START,136,/home/ekaterina_kuzmina1/tenstorrent/.venv/lib/python3.10/site-packages/ttnn/tt_metal/hw/firmware/src/tt-1xx/trisc.cc,
3,8,8,TRISC_1,360,11019124110761,0,4099,,,TRISC-KERNEL,ZONE_START,62,/home/ekaterina_kuzmina1/tenstorrent/.venv/lib/python3.10/site-packages/ttnn/tt_metal/hw/firmware/src/tt-1xx/trisck.cc,
3,8,8,TRISC_1,360,11019124277629,0,4099,,,TRISC-KERNEL,ZONE_END,62,/home/ekaterina_kuzmina1/tenstorrent/.venv/lib/python3.10/site-packages/ttnn/tt_metal/hw/firmware/src/tt-1xx/trisck.cc,
3,8,8,TRISC_1,8413,11019124278684,0,4099,,,TRISC-FW,ZONE_END,136,/home/ekaterina_kuzmina1/tenstorrent/.venv/lib/python3.10/site-packages/ttnn/tt_metal/hw/firmware/src/tt-1xx/trisc.cc,
3,8,8,TRISC_2,8413,11018334782059,0,2051,,,TRISC-FW,ZONE_START,136,/home/ekaterina_kuzmina1/tenstorrent/.venv/lib/python3.10/site-packages/ttnn/tt_metal/hw/firmware/src/tt-1xx/trisc.cc,
3,8,8,TRISC_2,360,11018334782480,0,2051,,,TRISC-KERNEL,ZONE_START,62,/home/ekaterina_kuzmina1/tenstorrent/.venv/lib/python3.10/site-packages/ttnn/tt_metal/hw/firmware/src/tt-1xx/trisck.cc,
3,8,8,TRISC_2,360,11018335287044,0,2051,,,TRISC-KERNEL,ZONE_END,62,/home/ekaterina_kuzmina1/tenstorrent/.venv/lib/python3.10/site-packages/ttnn/tt_metal/hw/firmware/src/tt-1xx/trisck.cc,
3,8,8,TRISC_2,8413,11018335287270,0,2051,,,TRISC-FW,ZONE_END,136,/home/ekaterina_kuzmina1/tenstorrent/.venv/lib/python3.10/site-packages/ttnn/tt_metal/hw/firmware/src/tt-1xx/trisc.cc,
3,8,8,TRISC_2,8413,11019124110594,0,4099,,,TRISC-FW,ZONE_START,136,/home/ekaterina_kuzmina1/tenstorrent/.venv/lib/python3.10/site-packages/ttnn/tt_metal/hw/firmware/src/tt-1xx/trisc.cc,
3,8,8,TRISC_2,360,11019124110919,0,4099,,,TRISC-KERNEL,ZONE_START,62,/home/ekaterina_kuzmina1/tenstorrent/.venv/lib/python3.10/site-packages/ttnn/tt_metal/hw/firmware/src/tt-1xx/trisck.cc,
3,8,8,TRISC_2,360,11019124278782,0,4099,,,TRISC-KERNEL,ZONE_END,62,/home/ekaterina_kuzmina1/tenstorrent/.venv/lib/python3.10/site-packages/ttnn/tt_metal/hw/firmware/src/tt-1xx/trisck.cc,
3,8,8,TRISC_2,8413,11019124278834,0,4099,,,TRISC-FW,ZONE_END,136,/home/ekaterina_kuzmina1/tenstorrent/.venv/lib/python3.10/site-packages/ttnn/tt_metal/hw/firmware/src/tt-1xx/trisc.cc,
3,9,1,BRISC,61457,11018334782245,0,2051,,,BRISC-FW,ZONE_START,412,/home/ekaterina_kuzmina1/tenstorrent/.venv/lib/python3.10/site-packages/ttnn/tt_metal/hw/firmware/src/tt-1xx/brisc.cc,
3,9,1,BRISC,63326,11018334783023,0,2051,,,BRISC-KERNEL,ZONE_START,64,/home/ekaterina_kuzmina1/tenstorrent/.venv/lib/python3.10/site-packages/ttnn/tt_metal/hw/firmware/src/tt-1xx/brisck.cc,
3,9,1,BRISC,63326,11018335365294,0,2051,,,BRISC-KERNEL,ZONE_END,64,/home/ekaterina_kuzmina1/tenstorrent/.venv/lib/python3.10/site-packages/ttnn/tt_metal/hw/firmware/src/tt-1xx/brisck.cc,
3,9,1,BRISC,61457,11018335365480,0,2051,,,BRISC-FW,ZONE_END,412,/home/ekaterina_kuzmina1/tenstorrent/.venv/lib/python3.10/site-packages/ttnn/tt_metal/hw/firmware/src/tt-1xx/brisc.cc,
3,9,1,BRISC,61457,11018391680697,0,3075,,,BRISC-FW,ZONE_START,412,/home/ekaterina_kuzmina1/tenstorrent/.venv/lib/python3.10/site-packages/ttnn/tt_metal/hw/firmware/src/tt-1xx/brisc.cc,
3,9,1,BRISC,63326,11018391681403,0,3075,,,BRISC-KERNEL,ZONE_START,64,/home/ekaterina_kuzmina1/tenstorrent/.venv/lib/python3.10/site-packages/ttnn/tt_metal/hw/firmware/src/tt-1xx/brisck.cc,
3,9,1,BRISC,63326,11018392288017,0,3075,,,BRISC-KERNEL,ZONE_END,64,/home/ekaterina_kuzmina1/tenstorrent/.venv/lib/python3.10/site-packages/ttnn/tt_metal/hw/firmware/src/tt-1xx/brisck.cc,
3,9,1,BRISC,61457,11018392288199,0,3075,,,BRISC-FW,ZONE_END,412,/home/ekaterina_kuzmina1/tenstorrent/.venv/lib/python3.10/site-packages/ttnn/tt_metal/hw/firmware/src/tt-1xx/brisc.cc,
3,9,1,BRISC,61457,11019124110300,0,4099,,,BRISC-FW,ZONE_START,412,/home/ekaterina_kuzmina1/tenstorrent/.venv/lib/python3.10/site-packages/ttnn/tt_metal/hw/firmware/src/tt-1xx/brisc.cc,
3,9,1,BRISC,63326,11019124111158,0,4099,,,BRISC-KERNEL,ZONE_START,64,/home/ekaterina_kuzmina1/tenstorrent/.venv/lib/python3.10/site-packages/ttnn/tt_metal/hw/firmware/src/tt-1xx/brisck.cc,
3,9,1,BRISC,63326,11019124272599,0,4099,,,BRISC-KERNEL,ZONE_END,64,/home/ekaterina_kuzmina1/tenstorrent/.venv/lib/python3.10/site-packages/ttnn/tt_metal/hw/firmware/src/tt-1xx/brisck.cc,
3,9,1,BRISC,61457,11019124272778,0,4099,,,BRISC-FW,ZONE_END,412,/home/ekaterina_kuzmina1/tenstorrent/.venv/lib/python3.10/site-packages/ttnn/tt_metal/hw/firmware/src/tt-1xx/brisc.cc,
3,9,1,NCRISC,12030,11018334782397,0,2051,,,NCRISC-FW,ZONE_START,123,/home/ekaterina_kuzmina1/tenstorrent/.venv/lib/python3.10/site-packages/ttnn/tt_metal/hw/firmware/src/tt-1xx/ncrisc.cc,
3,9,1,NCRISC,16513,11018334783003,0,2051,,,NCRISC-KERNEL,ZONE_START,63,/home/ekaterina_kuzmina1/tenstorrent/.venv/lib/python3.10/site-packages/ttnn/tt_metal/hw/firmware/src/tt-1xx/ncrisck.cc,
3,9,1,NCRISC,16513,11018335210652,0,2051,,,NCRISC-KERNEL,ZONE_END,63,/home/ekaterina_kuzmina1/tenstorrent/.venv/lib/python3.10/site-packages/ttnn/tt_metal/hw/firmware/src/tt-1xx/ncrisck.cc,
3,9,1,NCRISC,12030,11018335210768,0,2051,,,NCRISC-FW,ZONE_END,123,/home/ekaterina_kuzmina1/tenstorrent/.venv/lib/python3.10/site-packages/ttnn/tt_metal/hw/firmware/src/tt-1xx/ncrisc.cc,
3,9,1,NCRISC,12030,11018391680845,0,3075,,,NCRISC-FW,ZONE_START,123,/home/ekaterina_kuzmina1/tenstorrent/.venv/lib/python3.10/site-packages/ttnn/tt_metal/hw/firmware/src/tt-1xx/ncrisc.cc,
3,9,1,NCRISC,16513,11018391681376,0,3075,,,NCRISC-KERNEL,ZONE_START,63,/home/ekaterina_kuzmina1/tenstorrent/.venv/lib/python3.10/site-packages/ttnn/tt_metal/hw/firmware/src/tt-1xx/ncrisck.cc,
3,9,1,NCRISC,16513,11018392285604,0,3075,,,NCRISC-KERNEL,ZONE_END,63,/home/ekaterina_kuzmina1/tenstorrent/.venv/lib/python3.10/site-packages/ttnn/tt_metal/hw/firmware/src/tt-1xx/ncrisck.cc,
3,9,1,NCRISC,12030,11018392285718,0,3075,,,NCRISC-FW,ZONE_END,123,/home/ekaterina_kuzmina1/tenstorrent/.venv/lib/python3.10/site-packages/ttnn/tt_metal/hw/firmware/src/tt-1xx/ncrisc.cc,
3,9,1,NCRISC,12030,11019124110450,0,4099,,,NCRISC-FW,ZONE_START,123,/home/ekaterina_kuzmina1/tenstorrent/.venv/lib/python3.10/site-packages/ttnn/tt_metal/hw/firmware/src/tt-1xx/ncrisc.cc,
3,9,1,NCRISC,16513,11019124111141,0,4099,,,NCRISC-KERNEL,ZONE_START,63,/home/ekaterina_kuzmina1/tenstorrent/.venv/lib/python3.10/site-packages/ttnn/tt_metal/hw/firmware/src/tt-1xx/ncrisck.cc,
3,9,1,NCRISC,16513,11019124271594,0,4099,,,NCRISC-KERNEL,ZONE_END,63,/home/ekaterina_kuzmina1/tenstorrent/.venv/lib/python3.10/site-packages/ttnn/tt_metal/hw/firmware/src/tt-1xx/ncrisck.cc,
3,9,1,NCRISC,12030,11019124271729,0,4099,,,NCRISC-FW,ZONE_END,123,/home/ekaterina_kuzmina1/tenstorrent/.venv/lib/python3.10/site-packages/ttnn/tt_metal/hw/firmware/src/tt-1xx/ncrisc.cc,
3,9,1,TRISC_0,8413,11018334782490,0,2051,,,TRISC-FW,ZONE_START,136,/home/ekaterina_kuzmina1/tenstorrent/.venv/lib/python3.10/site-packages/ttnn/tt_metal/hw/firmware/src/tt-1xx/trisc.cc,
3,9,1,TRISC_0,360,11018334782883,0,2051,,,TRISC-KERNEL,ZONE_START,62,/home/ekaterina_kuzmina1/tenstorrent/.venv/lib/python3.10/site-packages/ttnn/tt_metal/hw/firmware/src/tt-1xx/trisck.cc,
3,9,1,TRISC_0,360,11018335285941,0,2051,,,TRISC-KERNEL,ZONE_END,62,/home/ekaterina_kuzmina1/tenstorrent/.venv/lib/python3.10/site-packages/ttnn/tt_metal/hw/firmware/src/tt-1xx/trisck.cc,
3,9,1,TRISC_0,8413,11018335286672,0,2051,,,TRISC-FW,ZONE_END,136,/home/ekaterina_kuzmina1/tenstorrent/.venv/lib/python3.10/site-packages/ttnn/tt_metal/hw/firmware/src/tt-1xx/trisc.cc,
3,9,1,TRISC_0,8413,11019124110547,0,4099,,,TRISC-FW,ZONE_START,136,/home/ekaterina_kuzmina1/tenstorrent/.venv/lib/python3.10/site-packages/ttnn/tt_metal/hw/firmware/src/tt-1xx/trisc.cc,
3,9,1,TRISC_0,360,11019124110886,0,4099,,,TRISC-KERNEL,ZONE_START,62,/home/ekaterina_kuzmina1/tenstorrent/.venv/lib/python3.10/site-packages/ttnn/tt_metal/hw/firmware/src/tt-1xx/trisck.cc,
3,9,1,TRISC_0,360,11019124271622,0,4099,,,TRISC-KERNEL,ZONE_END,62,/home/ekaterina_kuzmina1/tenstorrent/.venv/lib/python3.10/site-packages/ttnn/tt_metal/hw/firmware/src/tt-1xx/trisck.cc,
3,9,1,TRISC_0,8413,11019124271668,0,4099,,,TRISC-FW,ZONE_END,136,/home/ekaterina_kuzmina1/tenstorrent/.venv/lib/python3.10/site-packages/ttnn/tt_metal/hw/firmware/src/tt-1xx/trisc.cc,
3,9,1,TRISC_1,8413,11018334782482,0,2051,,,TRISC-FW,ZONE_START,136,/home/ekaterina_kuzmina1/tenstorrent/.venv/lib/python3.10/site-packages/ttnn/tt_metal/hw/firmware/src/tt-1xx/trisc.cc,
3,9,1,TRISC_1,360,11018334782687,0,2051,,,TRISC-KERNEL,ZONE_START,62,/home/ekaterina_kuzmina1/tenstorrent/.venv/lib/python3.10/site-packages/ttnn/tt_metal/hw/firmware/src/tt-1xx/trisck.cc,
3,9,1,TRISC_1,360,11018335286726,0,2051,,,TRISC-KERNEL,ZONE_END,62,/home/ekaterina_kuzmina1/tenstorrent/.venv/lib/python3.10/site-packages/ttnn/tt_metal/hw/firmware/src/tt-1xx/trisck.cc,
3,9,1,TRISC_1,8413,11018335286787,0,2051,,,TRISC-FW,ZONE_END,136,/home/ekaterina_kuzmina1/tenstorrent/.venv/lib/python3.10/site-packages/ttnn/tt_metal/hw/firmware/src/tt-1xx/trisc.cc,
3,9,1,TRISC_1,8413,11019124110540,0,4099,,,TRISC-FW,ZONE_START,136,/home/ekaterina_kuzmina1/tenstorrent/.venv/lib/python3.10/site-packages/ttnn/tt_metal/hw/firmware/src/tt-1xx/trisc.cc,
3,9,1,TRISC_1,360,11019124110748,0,4099,,,TRISC-KERNEL,ZONE_START,62,/home/ekaterina_kuzmina1/tenstorrent/.venv/lib/python3.10/site-packages/ttnn/tt_metal/hw/firmware/src/tt-1xx/trisck.cc,
3,9,1,TRISC_1,360,11019124270146,0,4099,,,TRISC-KERNEL,ZONE_END,62,/home/ekaterina_kuzmina1/tenstorrent/.venv/lib/python3.10/site-packages/ttnn/tt_metal/hw/firmware/src/tt-1xx/trisck.cc,
3,9,1,TRISC_1,8413,11019124271648,0,4099,,,TRISC-FW,ZONE_END,136,/home/ekaterina_kuzmina1/tenstorrent/.venv/lib/python3.10/site-packages/ttnn/tt_metal/hw/firmware/src/tt-1xx/trisc.cc,
3,9,1,TRISC_2,8413,11018334782495,0,2051,,,TRISC-FW,ZONE_START,136,/home/ekaterina_kuzmina1/tenstorrent/.venv/lib/python3.10/site-packages/ttnn/tt_metal/hw/firmware/src/tt-1xx/trisc.cc,
3,9,1,TRISC_2,360,11018334782884,0,2051,,,TRISC-KERNEL,ZONE_START,62,/home/ekaterina_kuzmina1/tenstorrent/.venv/lib/python3.10/site-packages/ttnn/tt_metal/hw/firmware/src/tt-1xx/trisck.cc,
3,9,1,TRISC_2,360,11018335286840,0,2051,,,TRISC-KERNEL,ZONE_END,62,/home/ekaterina_kuzmina1/tenstorrent/.venv/lib/python3.10/site-packages/ttnn/tt_metal/hw/firmware/src/tt-1xx/trisck.cc,
3,9,1,TRISC_2,8413,11018335287064,0,2051,,,TRISC-FW,ZONE_END,136,/home/ekaterina_kuzmina1/tenstorrent/.venv/lib/python3.10/site-packages/ttnn/tt_metal/hw/firmware/src/tt-1xx/trisc.cc,
3,9,1,TRISC_2,8413,11019124110553,0,4099,,,TRISC-FW,ZONE_START,136,/home/ekaterina_kuzmina1/tenstorrent/.venv/lib/python3.10/site-packages/ttnn/tt_metal/hw/firmware/src/tt-1xx/trisc.cc,
3,9,1,TRISC_2,360,11019124110879,0,4099,,,TRISC-KERNEL,ZONE_START,62,/home/ekaterina_kuzmina1/tenstorrent/.venv/lib/python3.10/site-packages/ttnn/tt_metal/hw/firmware/src/tt-1xx/trisck.cc,
3,9,1,TRISC_2,360,11019124271385,0,4099,,,TRISC-KERNEL,ZONE_END,62,/home/ekaterina_kuzmina1/tenstorrent/.venv/lib/python3.10/site-packages/ttnn/tt_metal/hw/firmware/src/tt-1xx/trisck.cc,
3,9,1,TRISC_2,8413,11019124271759,0,4099,,,TRISC-FW,ZONE_END,136,/home/ekaterina_kuzmina1/tenstorrent/.venv/lib/python3.10/site-packages/ttnn/tt_metal/hw/firmware/src/tt-1xx/trisc.cc,
3,9,2,BRISC,61457,11018334781791,0,2051,,,BRISC-FW,ZONE_START,412,/home/ekaterina_kuzmina1/tenstorrent/.venv/lib/python3.10/site-packages/ttnn/tt_metal/hw/firmware/src/tt-1xx/brisc.cc,
3,9,2,BRISC,63326,11018334782567,0,2051,,,BRISC-KERNEL,ZONE_START,64,/home/ekaterina_kuzmina1/tenstorrent/.venv/lib/python3.10/site-packages/ttnn/tt_metal/hw/firmware/src/tt-1xx/brisck.cc,
3,9,2,BRISC,63326,11018335362513,0,2051,,,BRISC-KERNEL,ZONE_END,64,/home/ekaterina_kuzmina1/tenstorrent/.venv/lib/python3.10/site-packages/ttnn/tt_metal/hw/firmware/src/tt-1xx/brisck.cc,
3,9,2,BRISC,61457,11018335362698,0,2051,,,BRISC-FW,ZONE_END,412,/home/ekaterina_kuzmina1/tenstorrent/.venv/lib/python3.10/site-packages/ttnn/tt_metal/hw/firmware/src/tt-1xx/brisc.cc,
3,9,2,BRISC,61457,11018391680699,0,3075,,,BRISC-FW,ZONE_START,412,/home/ekaterina_kuzmina1/tenstorrent/.venv/lib/python3.10/site-packages/ttnn/tt_metal/hw/firmware/src/tt-1xx/brisc.cc,
3,9,2,BRISC,63326,11018391681398,0,3075,,,BRISC-KERNEL,ZONE_START,64,/home/ekaterina_kuzmina1/tenstorrent/.venv/lib/python3.10/site-packages/ttnn/tt_metal/hw/firmware/src/tt-1xx/brisck.cc,
3,9,2,BRISC,63326,11018392293612,0,3075,,,BRISC-KERNEL,ZONE_END,64,/home/ekaterina_kuzmina1/tenstorrent/.venv/lib/python3.10/site-packages/ttnn/tt_metal/hw/firmware/src/tt-1xx/brisck.cc,
3,9,2,BRISC,61457,11018392293789,0,3075,,,BRISC-FW,ZONE_END,412,/home/ekaterina_kuzmina1/tenstorrent/.venv/lib/python3.10/site-packages/ttnn/tt_metal/hw/firmware/src/tt-1xx/brisc.cc,
3,9,2,BRISC,61457,11019124110317,0,4099,,,BRISC-FW,ZONE_START,412,/home/ekaterina_kuzmina1/tenstorrent/.venv/lib/python3.10/site-packages/ttnn/tt_metal/hw/firmware/src/tt-1xx/brisc.cc,
3,9,2,BRISC,63326,11019124111177,0,4099,,,BRISC-KERNEL,ZONE_START,64,/home/ekaterina_kuzmina1/tenstorrent/.venv/lib/python3.10/site-packages/ttnn/tt_metal/hw/firmware/src/tt-1xx/brisck.cc,
3,9,2,BRISC,63326,11019124274191,0,4099,,,BRISC-KERNEL,ZONE_END,64,/home/ekaterina_kuzmina1/tenstorrent/.venv/lib/python3.10/site-packages/ttnn/tt_metal/hw/firmware/src/tt-1xx/brisck.cc,
3,9,2,BRISC,61457,11019124274372,0,4099,,,BRISC-FW,ZONE_END,412,/home/ekaterina_kuzmina1/tenstorrent/.venv/lib/python3.10/site-packages/ttnn/tt_metal/hw/firmware/src/tt-1xx/brisc.cc,
3,9,2,NCRISC,12030,11018334781941,0,2051,,,NCRISC-FW,ZONE_START,123,/home/ekaterina_kuzmina1/tenstorrent/.venv/lib/python3.10/site-packages/ttnn/tt_metal/hw/firmware/src/tt-1xx/ncrisc.cc,
3,9,2,NCRISC,16513,11018334782547,0,2051,,,NCRISC-KERNEL,ZONE_START,63,/home/ekaterina_kuzmina1/tenstorrent/.venv/lib/python3.10/site-packages/ttnn/tt_metal/hw/firmware/src/tt-1xx/ncrisck.cc,
3,9,2,NCRISC,16513,11018335219347,0,2051,,,NCRISC-KERNEL,ZONE_END,63,/home/ekaterina_kuzmina1/tenstorrent/.venv/lib/python3.10/site-packages/ttnn/tt_metal/hw/firmware/src/tt-1xx/ncrisck.cc,
3,9,2,NCRISC,12030,11018335219463,0,2051,,,NCRISC-FW,ZONE_END,123,/home/ekaterina_kuzmina1/tenstorrent/.venv/lib/python3.10/site-packages/ttnn/tt_metal/hw/firmware/src/tt-1xx/ncrisc.cc,
3,9,2,NCRISC,12030,11018391680846,0,3075,,,NCRISC-FW,ZONE_START,123,/home/ekaterina_kuzmina1/tenstorrent/.venv/lib/python3.10/site-packages/ttnn/tt_metal/hw/firmware/src/tt-1xx/ncrisc.cc,
3,9,2,NCRISC,16513,11018391681370,0,3075,,,NCRISC-KERNEL,ZONE_START,63,/home/ekaterina_kuzmina1/tenstorrent/.venv/lib/python3.10/site-packages/ttnn/tt_metal/hw/firmware/src/tt-1xx/ncrisck.cc,
3,9,2,NCRISC,16513,11018392291191,0,3075,,,NCRISC-KERNEL,ZONE_END,63,/home/ekaterina_kuzmina1/tenstorrent/.venv/lib/python3.10/site-packages/ttnn/tt_metal/hw/firmware/src/tt-1xx/ncrisck.cc,
3,9,2,NCRISC,12030,11018392291313,0,3075,,,NCRISC-FW,ZONE_END,123,/home/ekaterina_kuzmina1/tenstorrent/.venv/lib/python3.10/site-packages/ttnn/tt_metal/hw/firmware/src/tt-1xx/ncrisc.cc,
3,9,2,NCRISC,12030,11019124110461,0,4099,,,NCRISC-FW,ZONE_START,123,/home/ekaterina_kuzmina1/tenstorrent/.venv/lib/python3.10/site-packages/ttnn/tt_metal/hw/firmware/src/tt-1xx/ncrisc.cc,
3,9,2,NCRISC,16513,11019124111160,0,4099,,,NCRISC-KERNEL,ZONE_START,63,/home/ekaterina_kuzmina1/tenstorrent/.venv/lib/python3.10/site-packages/ttnn/tt_metal/hw/firmware/src/tt-1xx/ncrisck.cc,
3,9,2,NCRISC,16513,11019124273142,0,4099,,,NCRISC-KERNEL,ZONE_END,63,/home/ekaterina_kuzmina1/tenstorrent/.venv/lib/python3.10/site-packages/ttnn/tt_metal/hw/firmware/src/tt-1xx/ncrisck.cc,
3,9,2,NCRISC,12030,11019124273265,0,4099,,,NCRISC-FW,ZONE_END,123,/home/ekaterina_kuzmina1/tenstorrent/.venv/lib/python3.10/site-packages/ttnn/tt_metal/hw/firmware/src/tt-1xx/ncrisc.cc,
3,9,2,TRISC_0,8413,11018334782045,0,2051,,,TRISC-FW,ZONE_START,136,/home/ekaterina_kuzmina1/tenstorrent/.venv/lib/python3.10/site-packages/ttnn/tt_metal/hw/firmware/src/tt-1xx/trisc.cc,
3,9,2,TRISC_0,360,11018334782527,0,2051,,,TRISC-KERNEL,ZONE_START,62,/home/ekaterina_kuzmina1/tenstorrent/.venv/lib/python3.10/site-packages/ttnn/tt_metal/hw/firmware/src/tt-1xx/trisck.cc,
3,9,2,TRISC_0,360,11018335285979,0,2051,,,TRISC-KERNEL,ZONE_END,62,/home/ekaterina_kuzmina1/tenstorrent/.venv/lib/python3.10/site-packages/ttnn/tt_metal/hw/firmware/src/tt-1xx/trisck.cc,
3,9,2,TRISC_0,8413,11018335286722,0,2051,,,TRISC-FW,ZONE_END,136,/home/ekaterina_kuzmina1/tenstorrent/.venv/lib/python3.10/site-packages/ttnn/tt_metal/hw/firmware/src/tt-1xx/trisc.cc,
3,9,2,TRISC_0,8413,11019124110568,0,4099,,,TRISC-FW,ZONE_START,136,/home/ekaterina_kuzmina1/tenstorrent/.venv/lib/python3.10/site-packages/ttnn/tt_metal/hw/firmware/src/tt-1xx/trisc.cc,
3,9,2,TRISC_0,360,11019124110903,0,4099,,,TRISC-KERNEL,ZONE_START,62,/home/ekaterina_kuzmina1/tenstorrent/.venv/lib/python3.10/site-packages/ttnn/tt_metal/hw/firmware/src/tt-1xx/trisck.cc,
3,9,2,TRISC_0,360,11019124273173,0,4099,,,TRISC-KERNEL,ZONE_END,62,/home/ekaterina_kuzmina1/tenstorrent/.venv/lib/python3.10/site-packages/ttnn/tt_metal/hw/firmware/src/tt-1xx/trisck.cc,
3,9,2,TRISC_0,8413,11019124273216,0,4099,,,TRISC-FW,ZONE_END,136,/home/ekaterina_kuzmina1/tenstorrent/.venv/lib/python3.10/site-packages/ttnn/tt_metal/hw/firmware/src/tt-1xx/trisc.cc,
3,9,2,TRISC_1,8413,11018334782036,0,2051,,,TRISC-FW,ZONE_START,136,/home/ekaterina_kuzmina1/tenstorrent/.venv/lib/python3.10/site-packages/ttnn/tt_metal/hw/firmware/src/tt-1xx/trisc.cc,
3,9,2,TRISC_1,360,11018334782526,0,2051,,,TRISC-KERNEL,ZONE_START,62,/home/ekaterina_kuzmina1/tenstorrent/.venv/lib/python3.10/site-packages/ttnn/tt_metal/hw/firmware/src/tt-1xx/trisck.cc,
3,9,2,TRISC_1,360,11018335286776,0,2051,,,TRISC-KERNEL,ZONE_END,62,/home/ekaterina_kuzmina1/tenstorrent/.venv/lib/python3.10/site-packages/ttnn/tt_metal/hw/firmware/src/tt-1xx/trisck.cc,
3,9,2,TRISC_1,8413,11018335286833,0,2051,,,TRISC-FW,ZONE_END,136,/home/ekaterina_kuzmina1/tenstorrent/.venv/lib/python3.10/site-packages/ttnn/tt_metal/hw/firmware/src/tt-1xx/trisc.cc,
3,9,2,TRISC_1,8413,11019124110566,0,4099,,,TRISC-FW,ZONE_START,136,/home/ekaterina_kuzmina1/tenstorrent/.venv/lib/python3.10/site-packages/ttnn/tt_metal/hw/firmware/src/tt-1xx/trisc.cc,
3,9,2,TRISC_1,360,11019124110754,0,4099,,,TRISC-KERNEL,ZONE_START,62,/home/ekaterina_kuzmina1/tenstorrent/.venv/lib/python3.10/site-packages/ttnn/tt_metal/hw/firmware/src/tt-1xx/trisck.cc,
3,9,2,TRISC_1,360,11019124271717,0,4099,,,TRISC-KERNEL,ZONE_END,62,/home/ekaterina_kuzmina1/tenstorrent/.venv/lib/python3.10/site-packages/ttnn/tt_metal/hw/firmware/src/tt-1xx/trisck.cc,
3,9,2,TRISC_1,8413,11019124273205,0,4099,,,TRISC-FW,ZONE_END,136,/home/ekaterina_kuzmina1/tenstorrent/.venv/lib/python3.10/site-packages/ttnn/tt_metal/hw/firmware/src/tt-1xx/trisc.cc,
3,9,2,TRISC_2,8413,11018334782042,0,2051,,,TRISC-FW,ZONE_START,136,/home/ekaterina_kuzmina1/tenstorrent/.venv/lib/python3.10/site-packages/ttnn/tt_metal/hw/firmware/src/tt-1xx/trisc.cc,
3,9,2,TRISC_2,360,11018334782523,0,2051,,,TRISC-KERNEL,ZONE_START,62,/home/ekaterina_kuzmina1/tenstorrent/.venv/lib/python3.10/site-packages/ttnn/tt_metal/hw/firmware/src/tt-1xx/trisck.cc,
3,9,2,TRISC_2,360,11018335286893,0,2051,,,TRISC-KERNEL,ZONE_END,62,/home/ekaterina_kuzmina1/tenstorrent/.venv/lib/python3.10/site-packages/ttnn/tt_metal/hw/firmware/src/tt-1xx/trisck.cc,
3,9,2,TRISC_2,8413,11018335287120,0,2051,,,TRISC-FW,ZONE_END,136,/home/ekaterina_kuzmina1/tenstorrent/.venv/lib/python3.10/site-packages/ttnn/tt_metal/hw/firmware/src/tt-1xx/trisc.cc,
3,9,2,TRISC_2,8413,11019124110575,0,4099,,,TRISC-FW,ZONE_START,136,/home/ekaterina_kuzmina1/tenstorrent/.venv/lib/python3.10/site-packages/ttnn/tt_metal/hw/firmware/src/tt-1xx/trisc.cc,
3,9,2,TRISC_2,360,11019124110908,0,4099,,,TRISC-KERNEL,ZONE_START,62,/home/ekaterina_kuzmina1/tenstorrent/.venv/lib/python3.10/site-packages/ttnn/tt_metal/hw/firmware/src/tt-1xx/trisck.cc,
3,9,2,TRISC_2,360,11019124272718,0,4099,,,TRISC-KERNEL,ZONE_END,62,/home/ekaterina_kuzmina1/tenstorrent/.venv/lib/python3.10/site-packages/ttnn/tt_metal/hw/firmware/src/tt-1xx/trisck.cc,
3,9,2,TRISC_2,8413,11019124273327,0,4099,,,TRISC-FW,ZONE_END,136,/home/ekaterina_kuzmina1/tenstorrent/.venv/lib/python3.10/site-packages/ttnn/tt_metal/hw/firmware/src/tt-1xx/trisc.cc,
3,9,3,BRISC,61457,11018334781817,0,2051,,,BRISC-FW,ZONE_START,412,/home/ekaterina_kuzmina1/tenstorrent/.venv/lib/python3.10/site-packages/ttnn/tt_metal/hw/firmware/src/tt-1xx/brisc.cc,
3,9,3,BRISC,63326,11018334782621,0,2051,,,BRISC-KERNEL,ZONE_START,64,/home/ekaterina_kuzmina1/tenstorrent/.venv/lib/python3.10/site-packages/ttnn/tt_metal/hw/firmware/src/tt-1xx/brisck.cc,
3,9,3,BRISC,63326,11018335346552,0,2051,,,BRISC-KERNEL,ZONE_END,64,/home/ekaterina_kuzmina1/tenstorrent/.venv/lib/python3.10/site-packages/ttnn/tt_metal/hw/firmware/src/tt-1xx/brisck.cc,
3,9,3,BRISC,61457,11018335346736,0,2051,,,BRISC-FW,ZONE_END,412,/home/ekaterina_kuzmina1/tenstorrent/.venv/lib/python3.10/site-packages/ttnn/tt_metal/hw/firmware/src/tt-1xx/brisc.cc,
3,9,3,BRISC,61457,11018391680705,0,3075,,,BRISC-FW,ZONE_START,412,/home/ekaterina_kuzmina1/tenstorrent/.venv/lib/python3.10/site-packages/ttnn/tt_metal/hw/firmware/src/tt-1xx/brisc.cc,
3,9,3,BRISC,63326,11018391681404,0,3075,,,BRISC-KERNEL,ZONE_START,64,/home/ekaterina_kuzmina1/tenstorrent/.venv/lib/python3.10/site-packages/ttnn/tt_metal/hw/firmware/src/tt-1xx/brisck.cc,
3,9,3,BRISC,63326,11018392294326,0,3075,,,BRISC-KERNEL,ZONE_END,64,/home/ekaterina_kuzmina1/tenstorrent/.venv/lib/python3.10/site-packages/ttnn/tt_metal/hw/firmware/src/tt-1xx/brisck.cc,
3,9,3,BRISC,61457,11018392294505,0,3075,,,BRISC-FW,ZONE_END,412,/home/ekaterina_kuzmina1/tenstorrent/.venv/lib/python3.10/site-packages/ttnn/tt_metal/hw/firmware/src/tt-1xx/brisc.cc,
3,9,3,BRISC,61457,11019124110307,0,4099,,,BRISC-FW,ZONE_START,412,/home/ekaterina_kuzmina1/tenstorrent/.venv/lib/python3.10/site-packages/ttnn/tt_metal/hw/firmware/src/tt-1xx/brisc.cc,
3,9,3,BRISC,63326,11019124111167,0,4099,,,BRISC-KERNEL,ZONE_START,64,/home/ekaterina_kuzmina1/tenstorrent/.venv/lib/python3.10/site-packages/ttnn/tt_metal/hw/firmware/src/tt-1xx/brisck.cc,
3,9,3,BRISC,63326,11019124270205,0,4099,,,BRISC-KERNEL,ZONE_END,64,/home/ekaterina_kuzmina1/tenstorrent/.venv/lib/python3.10/site-packages/ttnn/tt_metal/hw/firmware/src/tt-1xx/brisck.cc,
3,9,3,BRISC,61457,11019124270384,0,4099,,,BRISC-FW,ZONE_END,412,/home/ekaterina_kuzmina1/tenstorrent/.venv/lib/python3.10/site-packages/ttnn/tt_metal/hw/firmware/src/tt-1xx/brisc.cc,
3,9,3,NCRISC,12030,11018334781975,0,2051,,,NCRISC-FW,ZONE_START,123,/home/ekaterina_kuzmina1/tenstorrent/.venv/lib/python3.10/site-packages/ttnn/tt_metal/hw/firmware/src/tt-1xx/ncrisc.cc,
3,9,3,NCRISC,16513,11018334782599,0,2051,,,NCRISC-KERNEL,ZONE_START,63,/home/ekaterina_kuzmina1/tenstorrent/.venv/lib/python3.10/site-packages/ttnn/tt_metal/hw/firmware/src/tt-1xx/ncrisck.cc,
3,9,3,NCRISC,16513,11018335224707,0,2051,,,NCRISC-KERNEL,ZONE_END,63,/home/ekaterina_kuzmina1/tenstorrent/.venv/lib/python3.10/site-packages/ttnn/tt_metal/hw/firmware/src/tt-1xx/ncrisck.cc,
3,9,3,NCRISC,12030,11018335224824,0,2051,,,NCRISC-FW,ZONE_END,123,/home/ekaterina_kuzmina1/tenstorrent/.venv/lib/python3.10/site-packages/ttnn/tt_metal/hw/firmware/src/tt-1xx/ncrisc.cc,
3,9,3,NCRISC,12030,11018391680852,0,3075,,,NCRISC-FW,ZONE_START,123,/home/ekaterina_kuzmina1/tenstorrent/.venv/lib/python3.10/site-packages/ttnn/tt_metal/hw/firmware/src/tt-1xx/ncrisc.cc,
3,9,3,NCRISC,16513,11018391681376,0,3075,,,NCRISC-KERNEL,ZONE_START,63,/home/ekaterina_kuzmina1/tenstorrent/.venv/lib/python3.10/site-packages/ttnn/tt_metal/hw/firmware/src/tt-1xx/ncrisck.cc,
3,9,3,NCRISC,16513,11018392291897,0,3075,,,NCRISC-KERNEL,ZONE_END,63,/home/ekaterina_kuzmina1/tenstorrent/.venv/lib/python3.10/site-packages/ttnn/tt_metal/hw/firmware/src/tt-1xx/ncrisck.cc,
3,9,3,NCRISC,12030,11018392292011,0,3075,,,NCRISC-FW,ZONE_END,123,/home/ekaterina_kuzmina1/tenstorrent/.venv/lib/python3.10/site-packages/ttnn/tt_metal/hw/firmware/src/tt-1xx/ncrisc.cc,
3,9,3,NCRISC,12030,11019124110457,0,4099,,,NCRISC-FW,ZONE_START,123,/home/ekaterina_kuzmina1/tenstorrent/.venv/lib/python3.10/site-packages/ttnn/tt_metal/hw/firmware/src/tt-1xx/ncrisc.cc,
3,9,3,NCRISC,16513,11019124111148,0,4099,,,NCRISC-KERNEL,ZONE_START,63,/home/ekaterina_kuzmina1/tenstorrent/.venv/lib/python3.10/site-packages/ttnn/tt_metal/hw/firmware/src/tt-1xx/ncrisck.cc,
3,9,3,NCRISC,16513,11019124269294,0,4099,,,NCRISC-KERNEL,ZONE_END,63,/home/ekaterina_kuzmina1/tenstorrent/.venv/lib/python3.10/site-packages/ttnn/tt_metal/hw/firmware/src/tt-1xx/ncrisck.cc,
3,9,3,NCRISC,12030,11019124269420,0,4099,,,NCRISC-FW,ZONE_END,123,/home/ekaterina_kuzmina1/tenstorrent/.venv/lib/python3.10/site-packages/ttnn/tt_metal/hw/firmware/src/tt-1xx/ncrisc.cc,
3,9,3,TRISC_0,8413,11018334782074,0,2051,,,TRISC-FW,ZONE_START,136,/home/ekaterina_kuzmina1/tenstorrent/.venv/lib/python3.10/site-packages/ttnn/tt_metal/hw/firmware/src/tt-1xx/trisc.cc,
3,9,3,TRISC_0,360,11018334782515,0,2051,,,TRISC-KERNEL,ZONE_START,62,/home/ekaterina_kuzmina1/tenstorrent/.venv/lib/python3.10/site-packages/ttnn/tt_metal/hw/firmware/src/tt-1xx/trisck.cc,
3,9,3,TRISC_0,360,11018335285996,0,2051,,,TRISC-KERNEL,ZONE_END,62,/home/ekaterina_kuzmina1/tenstorrent/.venv/lib/python3.10/site-packages/ttnn/tt_metal/hw/firmware/src/tt-1xx/trisck.cc,
3,9,3,TRISC_0,8413,11018335286739,0,2051,,,TRISC-FW,ZONE_END,136,/home/ekaterina_kuzmina1/tenstorrent/.venv/lib/python3.10/site-packages/ttnn/tt_metal/hw/firmware/src/tt-1xx/trisc.cc,
3,9,3,TRISC_0,8413,11019124110554,0,4099,,,TRISC-FW,ZONE_START,136,/home/ekaterina_kuzmina1/tenstorrent/.venv/lib/python3.10/site-packages/ttnn/tt_metal/hw/firmware/src/tt-1xx/trisc.cc,
3,9,3,TRISC_0,360,11019124110892,0,4099,,,TRISC-KERNEL,ZONE_START,62,/home/ekaterina_kuzmina1/tenstorrent/.venv/lib/python3.10/site-packages/ttnn/tt_metal/hw/firmware/src/tt-1xx/trisck.cc,
3,9,3,TRISC_0,360,11019124269332,0,4099,,,TRISC-KERNEL,ZONE_END,62,/home/ekaterina_kuzmina1/tenstorrent/.venv/lib/python3.10/site-packages/ttnn/tt_metal/hw/firmware/src/tt-1xx/trisck.cc,
3,9,3,TRISC_0,8413,11019124269383,0,4099,,,TRISC-FW,ZONE_END,136,/home/ekaterina_kuzmina1/tenstorrent/.venv/lib/python3.10/site-packages/ttnn/tt_metal/hw/firmware/src/tt-1xx/trisc.cc,
3,9,3,TRISC_1,8413,11018334782061,0,2051,,,TRISC-FW,ZONE_START,136,/home/ekaterina_kuzmina1/tenstorrent/.venv/lib/python3.10/site-packages/ttnn/tt_metal/hw/firmware/src/tt-1xx/trisc.cc,
3,9,3,TRISC_1,360,11018334782514,0,2051,,,TRISC-KERNEL,ZONE_START,62,/home/ekaterina_kuzmina1/tenstorrent/.venv/lib/python3.10/site-packages/ttnn/tt_metal/hw/firmware/src/tt-1xx/trisck.cc,
3,9,3,TRISC_1,360,11018335286793,0,2051,,,TRISC-KERNEL,ZONE_END,62,/home/ekaterina_kuzmina1/tenstorrent/.venv/lib/python3.10/site-packages/ttnn/tt_metal/hw/firmware/src/tt-1xx/trisck.cc,
3,9,3,TRISC_1,8413,11018335286851,0,2051,,,TRISC-FW,ZONE_END,136,/home/ekaterina_kuzmina1/tenstorrent/.venv/lib/python3.10/site-packages/ttnn/tt_metal/hw/firmware/src/tt-1xx/trisc.cc,
3,9,3,TRISC_1,8413,11019124110555,0,4099,,,TRISC-FW,ZONE_START,136,/home/ekaterina_kuzmina1/tenstorrent/.venv/lib/python3.10/site-packages/ttnn/tt_metal/hw/firmware/src/tt-1xx/trisc.cc,
3,9,3,TRISC_1,360,11019124110735,0,4099,,,TRISC-KERNEL,ZONE_START,62,/home/ekaterina_kuzmina1/tenstorrent/.venv/lib/python3.10/site-packages/ttnn/tt_metal/hw/firmware/src/tt-1xx/trisck.cc,
3,9,3,TRISC_1,360,11019124266707,0,4099,,,TRISC-KERNEL,ZONE_END,62,/home/ekaterina_kuzmina1/tenstorrent/.venv/lib/python3.10/site-packages/ttnn/tt_metal/hw/firmware/src/tt-1xx/trisck.cc,
3,9,3,TRISC_1,8413,11019124269348,0,4099,,,TRISC-FW,ZONE_END,136,/home/ekaterina_kuzmina1/tenstorrent/.venv/lib/python3.10/site-packages/ttnn/tt_metal/hw/firmware/src/tt-1xx/trisc.cc,
3,9,3,TRISC_2,8413,11018334782076,0,2051,,,TRISC-FW,ZONE_START,136,/home/ekaterina_kuzmina1/tenstorrent/.venv/lib/python3.10/site-packages/ttnn/tt_metal/hw/firmware/src/tt-1xx/trisc.cc,
3,9,3,TRISC_2,360,11018334782516,0,2051,,,TRISC-KERNEL,ZONE_START,62,/home/ekaterina_kuzmina1/tenstorrent/.venv/lib/python3.10/site-packages/ttnn/tt_metal/hw/firmware/src/tt-1xx/trisck.cc,
3,9,3,TRISC_2,360,11018335286911,0,2051,,,TRISC-KERNEL,ZONE_END,62,/home/ekaterina_kuzmina1/tenstorrent/.venv/lib/python3.10/site-packages/ttnn/tt_metal/hw/firmware/src/tt-1xx/trisck.cc,
3,9,3,TRISC_2,8413,11018335287152,0,2051,,,TRISC-FW,ZONE_END,136,/home/ekaterina_kuzmina1/tenstorrent/.venv/lib/python3.10/site-packages/ttnn/tt_metal/hw/firmware/src/tt-1xx/trisc.cc,
3,9,3,TRISC_2,8413,11019124110568,0,4099,,,TRISC-FW,ZONE_START,136,/home/ekaterina_kuzmina1/tenstorrent/.venv/lib/python3.10/site-packages/ttnn/tt_metal/hw/firmware/src/tt-1xx/trisc.cc,
3,9,3,TRISC_2,360,11019124110895,0,4099,,,TRISC-KERNEL,ZONE_START,62,/home/ekaterina_kuzmina1/tenstorrent/.venv/lib/python3.10/site-packages/ttnn/tt_metal/hw/firmware/src/tt-1xx/trisck.cc,
3,9,3,TRISC_2,360,11019124268076,0,4099,,,TRISC-KERNEL,ZONE_END,62,/home/ekaterina_kuzmina1/tenstorrent/.venv/lib/python3.10/site-packages/ttnn/tt_metal/hw/firmware/src/tt-1xx/trisck.cc,
3,9,3,TRISC_2,8413,11019124269457,0,4099,,,TRISC-FW,ZONE_END,136,/home/ekaterina_kuzmina1/tenstorrent/.venv/lib/python3.10/site-packages/ttnn/tt_metal/hw/firmware/src/tt-1xx/trisc.cc,
3,9,4,BRISC,61457,11018334781804,0,2051,,,BRISC-FW,ZONE_START,412,/home/ekaterina_kuzmina1/tenstorrent/.venv/lib/python3.10/site-packages/ttnn/tt_metal/hw/firmware/src/tt-1xx/brisc.cc,
3,9,4,BRISC,63326,11018334782573,0,2051,,,BRISC-KERNEL,ZONE_START,64,/home/ekaterina_kuzmina1/tenstorrent/.venv/lib/python3.10/site-packages/ttnn/tt_metal/hw/firmware/src/tt-1xx/brisck.cc,
3,9,4,BRISC,63326,11018335332948,0,2051,,,BRISC-KERNEL,ZONE_END,64,/home/ekaterina_kuzmina1/tenstorrent/.venv/lib/python3.10/site-packages/ttnn/tt_metal/hw/firmware/src/tt-1xx/brisck.cc,
3,9,4,BRISC,61457,11018335333135,0,2051,,,BRISC-FW,ZONE_END,412,/home/ekaterina_kuzmina1/tenstorrent/.venv/lib/python3.10/site-packages/ttnn/tt_metal/hw/firmware/src/tt-1xx/brisc.cc,
3,9,4,BRISC,61457,11018391680713,0,3075,,,BRISC-FW,ZONE_START,412,/home/ekaterina_kuzmina1/tenstorrent/.venv/lib/python3.10/site-packages/ttnn/tt_metal/hw/firmware/src/tt-1xx/brisc.cc,
3,9,4,BRISC,63326,11018391681428,0,3075,,,BRISC-KERNEL,ZONE_START,64,/home/ekaterina_kuzmina1/tenstorrent/.venv/lib/python3.10/site-packages/ttnn/tt_metal/hw/firmware/src/tt-1xx/brisck.cc,
3,9,4,BRISC,63326,11018392295710,0,3075,,,BRISC-KERNEL,ZONE_END,64,/home/ekaterina_kuzmina1/tenstorrent/.venv/lib/python3.10/site-packages/ttnn/tt_metal/hw/firmware/src/tt-1xx/brisck.cc,
3,9,4,BRISC,61457,11018392295886,0,3075,,,BRISC-FW,ZONE_END,412,/home/ekaterina_kuzmina1/tenstorrent/.venv/lib/python3.10/site-packages/ttnn/tt_metal/hw/firmware/src/tt-1xx/brisc.cc,
3,9,4,BRISC,61457,11019124110315,0,4099,,,BRISC-FW,ZONE_START,412,/home/ekaterina_kuzmina1/tenstorrent/.venv/lib/python3.10/site-packages/ttnn/tt_metal/hw/firmware/src/tt-1xx/brisc.cc,
3,9,4,BRISC,63326,11019124111183,0,4099,,,BRISC-KERNEL,ZONE_START,64,/home/ekaterina_kuzmina1/tenstorrent/.venv/lib/python3.10/site-packages/ttnn/tt_metal/hw/firmware/src/tt-1xx/brisck.cc,
3,9,4,BRISC,63326,11019124274387,0,4099,,,BRISC-KERNEL,ZONE_END,64,/home/ekaterina_kuzmina1/tenstorrent/.venv/lib/python3.10/site-packages/ttnn/tt_metal/hw/firmware/src/tt-1xx/brisck.cc,
3,9,4,BRISC,61457,11019124274568,0,4099,,,BRISC-FW,ZONE_END,412,/home/ekaterina_kuzmina1/tenstorrent/.venv/lib/python3.10/site-packages/ttnn/tt_metal/hw/firmware/src/tt-1xx/brisc.cc,
3,9,4,NCRISC,12030,11018334781950,0,2051,,,NCRISC-FW,ZONE_START,123,/home/ekaterina_kuzmina1/tenstorrent/.venv/lib/python3.10/site-packages/ttnn/tt_metal/hw/firmware/src/tt-1xx/ncrisc.cc,
3,9,4,NCRISC,16513,11018334782554,0,2051,,,NCRISC-KERNEL,ZONE_START,63,/home/ekaterina_kuzmina1/tenstorrent/.venv/lib/python3.10/site-packages/ttnn/tt_metal/hw/firmware/src/tt-1xx/ncrisck.cc,
3,9,4,NCRISC,16513,11018335229163,0,2051,,,NCRISC-KERNEL,ZONE_END,63,/home/ekaterina_kuzmina1/tenstorrent/.venv/lib/python3.10/site-packages/ttnn/tt_metal/hw/firmware/src/tt-1xx/ncrisck.cc,
3,9,4,NCRISC,12030,11018335229280,0,2051,,,NCRISC-FW,ZONE_END,123,/home/ekaterina_kuzmina1/tenstorrent/.venv/lib/python3.10/site-packages/ttnn/tt_metal/hw/firmware/src/tt-1xx/ncrisc.cc,
3,9,4,NCRISC,12030,11018391680860,0,3075,,,NCRISC-FW,ZONE_START,123,/home/ekaterina_kuzmina1/tenstorrent/.venv/lib/python3.10/site-packages/ttnn/tt_metal/hw/firmware/src/tt-1xx/ncrisc.cc,
3,9,4,NCRISC,16513,11018391681401,0,3075,,,NCRISC-KERNEL,ZONE_START,63,/home/ekaterina_kuzmina1/tenstorrent/.venv/lib/python3.10/site-packages/ttnn/tt_metal/hw/firmware/src/tt-1xx/ncrisck.cc,
3,9,4,NCRISC,16513,11018392293297,0,3075,,,NCRISC-KERNEL,ZONE_END,63,/home/ekaterina_kuzmina1/tenstorrent/.venv/lib/python3.10/site-packages/ttnn/tt_metal/hw/firmware/src/tt-1xx/ncrisck.cc,
3,9,4,NCRISC,12030,11018392293417,0,3075,,,NCRISC-FW,ZONE_END,123,/home/ekaterina_kuzmina1/tenstorrent/.venv/lib/python3.10/site-packages/ttnn/tt_metal/hw/firmware/src/tt-1xx/ncrisc.cc,
3,9,4,NCRISC,12030,11019124110462,0,4099,,,NCRISC-FW,ZONE_START,123,/home/ekaterina_kuzmina1/tenstorrent/.venv/lib/python3.10/site-packages/ttnn/tt_metal/hw/firmware/src/tt-1xx/ncrisc.cc,
3,9,4,NCRISC,16513,11019124111165,0,4099,,,NCRISC-KERNEL,ZONE_START,63,/home/ekaterina_kuzmina1/tenstorrent/.venv/lib/python3.10/site-packages/ttnn/tt_metal/hw/firmware/src/tt-1xx/ncrisck.cc,
3,9,4,NCRISC,16513,11019124273241,0,4099,,,NCRISC-KERNEL,ZONE_END,63,/home/ekaterina_kuzmina1/tenstorrent/.venv/lib/python3.10/site-packages/ttnn/tt_metal/hw/firmware/src/tt-1xx/ncrisck.cc,
3,9,4,NCRISC,12030,11019124273368,0,4099,,,NCRISC-FW,ZONE_END,123,/home/ekaterina_kuzmina1/tenstorrent/.venv/lib/python3.10/site-packages/ttnn/tt_metal/hw/firmware/src/tt-1xx/ncrisc.cc,
3,9,4,TRISC_0,8413,11018334782038,0,2051,,,TRISC-FW,ZONE_START,136,/home/ekaterina_kuzmina1/tenstorrent/.venv/lib/python3.10/site-packages/ttnn/tt_metal/hw/firmware/src/tt-1xx/trisc.cc,
3,9,4,TRISC_0,360,11018334782505,0,2051,,,TRISC-KERNEL,ZONE_START,62,/home/ekaterina_kuzmina1/tenstorrent/.venv/lib/python3.10/site-packages/ttnn/tt_metal/hw/firmware/src/tt-1xx/trisck.cc,
3,9,4,TRISC_0,360,11018335286032,0,2051,,,TRISC-KERNEL,ZONE_END,62,/home/ekaterina_kuzmina1/tenstorrent/.venv/lib/python3.10/site-packages/ttnn/tt_metal/hw/firmware/src/tt-1xx/trisck.cc,
3,9,4,TRISC_0,8413,11018335286763,0,2051,,,TRISC-FW,ZONE_END,136,/home/ekaterina_kuzmina1/tenstorrent/.venv/lib/python3.10/site-packages/ttnn/tt_metal/hw/firmware/src/tt-1xx/trisc.cc,
3,9,4,TRISC_0,8413,11019124110566,0,4099,,,TRISC-FW,ZONE_START,136,/home/ekaterina_kuzmina1/tenstorrent/.venv/lib/python3.10/site-packages/ttnn/tt_metal/hw/firmware/src/tt-1xx/trisc.cc,
3,9,4,TRISC_0,360,11019124110912,0,4099,,,TRISC-KERNEL,ZONE_START,62,/home/ekaterina_kuzmina1/tenstorrent/.venv/lib/python3.10/site-packages/ttnn/tt_metal/hw/firmware/src/tt-1xx/trisck.cc,
3,9,4,TRISC_0,360,11019124273279,0,4099,,,TRISC-KERNEL,ZONE_END,62,/home/ekaterina_kuzmina1/tenstorrent/.venv/lib/python3.10/site-packages/ttnn/tt_metal/hw/firmware/src/tt-1xx/trisck.cc,
3,9,4,TRISC_0,8413,11019124273325,0,4099,,,TRISC-FW,ZONE_END,136,/home/ekaterina_kuzmina1/tenstorrent/.venv/lib/python3.10/site-packages/ttnn/tt_metal/hw/firmware/src/tt-1xx/trisc.cc,
3,9,4,TRISC_1,8413,11018334782054,0,2051,,,TRISC-FW,ZONE_START,136,/home/ekaterina_kuzmina1/tenstorrent/.venv/lib/python3.10/site-packages/ttnn/tt_metal/hw/firmware/src/tt-1xx/trisc.cc,
3,9,4,TRISC_1,360,11018334782506,0,2051,,,TRISC-KERNEL,ZONE_START,62,/home/ekaterina_kuzmina1/tenstorrent/.venv/lib/python3.10/site-packages/ttnn/tt_metal/hw/firmware/src/tt-1xx/trisck.cc,
3,9,4,TRISC_1,360,11018335286817,0,2051,,,TRISC-KERNEL,ZONE_END,62,/home/ekaterina_kuzmina1/tenstorrent/.venv/lib/python3.10/site-packages/ttnn/tt_metal/hw/firmware/src/tt-1xx/trisck.cc,
3,9,4,TRISC_1,8413,11018335286875,0,2051,,,TRISC-FW,ZONE_END,136,/home/ekaterina_kuzmina1/tenstorrent/.venv/lib/python3.10/site-packages/ttnn/tt_metal/hw/firmware/src/tt-1xx/trisc.cc,
3,9,4,TRISC_1,8413,11019124110567,0,4099,,,TRISC-FW,ZONE_START,136,/home/ekaterina_kuzmina1/tenstorrent/.venv/lib/python3.10/site-packages/ttnn/tt_metal/hw/firmware/src/tt-1xx/trisc.cc,
3,9,4,TRISC_1,360,11019124110747,0,4099,,,TRISC-KERNEL,ZONE_START,62,/home/ekaterina_kuzmina1/tenstorrent/.venv/lib/python3.10/site-packages/ttnn/tt_metal/hw/firmware/src/tt-1xx/trisck.cc,
3,9,4,TRISC_1,360,11019124271869,0,4099,,,TRISC-KERNEL,ZONE_END,62,/home/ekaterina_kuzmina1/tenstorrent/.venv/lib/python3.10/site-packages/ttnn/tt_metal/hw/firmware/src/tt-1xx/trisck.cc,
3,9,4,TRISC_1,8413,11019124273304,0,4099,,,TRISC-FW,ZONE_END,136,/home/ekaterina_kuzmina1/tenstorrent/.venv/lib/python3.10/site-packages/ttnn/tt_metal/hw/firmware/src/tt-1xx/trisc.cc,
3,9,4,TRISC_2,8413,11018334782056,0,2051,,,TRISC-FW,ZONE_START,136,/home/ekaterina_kuzmina1/tenstorrent/.venv/lib/python3.10/site-packages/ttnn/tt_metal/hw/firmware/src/tt-1xx/trisc.cc,
3,9,4,TRISC_2,360,11018334782507,0,2051,,,TRISC-KERNEL,ZONE_START,62,/home/ekaterina_kuzmina1/tenstorrent/.venv/lib/python3.10/site-packages/ttnn/tt_metal/hw/firmware/src/tt-1xx/trisck.cc,
3,9,4,TRISC_2,360,11018335286936,0,2051,,,TRISC-KERNEL,ZONE_END,62,/home/ekaterina_kuzmina1/tenstorrent/.venv/lib/python3.10/site-packages/ttnn/tt_metal/hw/firmware/src/tt-1xx/trisck.cc,
3,9,4,TRISC_2,8413,11018335287158,0,2051,,,TRISC-FW,ZONE_END,136,/home/ekaterina_kuzmina1/tenstorrent/.venv/lib/python3.10/site-packages/ttnn/tt_metal/hw/firmware/src/tt-1xx/trisc.cc,
3,9,4,TRISC_2,8413,11019124110580,0,4099,,,TRISC-FW,ZONE_START,136,/home/ekaterina_kuzmina1/tenstorrent/.venv/lib/python3.10/site-packages/ttnn/tt_metal/hw/firmware/src/tt-1xx/trisc.cc,
3,9,4,TRISC_2,360,11019124110906,0,4099,,,TRISC-KERNEL,ZONE_START,62,/home/ekaterina_kuzmina1/tenstorrent/.venv/lib/python3.10/site-packages/ttnn/tt_metal/hw/firmware/src/tt-1xx/trisck.cc,
3,9,4,TRISC_2,360,11019124273187,0,4099,,,TRISC-KERNEL,ZONE_END,62,/home/ekaterina_kuzmina1/tenstorrent/.venv/lib/python3.10/site-packages/ttnn/tt_metal/hw/firmware/src/tt-1xx/trisck.cc,
3,9,4,TRISC_2,8413,11019124273431,0,4099,,,TRISC-FW,ZONE_END,136,/home/ekaterina_kuzmina1/tenstorrent/.venv/lib/python3.10/site-packages/ttnn/tt_metal/hw/firmware/src/tt-1xx/trisc.cc,
3,9,5,BRISC,61457,11018334781823,0,2051,,,BRISC-FW,ZONE_START,412,/home/ekaterina_kuzmina1/tenstorrent/.venv/lib/python3.10/site-packages/ttnn/tt_metal/hw/firmware/src/tt-1xx/brisc.cc,
3,9,5,BRISC,63326,11018334782610,0,2051,,,BRISC-KERNEL,ZONE_START,64,/home/ekaterina_kuzmina1/tenstorrent/.venv/lib/python3.10/site-packages/ttnn/tt_metal/hw/firmware/src/tt-1xx/brisck.cc,
3,9,5,BRISC,63326,11018335315005,0,2051,,,BRISC-KERNEL,ZONE_END,64,/home/ekaterina_kuzmina1/tenstorrent/.venv/lib/python3.10/site-packages/ttnn/tt_metal/hw/firmware/src/tt-1xx/brisck.cc,
3,9,5,BRISC,61457,11018335315196,0,2051,,,BRISC-FW,ZONE_END,412,/home/ekaterina_kuzmina1/tenstorrent/.venv/lib/python3.10/site-packages/ttnn/tt_metal/hw/firmware/src/tt-1xx/brisc.cc,
3,9,5,BRISC,61457,11018391680724,0,3075,,,BRISC-FW,ZONE_START,412,/home/ekaterina_kuzmina1/tenstorrent/.venv/lib/python3.10/site-packages/ttnn/tt_metal/hw/firmware/src/tt-1xx/brisc.cc,
3,9,5,BRISC,63326,11018391681433,0,3075,,,BRISC-KERNEL,ZONE_START,64,/home/ekaterina_kuzmina1/tenstorrent/.venv/lib/python3.10/site-packages/ttnn/tt_metal/hw/firmware/src/tt-1xx/brisck.cc,
3,9,5,BRISC,63326,11018392288297,0,3075,,,BRISC-KERNEL,ZONE_END,64,/home/ekaterina_kuzmina1/tenstorrent/.venv/lib/python3.10/site-packages/ttnn/tt_metal/hw/firmware/src/tt-1xx/brisck.cc,
3,9,5,BRISC,61457,11018392288474,0,3075,,,BRISC-FW,ZONE_END,412,/home/ekaterina_kuzmina1/tenstorrent/.venv/lib/python3.10/site-packages/ttnn/tt_metal/hw/firmware/src/tt-1xx/brisc.cc,
3,9,5,BRISC,61457,11019124110310,0,4099,,,BRISC-FW,ZONE_START,412,/home/ekaterina_kuzmina1/tenstorrent/.venv/lib/python3.10/site-packages/ttnn/tt_metal/hw/firmware/src/tt-1xx/brisc.cc,
3,9,5,BRISC,63326,11019124111159,0,4099,,,BRISC-KERNEL,ZONE_START,64,/home/ekaterina_kuzmina1/tenstorrent/.venv/lib/python3.10/site-packages/ttnn/tt_metal/hw/firmware/src/tt-1xx/brisck.cc,
3,9,5,BRISC,63326,11019124271662,0,4099,,,BRISC-KERNEL,ZONE_END,64,/home/ekaterina_kuzmina1/tenstorrent/.venv/lib/python3.10/site-packages/ttnn/tt_metal/hw/firmware/src/tt-1xx/brisck.cc,
3,9,5,BRISC,61457,11019124271841,0,4099,,,BRISC-FW,ZONE_END,412,/home/ekaterina_kuzmina1/tenstorrent/.venv/lib/python3.10/site-packages/ttnn/tt_metal/hw/firmware/src/tt-1xx/brisc.cc,
3,9,5,NCRISC,12030,11018334781973,0,2051,,,NCRISC-FW,ZONE_START,123,/home/ekaterina_kuzmina1/tenstorrent/.venv/lib/python3.10/site-packages/ttnn/tt_metal/hw/firmware/src/tt-1xx/ncrisc.cc,
3,9,5,NCRISC,16513,11018334782588,0,2051,,,NCRISC-KERNEL,ZONE_START,63,/home/ekaterina_kuzmina1/tenstorrent/.venv/lib/python3.10/site-packages/ttnn/tt_metal/hw/firmware/src/tt-1xx/ncrisck.cc,
3,9,5,NCRISC,16513,11018335223939,0,2051,,,NCRISC-KERNEL,ZONE_END,63,/home/ekaterina_kuzmina1/tenstorrent/.venv/lib/python3.10/site-packages/ttnn/tt_metal/hw/firmware/src/tt-1xx/ncrisck.cc,
3,9,5,NCRISC,12030,11018335224055,0,2051,,,NCRISC-FW,ZONE_END,123,/home/ekaterina_kuzmina1/tenstorrent/.venv/lib/python3.10/site-packages/ttnn/tt_metal/hw/firmware/src/tt-1xx/ncrisc.cc,
3,9,5,NCRISC,12030,11018391680874,0,3075,,,NCRISC-FW,ZONE_START,123,/home/ekaterina_kuzmina1/tenstorrent/.venv/lib/python3.10/site-packages/ttnn/tt_metal/hw/firmware/src/tt-1xx/ncrisc.cc,
3,9,5,NCRISC,16513,11018391681406,0,3075,,,NCRISC-KERNEL,ZONE_START,63,/home/ekaterina_kuzmina1/tenstorrent/.venv/lib/python3.10/site-packages/ttnn/tt_metal/hw/firmware/src/tt-1xx/ncrisck.cc,
3,9,5,NCRISC,16513,11018392285870,0,3075,,,NCRISC-KERNEL,ZONE_END,63,/home/ekaterina_kuzmina1/tenstorrent/.venv/lib/python3.10/site-packages/ttnn/tt_metal/hw/firmware/src/tt-1xx/ncrisck.cc,
3,9,5,NCRISC,12030,11018392285987,0,3075,,,NCRISC-FW,ZONE_END,123,/home/ekaterina_kuzmina1/tenstorrent/.venv/lib/python3.10/site-packages/ttnn/tt_metal/hw/firmware/src/tt-1xx/ncrisc.cc,
3,9,5,NCRISC,12030,11019124110460,0,4099,,,NCRISC-FW,ZONE_START,123,/home/ekaterina_kuzmina1/tenstorrent/.venv/lib/python3.10/site-packages/ttnn/tt_metal/hw/firmware/src/tt-1xx/ncrisc.cc,
3,9,5,NCRISC,16513,11019124111141,0,4099,,,NCRISC-KERNEL,ZONE_START,63,/home/ekaterina_kuzmina1/tenstorrent/.venv/lib/python3.10/site-packages/ttnn/tt_metal/hw/firmware/src/tt-1xx/ncrisck.cc,
3,9,5,NCRISC,16513,11019124270589,0,4099,,,NCRISC-KERNEL,ZONE_END,63,/home/ekaterina_kuzmina1/tenstorrent/.venv/lib/python3.10/site-packages/ttnn/tt_metal/hw/firmware/src/tt-1xx/ncrisck.cc,
3,9,5,NCRISC,12030,11019124270716,0,4099,,,NCRISC-FW,ZONE_END,123,/home/ekaterina_kuzmina1/tenstorrent/.venv/lib/python3.10/site-packages/ttnn/tt_metal/hw/firmware/src/tt-1xx/ncrisc.cc,
3,9,5,TRISC_0,8413,11018334782077,0,2051,,,TRISC-FW,ZONE_START,136,/home/ekaterina_kuzmina1/tenstorrent/.venv/lib/python3.10/site-packages/ttnn/tt_metal/hw/firmware/src/tt-1xx/trisc.cc,
3,9,5,TRISC_0,360,11018334782495,0,2051,,,TRISC-KERNEL,ZONE_START,62,/home/ekaterina_kuzmina1/tenstorrent/.venv/lib/python3.10/site-packages/ttnn/tt_metal/hw/firmware/src/tt-1xx/trisck.cc,
3,9,5,TRISC_0,360,11018335286030,0,2051,,,TRISC-KERNEL,ZONE_END,62,/home/ekaterina_kuzmina1/tenstorrent/.venv/lib/python3.10/site-packages/ttnn/tt_metal/hw/firmware/src/tt-1xx/trisck.cc,
3,9,5,TRISC_0,8413,11018335286773,0,2051,,,TRISC-FW,ZONE_END,136,/home/ekaterina_kuzmina1/tenstorrent/.venv/lib/python3.10/site-packages/ttnn/tt_metal/hw/firmware/src/tt-1xx/trisc.cc,
3,9,5,TRISC_0,8413,11019124110557,0,4099,,,TRISC-FW,ZONE_START,136,/home/ekaterina_kuzmina1/tenstorrent/.venv/lib/python3.10/site-packages/ttnn/tt_metal/hw/firmware/src/tt-1xx/trisc.cc,
3,9,5,TRISC_0,360,11019124110894,0,4099,,,TRISC-KERNEL,ZONE_START,62,/home/ekaterina_kuzmina1/tenstorrent/.venv/lib/python3.10/site-packages/ttnn/tt_metal/hw/firmware/src/tt-1xx/trisck.cc,
3,9,5,TRISC_0,360,11019124270627,0,4099,,,TRISC-KERNEL,ZONE_END,62,/home/ekaterina_kuzmina1/tenstorrent/.venv/lib/python3.10/site-packages/ttnn/tt_metal/hw/firmware/src/tt-1xx/trisck.cc,
3,9,5,TRISC_0,8413,11019124270678,0,4099,,,TRISC-FW,ZONE_END,136,/home/ekaterina_kuzmina1/tenstorrent/.venv/lib/python3.10/site-packages/ttnn/tt_metal/hw/firmware/src/tt-1xx/trisc.cc,
3,9,5,TRISC_1,8413,11018334782068,0,2051,,,TRISC-FW,ZONE_START,136,/home/ekaterina_kuzmina1/tenstorrent/.venv/lib/python3.10/site-packages/ttnn/tt_metal/hw/firmware/src/tt-1xx/trisc.cc,
3,9,5,TRISC_1,360,11018334782496,0,2051,,,TRISC-KERNEL,ZONE_START,62,/home/ekaterina_kuzmina1/tenstorrent/.venv/lib/python3.10/site-packages/ttnn/tt_metal/hw/firmware/src/tt-1xx/trisck.cc,
3,9,5,TRISC_1,360,11018335286827,0,2051,,,TRISC-KERNEL,ZONE_END,62,/home/ekaterina_kuzmina1/tenstorrent/.venv/lib/python3.10/site-packages/ttnn/tt_metal/hw/firmware/src/tt-1xx/trisck.cc,
3,9,5,TRISC_1,8413,11018335286885,0,2051,,,TRISC-FW,ZONE_END,136,/home/ekaterina_kuzmina1/tenstorrent/.venv/lib/python3.10/site-packages/ttnn/tt_metal/hw/firmware/src/tt-1xx/trisc.cc,
3,9,5,TRISC_1,8413,11019124110551,0,4099,,,TRISC-FW,ZONE_START,136,/home/ekaterina_kuzmina1/tenstorrent/.venv/lib/python3.10/site-packages/ttnn/tt_metal/hw/firmware/src/tt-1xx/trisc.cc,
3,9,5,TRISC_1,360,11019124110733,0,4099,,,TRISC-KERNEL,ZONE_START,62,/home/ekaterina_kuzmina1/tenstorrent/.venv/lib/python3.10/site-packages/ttnn/tt_metal/hw/firmware/src/tt-1xx/trisck.cc,
3,9,5,TRISC_1,360,11019124269052,0,4099,,,TRISC-KERNEL,ZONE_END,62,/home/ekaterina_kuzmina1/tenstorrent/.venv/lib/python3.10/site-packages/ttnn/tt_metal/hw/firmware/src/tt-1xx/trisck.cc,
3,9,5,TRISC_1,8413,11019124270643,0,4099,,,TRISC-FW,ZONE_END,136,/home/ekaterina_kuzmina1/tenstorrent/.venv/lib/python3.10/site-packages/ttnn/tt_metal/hw/firmware/src/tt-1xx/trisc.cc,
3,9,5,TRISC_2,8413,11018334782074,0,2051,,,TRISC-FW,ZONE_START,136,/home/ekaterina_kuzmina1/tenstorrent/.venv/lib/python3.10/site-packages/ttnn/tt_metal/hw/firmware/src/tt-1xx/trisc.cc,
3,9,5,TRISC_2,360,11018334782508,0,2051,,,TRISC-KERNEL,ZONE_START,62,/home/ekaterina_kuzmina1/tenstorrent/.venv/lib/python3.10/site-packages/ttnn/tt_metal/hw/firmware/src/tt-1xx/trisck.cc,
3,9,5,TRISC_2,360,11018335286945,0,2051,,,TRISC-KERNEL,ZONE_END,62,/home/ekaterina_kuzmina1/tenstorrent/.venv/lib/python3.10/site-packages/ttnn/tt_metal/hw/firmware/src/tt-1xx/trisck.cc,
3,9,5,TRISC_2,8413,11018335287185,0,2051,,,TRISC-FW,ZONE_END,136,/home/ekaterina_kuzmina1/tenstorrent/.venv/lib/python3.10/site-packages/ttnn/tt_metal/hw/firmware/src/tt-1xx/trisc.cc,
3,9,5,TRISC_2,8413,11019124110562,0,4099,,,TRISC-FW,ZONE_START,136,/home/ekaterina_kuzmina1/tenstorrent/.venv/lib/python3.10/site-packages/ttnn/tt_metal/hw/firmware/src/tt-1xx/trisc.cc,
3,9,5,TRISC_2,360,11019124110893,0,4099,,,TRISC-KERNEL,ZONE_START,62,/home/ekaterina_kuzmina1/tenstorrent/.venv/lib/python3.10/site-packages/ttnn/tt_metal/hw/firmware/src/tt-1xx/trisck.cc,
3,9,5,TRISC_2,360,11019124270269,0,4099,,,TRISC-KERNEL,ZONE_END,62,/home/ekaterina_kuzmina1/tenstorrent/.venv/lib/python3.10/site-packages/ttnn/tt_metal/hw/firmware/src/tt-1xx/trisck.cc,
3,9,5,TRISC_2,8413,11019124270740,0,4099,,,TRISC-FW,ZONE_END,136,/home/ekaterina_kuzmina1/tenstorrent/.venv/lib/python3.10/site-packages/ttnn/tt_metal/hw/firmware/src/tt-1xx/trisc.cc,
3,9,7,BRISC,61457,11018334781875,0,2051,,,BRISC-FW,ZONE_START,412,/home/ekaterina_kuzmina1/tenstorrent/.venv/lib/python3.10/site-packages/ttnn/tt_metal/hw/firmware/src/tt-1xx/brisc.cc,
3,9,7,BRISC,63326,11018334782647,0,2051,,,BRISC-KERNEL,ZONE_START,64,/home/ekaterina_kuzmina1/tenstorrent/.venv/lib/python3.10/site-packages/ttnn/tt_metal/hw/firmware/src/tt-1xx/brisck.cc,
3,9,7,BRISC,63326,11018335304663,0,2051,,,BRISC-KERNEL,ZONE_END,64,/home/ekaterina_kuzmina1/tenstorrent/.venv/lib/python3.10/site-packages/ttnn/tt_metal/hw/firmware/src/tt-1xx/brisck.cc,
3,9,7,BRISC,61457,11018335304848,0,2051,,,BRISC-FW,ZONE_END,412,/home/ekaterina_kuzmina1/tenstorrent/.venv/lib/python3.10/site-packages/ttnn/tt_metal/hw/firmware/src/tt-1xx/brisc.cc,
3,9,7,BRISC,61457,11018391680733,0,3075,,,BRISC-FW,ZONE_START,412,/home/ekaterina_kuzmina1/tenstorrent/.venv/lib/python3.10/site-packages/ttnn/tt_metal/hw/firmware/src/tt-1xx/brisc.cc,
3,9,7,BRISC,63326,11018391681432,0,3075,,,BRISC-KERNEL,ZONE_START,64,/home/ekaterina_kuzmina1/tenstorrent/.venv/lib/python3.10/site-packages/ttnn/tt_metal/hw/firmware/src/tt-1xx/brisck.cc,
3,9,7,BRISC,63326,11018392291415,0,3075,,,BRISC-KERNEL,ZONE_END,64,/home/ekaterina_kuzmina1/tenstorrent/.venv/lib/python3.10/site-packages/ttnn/tt_metal/hw/firmware/src/tt-1xx/brisck.cc,
3,9,7,BRISC,61457,11018392291597,0,3075,,,BRISC-FW,ZONE_END,412,/home/ekaterina_kuzmina1/tenstorrent/.venv/lib/python3.10/site-packages/ttnn/tt_metal/hw/firmware/src/tt-1xx/brisc.cc,
3,9,7,BRISC,61457,11019124110362,0,4099,,,BRISC-FW,ZONE_START,412,/home/ekaterina_kuzmina1/tenstorrent/.venv/lib/python3.10/site-packages/ttnn/tt_metal/hw/firmware/src/tt-1xx/brisc.cc,
3,9,7,BRISC,63326,11019124111231,0,4099,,,BRISC-KERNEL,ZONE_START,64,/home/ekaterina_kuzmina1/tenstorrent/.venv/lib/python3.10/site-packages/ttnn/tt_metal/hw/firmware/src/tt-1xx/brisck.cc,
3,9,7,BRISC,63326,11019124274833,0,4099,,,BRISC-KERNEL,ZONE_END,64,/home/ekaterina_kuzmina1/tenstorrent/.venv/lib/python3.10/site-packages/ttnn/tt_metal/hw/firmware/src/tt-1xx/brisck.cc,
3,9,7,BRISC,61457,11019124275012,0,4099,,,BRISC-FW,ZONE_END,412,/home/ekaterina_kuzmina1/tenstorrent/.venv/lib/python3.10/site-packages/ttnn/tt_metal/hw/firmware/src/tt-1xx/brisc.cc,
3,9,7,NCRISC,12030,11018334782022,0,2051,,,NCRISC-FW,ZONE_START,123,/home/ekaterina_kuzmina1/tenstorrent/.venv/lib/python3.10/site-packages/ttnn/tt_metal/hw/firmware/src/tt-1xx/ncrisc.cc,
3,9,7,NCRISC,16513,11018334782618,0,2051,,,NCRISC-KERNEL,ZONE_START,63,/home/ekaterina_kuzmina1/tenstorrent/.venv/lib/python3.10/site-packages/ttnn/tt_metal/hw/firmware/src/tt-1xx/ncrisck.cc,
3,9,7,NCRISC,16513,11018335231602,0,2051,,,NCRISC-KERNEL,ZONE_END,63,/home/ekaterina_kuzmina1/tenstorrent/.venv/lib/python3.10/site-packages/ttnn/tt_metal/hw/firmware/src/tt-1xx/ncrisck.cc,
3,9,7,NCRISC,12030,11018335231719,0,2051,,,NCRISC-FW,ZONE_END,123,/home/ekaterina_kuzmina1/tenstorrent/.venv/lib/python3.10/site-packages/ttnn/tt_metal/hw/firmware/src/tt-1xx/ncrisc.cc,
3,9,7,NCRISC,12030,11018391680880,0,3075,,,NCRISC-FW,ZONE_START,123,/home/ekaterina_kuzmina1/tenstorrent/.venv/lib/python3.10/site-packages/ttnn/tt_metal/hw/firmware/src/tt-1xx/ncrisc.cc,
3,9,7,NCRISC,16513,11018391681404,0,3075,,,NCRISC-KERNEL,ZONE_START,63,/home/ekaterina_kuzmina1/tenstorrent/.venv/lib/python3.10/site-packages/ttnn/tt_metal/hw/firmware/src/tt-1xx/ncrisck.cc,
3,9,7,NCRISC,16513,11018392288941,0,3075,,,NCRISC-KERNEL,ZONE_END,63,/home/ekaterina_kuzmina1/tenstorrent/.venv/lib/python3.10/site-packages/ttnn/tt_metal/hw/firmware/src/tt-1xx/ncrisck.cc,
3,9,7,NCRISC,12030,11018392289057,0,3075,,,NCRISC-FW,ZONE_END,123,/home/ekaterina_kuzmina1/tenstorrent/.venv/lib/python3.10/site-packages/ttnn/tt_metal/hw/firmware/src/tt-1xx/ncrisc.cc,
3,9,7,NCRISC,12030,11019124110509,0,4099,,,NCRISC-FW,ZONE_START,123,/home/ekaterina_kuzmina1/tenstorrent/.venv/lib/python3.10/site-packages/ttnn/tt_metal/hw/firmware/src/tt-1xx/ncrisc.cc,
3,9,7,NCRISC,16513,11019124111214,0,4099,,,NCRISC-KERNEL,ZONE_START,63,/home/ekaterina_kuzmina1/tenstorrent/.venv/lib/python3.10/site-packages/ttnn/tt_metal/hw/firmware/src/tt-1xx/ncrisck.cc,
3,9,7,NCRISC,16513,11019124273788,0,4099,,,NCRISC-KERNEL,ZONE_END,63,/home/ekaterina_kuzmina1/tenstorrent/.venv/lib/python3.10/site-packages/ttnn/tt_metal/hw/firmware/src/tt-1xx/ncrisck.cc,
3,9,7,NCRISC,12030,11019124273922,0,4099,,,NCRISC-FW,ZONE_END,123,/home/ekaterina_kuzmina1/tenstorrent/.venv/lib/python3.10/site-packages/ttnn/tt_metal/hw/firmware/src/tt-1xx/ncrisc.cc,
3,9,7,TRISC_0,8413,11018334782122,0,2051,,,TRISC-FW,ZONE_START,136,/home/ekaterina_kuzmina1/tenstorrent/.venv/lib/python3.10/site-packages/ttnn/tt_metal/hw/firmware/src/tt-1xx/trisc.cc,
3,9,7,TRISC_0,360,11018334782521,0,2051,,,TRISC-KERNEL,ZONE_START,62,/home/ekaterina_kuzmina1/tenstorrent/.venv/lib/python3.10/site-packages/ttnn/tt_metal/hw/firmware/src/tt-1xx/trisck.cc,
3,9,7,TRISC_0,360,11018335286076,0,2051,,,TRISC-KERNEL,ZONE_END,62,/home/ekaterina_kuzmina1/tenstorrent/.venv/lib/python3.10/site-packages/ttnn/tt_metal/hw/firmware/src/tt-1xx/trisck.cc,
3,9,7,TRISC_0,8413,11018335286814,0,2051,,,TRISC-FW,ZONE_END,136,/home/ekaterina_kuzmina1/tenstorrent/.venv/lib/python3.10/site-packages/ttnn/tt_metal/hw/firmware/src/tt-1xx/trisc.cc,
3,9,7,TRISC_0,8413,11019124110614,0,4099,,,TRISC-FW,ZONE_START,136,/home/ekaterina_kuzmina1/tenstorrent/.venv/lib/python3.10/site-packages/ttnn/tt_metal/hw/firmware/src/tt-1xx/trisc.cc,
3,9,7,TRISC_0,360,11019124110955,0,4099,,,TRISC-KERNEL,ZONE_START,62,/home/ekaterina_kuzmina1/tenstorrent/.venv/lib/python3.10/site-packages/ttnn/tt_metal/hw/firmware/src/tt-1xx/trisck.cc,
3,9,7,TRISC_0,360,11019124273819,0,4099,,,TRISC-KERNEL,ZONE_END,62,/home/ekaterina_kuzmina1/tenstorrent/.venv/lib/python3.10/site-packages/ttnn/tt_metal/hw/firmware/src/tt-1xx/trisck.cc,
3,9,7,TRISC_0,8413,11019124273862,0,4099,,,TRISC-FW,ZONE_END,136,/home/ekaterina_kuzmina1/tenstorrent/.venv/lib/python3.10/site-packages/ttnn/tt_metal/hw/firmware/src/tt-1xx/trisc.cc,
3,9,7,TRISC_1,8413,11018334782131,0,2051,,,TRISC-FW,ZONE_START,136,/home/ekaterina_kuzmina1/tenstorrent/.venv/lib/python3.10/site-packages/ttnn/tt_metal/hw/firmware/src/tt-1xx/trisc.cc,
3,9,7,TRISC_1,360,11018334782481,0,2051,,,TRISC-KERNEL,ZONE_START,62,/home/ekaterina_kuzmina1/tenstorrent/.venv/lib/python3.10/site-packages/ttnn/tt_metal/hw/firmware/src/tt-1xx/trisck.cc,
3,9,7,TRISC_1,360,11018335286868,0,2051,,,TRISC-KERNEL,ZONE_END,62,/home/ekaterina_kuzmina1/tenstorrent/.venv/lib/python3.10/site-packages/ttnn/tt_metal/hw/firmware/src/tt-1xx/trisck.cc,
3,9,7,TRISC_1,8413,11018335286926,0,2051,,,TRISC-FW,ZONE_END,136,/home/ekaterina_kuzmina1/tenstorrent/.venv/lib/python3.10/site-packages/ttnn/tt_metal/hw/firmware/src/tt-1xx/trisc.cc,
3,9,7,TRISC_1,8413,11019124110615,0,4099,,,TRISC-FW,ZONE_START,136,/home/ekaterina_kuzmina1/tenstorrent/.venv/lib/python3.10/site-packages/ttnn/tt_metal/hw/firmware/src/tt-1xx/trisc.cc,
3,9,7,TRISC_1,360,11019124110795,0,4099,,,TRISC-KERNEL,ZONE_START,62,/home/ekaterina_kuzmina1/tenstorrent/.venv/lib/python3.10/site-packages/ttnn/tt_metal/hw/firmware/src/tt-1xx/trisck.cc,
3,9,7,TRISC_1,360,11019124272065,0,4099,,,TRISC-KERNEL,ZONE_END,62,/home/ekaterina_kuzmina1/tenstorrent/.venv/lib/python3.10/site-packages/ttnn/tt_metal/hw/firmware/src/tt-1xx/trisck.cc,
3,9,7,TRISC_1,8413,11019124273842,0,4099,,,TRISC-FW,ZONE_END,136,/home/ekaterina_kuzmina1/tenstorrent/.venv/lib/python3.10/site-packages/ttnn/tt_metal/hw/firmware/src/tt-1xx/trisc.cc,
3,9,7,TRISC_2,8413,11018334782144,0,2051,,,TRISC-FW,ZONE_START,136,/home/ekaterina_kuzmina1/tenstorrent/.venv/lib/python3.10/site-packages/ttnn/tt_metal/hw/firmware/src/tt-1xx/trisc.cc,
3,9,7,TRISC_2,360,11018334782533,0,2051,,,TRISC-KERNEL,ZONE_START,62,/home/ekaterina_kuzmina1/tenstorrent/.venv/lib/python3.10/site-packages/ttnn/tt_metal/hw/firmware/src/tt-1xx/trisck.cc,
3,9,7,TRISC_2,360,11018335286985,0,2051,,,TRISC-KERNEL,ZONE_END,62,/home/ekaterina_kuzmina1/tenstorrent/.venv/lib/python3.10/site-packages/ttnn/tt_metal/hw/firmware/src/tt-1xx/trisck.cc,
3,9,7,TRISC_2,8413,11018335287217,0,2051,,,TRISC-FW,ZONE_END,136,/home/ekaterina_kuzmina1/tenstorrent/.venv/lib/python3.10/site-packages/ttnn/tt_metal/hw/firmware/src/tt-1xx/trisc.cc,
3,9,7,TRISC_2,8413,11019124110617,0,4099,,,TRISC-FW,ZONE_START,136,/home/ekaterina_kuzmina1/tenstorrent/.venv/lib/python3.10/site-packages/ttnn/tt_metal/hw/firmware/src/tt-1xx/trisc.cc,
3,9,7,TRISC_2,360,11019124110948,0,4099,,,TRISC-KERNEL,ZONE_START,62,/home/ekaterina_kuzmina1/tenstorrent/.venv/lib/python3.10/site-packages/ttnn/tt_metal/hw/firmware/src/tt-1xx/trisck.cc,
3,9,7,TRISC_2,360,11019124273085,0,4099,,,TRISC-KERNEL,ZONE_END,62,/home/ekaterina_kuzmina1/tenstorrent/.venv/lib/python3.10/site-packages/ttnn/tt_metal/hw/firmware/src/tt-1xx/trisck.cc,
3,9,7,TRISC_2,8413,11019124273952,0,4099,,,TRISC-FW,ZONE_END,136,/home/ekaterina_kuzmina1/tenstorrent/.venv/lib/python3.10/site-packages/ttnn/tt_metal/hw/firmware/src/tt-1xx/trisc.cc,
3,9,8,BRISC,61457,11018334781865,0,2051,,,BRISC-FW,ZONE_START,412,/home/ekaterina_kuzmina1/tenstorrent/.venv/lib/python3.10/site-packages/ttnn/tt_metal/hw/firmware/src/tt-1xx/brisc.cc,
3,9,8,BRISC,63326,11018334782644,0,2051,,,BRISC-KERNEL,ZONE_START,64,/home/ekaterina_kuzmina1/tenstorrent/.venv/lib/python3.10/site-packages/ttnn/tt_metal/hw/firmware/src/tt-1xx/brisck.cc,
3,9,8,BRISC,63326,11018335287321,0,2051,,,BRISC-KERNEL,ZONE_END,64,/home/ekaterina_kuzmina1/tenstorrent/.venv/lib/python3.10/site-packages/ttnn/tt_metal/hw/firmware/src/tt-1xx/brisck.cc,
3,9,8,BRISC,61457,11018335287509,0,2051,,,BRISC-FW,ZONE_END,412,/home/ekaterina_kuzmina1/tenstorrent/.venv/lib/python3.10/site-packages/ttnn/tt_metal/hw/firmware/src/tt-1xx/brisc.cc,
3,9,8,BRISC,61457,11018391680730,0,3075,,,BRISC-FW,ZONE_START,412,/home/ekaterina_kuzmina1/tenstorrent/.venv/lib/python3.10/site-packages/ttnn/tt_metal/hw/firmware/src/tt-1xx/brisc.cc,
3,9,8,BRISC,63326,11018391681441,0,3075,,,BRISC-KERNEL,ZONE_START,64,/home/ekaterina_kuzmina1/tenstorrent/.venv/lib/python3.10/site-packages/ttnn/tt_metal/hw/firmware/src/tt-1xx/brisck.cc,
3,9,8,BRISC,63326,11018392289851,0,3075,,,BRISC-KERNEL,ZONE_END,64,/home/ekaterina_kuzmina1/tenstorrent/.venv/lib/python3.10/site-packages/ttnn/tt_metal/hw/firmware/src/tt-1xx/brisck.cc,
3,9,8,BRISC,61457,11018392290030,0,3075,,,BRISC-FW,ZONE_END,412,/home/ekaterina_kuzmina1/tenstorrent/.venv/lib/python3.10/site-packages/ttnn/tt_metal/hw/firmware/src/tt-1xx/brisc.cc,
3,9,8,BRISC,61457,11019124110366,0,4099,,,BRISC-FW,ZONE_START,412,/home/ekaterina_kuzmina1/tenstorrent/.venv/lib/python3.10/site-packages/ttnn/tt_metal/hw/firmware/src/tt-1xx/brisc.cc,
3,9,8,BRISC,63326,11019124111234,0,4099,,,BRISC-KERNEL,ZONE_START,64,/home/ekaterina_kuzmina1/tenstorrent/.venv/lib/python3.10/site-packages/ttnn/tt_metal/hw/firmware/src/tt-1xx/brisck.cc,
3,9,8,BRISC,63326,11019124276112,0,4099,,,BRISC-KERNEL,ZONE_END,64,/home/ekaterina_kuzmina1/tenstorrent/.venv/lib/python3.10/site-packages/ttnn/tt_metal/hw/firmware/src/tt-1xx/brisck.cc,
3,9,8,BRISC,61457,11019124276293,0,4099,,,BRISC-FW,ZONE_END,412,/home/ekaterina_kuzmina1/tenstorrent/.venv/lib/python3.10/site-packages/ttnn/tt_metal/hw/firmware/src/tt-1xx/brisc.cc,
3,9,8,NCRISC,12030,11018334782021,0,2051,,,NCRISC-FW,ZONE_START,123,/home/ekaterina_kuzmina1/tenstorrent/.venv/lib/python3.10/site-packages/ttnn/tt_metal/hw/firmware/src/tt-1xx/ncrisc.cc,
3,9,8,NCRISC,16513,11018334782615,0,2051,,,NCRISC-KERNEL,ZONE_START,63,/home/ekaterina_kuzmina1/tenstorrent/.venv/lib/python3.10/site-packages/ttnn/tt_metal/hw/firmware/src/tt-1xx/ncrisck.cc,
3,9,8,NCRISC,16513,11018335230998,0,2051,,,NCRISC-KERNEL,ZONE_END,63,/home/ekaterina_kuzmina1/tenstorrent/.venv/lib/python3.10/site-packages/ttnn/tt_metal/hw/firmware/src/tt-1xx/ncrisck.cc,
3,9,8,NCRISC,12030,11018335231115,0,2051,,,NCRISC-FW,ZONE_END,123,/home/ekaterina_kuzmina1/tenstorrent/.venv/lib/python3.10/site-packages/ttnn/tt_metal/hw/firmware/src/tt-1xx/ncrisc.cc,
3,9,8,NCRISC,12030,11018391680874,0,3075,,,NCRISC-FW,ZONE_START,123,/home/ekaterina_kuzmina1/tenstorrent/.venv/lib/python3.10/site-packages/ttnn/tt_metal/hw/firmware/src/tt-1xx/ncrisc.cc,
3,9,8,NCRISC,16513,11018391681412,0,3075,,,NCRISC-KERNEL,ZONE_START,63,/home/ekaterina_kuzmina1/tenstorrent/.venv/lib/python3.10/site-packages/ttnn/tt_metal/hw/firmware/src/tt-1xx/ncrisck.cc,
3,9,8,NCRISC,16513,11018392287435,0,3075,,,NCRISC-KERNEL,ZONE_END,63,/home/ekaterina_kuzmina1/tenstorrent/.venv/lib/python3.10/site-packages/ttnn/tt_metal/hw/firmware/src/tt-1xx/ncrisck.cc,
3,9,8,NCRISC,12030,11018392287553,0,3075,,,NCRISC-FW,ZONE_END,123,/home/ekaterina_kuzmina1/tenstorrent/.venv/lib/python3.10/site-packages/ttnn/tt_metal/hw/firmware/src/tt-1xx/ncrisc.cc,
3,9,8,NCRISC,12030,11019124110513,0,4099,,,NCRISC-FW,ZONE_START,123,/home/ekaterina_kuzmina1/tenstorrent/.venv/lib/python3.10/site-packages/ttnn/tt_metal/hw/firmware/src/tt-1xx/ncrisc.cc,
3,9,8,NCRISC,16513,11019124111219,0,4099,,,NCRISC-KERNEL,ZONE_START,63,/home/ekaterina_kuzmina1/tenstorrent/.venv/lib/python3.10/site-packages/ttnn/tt_metal/hw/firmware/src/tt-1xx/ncrisck.cc,
3,9,8,NCRISC,16513,11019124274909,0,4099,,,NCRISC-KERNEL,ZONE_END,63,/home/ekaterina_kuzmina1/tenstorrent/.venv/lib/python3.10/site-packages/ttnn/tt_metal/hw/firmware/src/tt-1xx/ncrisck.cc,
3,9,8,NCRISC,12030,11019124275042,0,4099,,,NCRISC-FW,ZONE_END,123,/home/ekaterina_kuzmina1/tenstorrent/.venv/lib/python3.10/site-packages/ttnn/tt_metal/hw/firmware/src/tt-1xx/ncrisc.cc,
3,9,8,TRISC_0,8413,11018334782115,0,2051,,,TRISC-FW,ZONE_START,136,/home/ekaterina_kuzmina1/tenstorrent/.venv/lib/python3.10/site-packages/ttnn/tt_metal/hw/firmware/src/tt-1xx/trisc.cc,
3,9,8,TRISC_0,360,11018334782495,0,2051,,,TRISC-KERNEL,ZONE_START,62,/home/ekaterina_kuzmina1/tenstorrent/.venv/lib/python3.10/site-packages/ttnn/tt_metal/hw/firmware/src/tt-1xx/trisck.cc,
3,9,8,TRISC_0,360,11018335286103,0,2051,,,TRISC-KERNEL,ZONE_END,62,/home/ekaterina_kuzmina1/tenstorrent/.venv/lib/python3.10/site-packages/ttnn/tt_metal/hw/firmware/src/tt-1xx/trisck.cc,
3,9,8,TRISC_0,8413,11018335286850,0,2051,,,TRISC-FW,ZONE_END,136,/home/ekaterina_kuzmina1/tenstorrent/.venv/lib/python3.10/site-packages/ttnn/tt_metal/hw/firmware/src/tt-1xx/trisc.cc,
3,9,8,TRISC_0,8413,11019124110615,0,4099,,,TRISC-FW,ZONE_START,136,/home/ekaterina_kuzmina1/tenstorrent/.venv/lib/python3.10/site-packages/ttnn/tt_metal/hw/firmware/src/tt-1xx/trisc.cc,
3,9,8,TRISC_0,360,11019124110951,0,4099,,,TRISC-KERNEL,ZONE_START,62,/home/ekaterina_kuzmina1/tenstorrent/.venv/lib/python3.10/site-packages/ttnn/tt_metal/hw/firmware/src/tt-1xx/trisck.cc,
3,9,8,TRISC_0,360,11019124274954,0,4099,,,TRISC-KERNEL,ZONE_END,62,/home/ekaterina_kuzmina1/tenstorrent/.venv/lib/python3.10/site-packages/ttnn/tt_metal/hw/firmware/src/tt-1xx/trisck.cc,
3,9,8,TRISC_0,8413,11019124275002,0,4099,,,TRISC-FW,ZONE_END,136,/home/ekaterina_kuzmina1/tenstorrent/.venv/lib/python3.10/site-packages/ttnn/tt_metal/hw/firmware/src/tt-1xx/trisc.cc,
3,9,8,TRISC_1,8413,11018334782109,0,2051,,,TRISC-FW,ZONE_START,136,/home/ekaterina_kuzmina1/tenstorrent/.venv/lib/python3.10/site-packages/ttnn/tt_metal/hw/firmware/src/tt-1xx/trisc.cc,
3,9,8,TRISC_1,360,11018334782474,0,2051,,,TRISC-KERNEL,ZONE_START,62,/home/ekaterina_kuzmina1/tenstorrent/.venv/lib/python3.10/site-packages/ttnn/tt_metal/hw/firmware/src/tt-1xx/trisck.cc,
3,9,8,TRISC_1,360,11018335286904,0,2051,,,TRISC-KERNEL,ZONE_END,62,/home/ekaterina_kuzmina1/tenstorrent/.venv/lib/python3.10/site-packages/ttnn/tt_metal/hw/firmware/src/tt-1xx/trisck.cc,
3,9,8,TRISC_1,8413,11018335286959,0,2051,,,TRISC-FW,ZONE_END,136,/home/ekaterina_kuzmina1/tenstorrent/.venv/lib/python3.10/site-packages/ttnn/tt_metal/hw/firmware/src/tt-1xx/trisc.cc,
3,9,8,TRISC_1,8413,11019124110619,0,4099,,,TRISC-FW,ZONE_START,136,/home/ekaterina_kuzmina1/tenstorrent/.venv/lib/python3.10/site-packages/ttnn/tt_metal/hw/firmware/src/tt-1xx/trisc.cc,
3,9,8,TRISC_1,360,11019124110815,0,4099,,,TRISC-KERNEL,ZONE_START,62,/home/ekaterina_kuzmina1/tenstorrent/.venv/lib/python3.10/site-packages/ttnn/tt_metal/hw/firmware/src/tt-1xx/trisck.cc,
3,9,8,TRISC_1,360,11019124273519,0,4099,,,TRISC-KERNEL,ZONE_END,62,/home/ekaterina_kuzmina1/tenstorrent/.venv/lib/python3.10/site-packages/ttnn/tt_metal/hw/firmware/src/tt-1xx/trisck.cc,
3,9,8,TRISC_1,8413,11019124274963,0,4099,,,TRISC-FW,ZONE_END,136,/home/ekaterina_kuzmina1/tenstorrent/.venv/lib/python3.10/site-packages/ttnn/tt_metal/hw/firmware/src/tt-1xx/trisc.cc,
3,9,8,TRISC_2,8413,11018334782125,0,2051,,,TRISC-FW,ZONE_START,136,/home/ekaterina_kuzmina1/tenstorrent/.venv/lib/python3.10/site-packages/ttnn/tt_metal/hw/firmware/src/tt-1xx/trisc.cc,
3,9,8,TRISC_2,360,11018334782514,0,2051,,,TRISC-KERNEL,ZONE_START,62,/home/ekaterina_kuzmina1/tenstorrent/.venv/lib/python3.10/site-packages/ttnn/tt_metal/hw/firmware/src/tt-1xx/trisck.cc,
3,9,8,TRISC_2,360,11018335287020,0,2051,,,TRISC-KERNEL,ZONE_END,62,/home/ekaterina_kuzmina1/tenstorrent/.venv/lib/python3.10/site-packages/ttnn/tt_metal/hw/firmware/src/tt-1xx/trisck.cc,
3,9,8,TRISC_2,8413,11018335287261,0,2051,,,TRISC-FW,ZONE_END,136,/home/ekaterina_kuzmina1/tenstorrent/.venv/lib/python3.10/site-packages/ttnn/tt_metal/hw/firmware/src/tt-1xx/trisc.cc,
3,9,8,TRISC_2,8413,11019124110621,0,4099,,,TRISC-FW,ZONE_START,136,/home/ekaterina_kuzmina1/tenstorrent/.venv/lib/python3.10/site-packages/ttnn/tt_metal/hw/firmware/src/tt-1xx/trisc.cc,
3,9,8,TRISC_2,360,11019124110949,0,4099,,,TRISC-KERNEL,ZONE_START,62,/home/ekaterina_kuzmina1/tenstorrent/.venv/lib/python3.10/site-packages/ttnn/tt_metal/hw/firmware/src/tt-1xx/trisck.cc,
3,9,8,TRISC_2,360,11019124274741,0,4099,,,TRISC-KERNEL,ZONE_END,62,/home/ekaterina_kuzmina1/tenstorrent/.venv/lib/python3.10/site-packages/ttnn/tt_metal/hw/firmware/src/tt-1xx/trisck.cc,
3,9,8,TRISC_2,8413,11019124275068,0,4099,,,TRISC-FW,ZONE_END,136,/home/ekaterina_kuzmina1/tenstorrent/.venv/lib/python3.10/site-packages/ttnn/tt_metal/hw/firmware/src/tt-1xx/trisc.cc,
